Pet_Name,Breed,Pet_Type,Age_Years,Weight_kg,Temperature_C,Heartbeat_BPM,Health_Status,Current_Behavior,Recommendation
Toby,Chihuahua,Dog,12,5.9,39.17,129,Normal,Active and Happy,Continue regular monitoring
Lucy,Beagle,Dog,3,3.1,38.68,109,Normal,Active and Happy,Continue regular monitoring
Buddy,Beagle,Dog,6,1.0,38.92,117,Normal,Active and Happy,Continue regular monitoring
Toby,Domestic Shorthair,Cat,3,3.5,39.71,159,Alert,Lethargic or Restless,"Monitor closely, consult vet if persists"
Tiger,Persian,Cat,10,6.6,38.23,126,Normal,Active and Happy,Continue regular monitoring
Lucy,Labrador Retriever,Dog,4,33.0,39.11,101,Normal,Active and Happy,Continue regular monitoring
Ruby,Poodle,Dog,11,18.5,39.85,161,Alert,Lethargic or Restless,"Monitor closely, consult vet if persists"
Milo,Sphynx,Cat,14,10.3,39.06,145,Normal,Calm and Relaxed,Continue regular monitoring
Zoe,Domestic Shorthair,Cat,1,4.9,38.59,136,Normal,Active and Happy,Continue regular monitoring
Buddy,Golden Retriever,Dog,7,22.7,38.37,88,Normal,Active and Happy,Continue regular monitoring
Cooper,Chihuahua,Dog,17,5.9,38.56,115,Normal,Calm and Relaxed,Continue regular monitoring
Daisy,Sphynx,Cat,3,6.6,38.87,150,Normal,Active and Happy,Continue regular monitoring
Cooper,Bulldog,Dog,4,15.7,38.92,102,Normal,Active and Happy,Continue regular monitoring
Bella,Sphynx,Cat,4,6.8,40.09,165,Alert,Lethargic or Restless,"Monitor closely, consult vet if persists"
Toby,Persian,Cat,3,5.0,38.4,126,Normal,Active and Happy,Continue regular monitoring
Simba,Domestic Shorthair,Cat,8,4.4,39.79,134,Alert,Lethargic or Restless,"Monitor closely, consult vet if persists"
Cooper,Labrador Retriever,Dog,1,26.5,38.53,104,Normal,Active and Happy,Continue regular monitoring
Leo,Beagle,Dog,6,7.1,39.03,122,Normal,Active and Happy,Continue regular monitoring
Oscar,Bengal,Cat,17,16.8,38.75,130,Normal,Calm and Relaxed,Continue regular monitoring
Bella,Persian,Cat,3,6.1,38.14,130,Normal,Active and Happy,Continue regular monitoring
Toby,Chihuahua,Dog,17,6.2,38.87,117,Normal,Calm and Relaxed,Continue regular monitoring
Rocky,Chihuahua,Dog,9,4.4,38.91,135,Normal,Active and Happy,Continue regular monitoring
Luna,Bengal,Cat,3,17.6,39.99,149,Alert,Lethargic or Restless,"Monitor closely, consult vet if persists"
Lucy,Siamese,Cat,13,5.5,38.76,123,Normal,Calm and Relaxed,Continue regular monitoring
Ruby,Persian,Cat,2,1.0,36.86,179,Critical,Very Lethargic or Distressed,Immediate veterinary attention needed
Milo,Bulldog,Dog,10,13.1,38.93,130,Normal,Active and Happy,Continue regular monitoring
Tiger,Poodle,Dog,6,19.4,38.65,100,Normal,Active and Happy,Continue regular monitoring
Simba,Domestic Shorthair,Cat,5,7.9,39.21,129,Normal,Active and Happy,Continue regular monitoring
Oscar,Labrador Retriever,Dog,15,29.0,40.8,145,Critical,Very Lethargic or Distressed,Immediate veterinary attention needed
Buddy,Beagle,Dog,2,6.6,38.83,118,Normal,Active and Happy,Continue regular monitoring
Tiger,Siamese,Cat,6,2.4,38.5,138,Normal,Active and Happy,Continue regular monitoring
Coco,Persian,Cat,16,4.1,38.55,130,Normal,Calm and Relaxed,Continue regular monitoring
Zoe,Persian,Cat,7,7.9,38.45,139,Normal,Active and Happy,Continue regular monitoring
Jack,Domestic Shorthair,Cat,2,6.3,38.55,130,Normal,Active and Happy,Continue regular monitoring
Oscar,Persian,Cat,6,5.7,38.07,124,Normal,Active and Happy,Continue regular monitoring
Cooper,Domestic Shorthair,Cat,6,6.6,39.13,148,Normal,Active and Happy,Continue regular monitoring
Milo,Chihuahua,Dog,14,4.8,38.8,116,Normal,Calm and Relaxed,Continue regular monitoring
Luna,Maine Coon,Cat,1,36.7,38.26,113,Normal,Active and Happy,Continue regular monitoring
Molly,Sphynx,Cat,5,5.5,39.6,156,Normal,Active and Happy,Continue regular monitoring
Leo,Golden Retriever,Dog,3,26.3,37.55,168,Alert,Lethargic or Restless,"Monitor closely, consult vet if persists"
Molly,Maine Coon,Cat,13,28.0,38.1,130,Normal,Calm and Relaxed,Continue regular monitoring
Toby,German Shepherd,Dog,3,40.6,38.68,99,Normal,Active and Happy,Continue regular monitoring
Molly,Bulldog,Dog,7,20.9,38.91,89,Normal,Active and Happy,Continue regular monitoring
Jack,Ragdoll,Cat,13,31.6,38.61,108,Normal,Calm and Relaxed,Continue regular monitoring
Milo,Labrador Retriever,Dog,2,29.8,38.21,95,Normal,Active and Happy,Continue regular monitoring
Lucy,Siamese,Cat,9,4.6,38.99,111,Normal,Active and Happy,Continue regular monitoring
Oscar,Golden Retriever,Dog,13,40.2,38.43,100,Normal,Calm and Relaxed,Continue regular monitoring
Charlie,Persian,Cat,1,4.1,37.96,129,Normal,Active and Happy,Continue regular monitoring
Jack,Ragdoll,Cat,9,26.7,40.79,143,Critical,Very Lethargic or Distressed,Immediate veterinary attention needed
Cooper,Beagle,Dog,9,1.0,38.73,117,Normal,Active and Happy,Continue regular monitoring
Rocky,Beagle,Dog,15,1.0,40.53,164,Alert,Lethargic or Restless,"Monitor closely, consult vet if persists"
Bella,Ragdoll,Cat,8,40.9,38.66,128,Normal,Active and Happy,Continue regular monitoring
Cooper,Beagle,Dog,8,2.1,39.58,149,Alert,Lethargic or Restless,"Monitor closely, consult vet if persists"
Leo,Ragdoll,Cat,3,28.3,38.49,119,Normal,Active and Happy,Continue regular monitoring
Toby,Domestic Shorthair,Cat,9,6.7,38.88,124,Normal,Active and Happy,Continue regular monitoring
Buddy,Persian,Cat,6,1.0,39.03,168,Alert,Lethargic or Restless,"Monitor closely, consult vet if persists"
Coco,Poodle,Dog,13,17.4,38.71,109,Normal,Calm and Relaxed,Continue regular monitoring
Charlie,Labrador Retriever,Dog,10,37.7,40.44,147,Critical,Very Lethargic or Distressed,Immediate veterinary attention needed
Milo,Siamese,Cat,4,1.0,38.54,110,Normal,Active and Happy,Continue regular monitoring
Zoe,Bulldog,Dog,3,16.8,40.22,172,Alert,Lethargic or Restless,"Monitor closely, consult vet if persists"
Rocky,German Shepherd,Dog,11,20.1,38.64,88,Normal,Active and Happy,Continue regular monitoring
Coco,Labrador Retriever,Dog,9,42.2,40.45,184,Critical,Very Lethargic or Distressed,Immediate veterinary attention needed
Buddy,Golden Retriever,Dog,7,32.1,40.62,190,Critical,Very Lethargic or Distressed,Immediate veterinary attention needed
Rocky,Beagle,Dog,10,5.6,38.67,107,Normal,Active and Happy,Continue regular monitoring
Zoe,Ragdoll,Cat,1,38.5,38.86,123,Normal,Active and Happy,Continue regular monitoring
Charlie,German Shepherd,Dog,1,24.0,38.81,91,Normal,Active and Happy,Continue regular monitoring
Oscar,Persian,Cat,7,6.3,37.87,175,Alert,Lethargic or Restless,"Monitor closely, consult vet if persists"
Simba,Sphynx,Cat,2,1.5,39.45,140,Normal,Active and Happy,Continue regular monitoring
Rocky,Domestic Shorthair,Cat,14,4.6,40.23,132,Alert,Lethargic or Restless,"Monitor closely, consult vet if persists"
Coco,Sphynx,Cat,3,7.4,39.62,128,Normal,Active and Happy,Continue regular monitoring
Molly,Bengal,Cat,8,11.2,40.4,161,Alert,Lethargic or Restless,"Monitor closely, consult vet if persists"
Jack,Golden Retriever,Dog,11,32.8,38.53,79,Normal,Active and Happy,Continue regular monitoring
Tiger,Maine Coon,Cat,9,29.7,38.17,107,Normal,Active and Happy,Continue regular monitoring
Oscar,Ragdoll,Cat,1,30.3,38.59,120,Normal,Active and Happy,Continue regular monitoring
Tiger,Siamese,Cat,7,8.6,38.7,138,Normal,Active and Happy,Continue regular monitoring
Simba,Bengal,Cat,2,17.4,38.43,132,Normal,Active and Happy,Continue regular monitoring
Cooper,Persian,Cat,7,2.9,38.32,146,Normal,Active and Happy,Continue regular monitoring
Luna,Golden Retriever,Dog,4,37.1,38.85,95,Normal,Active and Happy,Continue regular monitoring
Leo,Labrador Retriever,Dog,9,35.7,38.49,89,Normal,Active and Happy,Continue regular monitoring
Cooper,Poodle,Dog,14,6.8,38.61,88,Normal,Calm and Relaxed,Continue regular monitoring
Coco,Bulldog,Dog,8,2.5,37.61,177,Critical,Very Lethargic or Distressed,Immediate veterinary attention needed
Simba,Bulldog,Dog,10,14.6,38.96,105,Normal,Active and Happy,Continue regular monitoring
Simba,German Shepherd,Dog,3,26.6,40.7,172,Critical,Very Lethargic or Distressed,Immediate veterinary attention needed
Simba,Domestic Shorthair,Cat,15,3.4,38.42,127,Normal,Calm and Relaxed,Continue regular monitoring
Zoe,Bulldog,Dog,1,11.3,38.37,85,Normal,Active and Happy,Continue regular monitoring
Max,Siamese,Cat,5,5.5,38.64,119,Normal,Active and Happy,Continue regular monitoring
Charlie,Poodle,Dog,1,17.3,38.83,94,Normal,Active and Happy,Continue regular monitoring
Milo,Labrador Retriever,Dog,13,20.1,37.48,143,Alert,Lethargic or Restless,"Monitor closely, consult vet if persists"
Charlie,Sphynx,Cat,5,6.3,37.41,220,Critical,Very Lethargic or Distressed,Immediate veterinary attention needed
Daisy,Siamese,Cat,17,6.6,38.86,116,Normal,Calm and Relaxed,Continue regular monitoring
Oscar,Labrador Retriever,Dog,16,24.0,38.56,62,Normal,Calm and Relaxed,Continue regular monitoring
Daisy,Golden Retriever,Dog,11,41.5,38.65,102,Normal,Active and Happy,Continue regular monitoring
Daisy,Bulldog,Dog,6,19.1,38.1,159,Alert,Lethargic or Restless,"Monitor closely, consult vet if persists"
Rocky,Beagle,Dog,6,3.2,38.64,93,Normal,Active and Happy,Continue regular monitoring
Simba,Bulldog,Dog,14,2.1,37.82,164,Alert,Lethargic or Restless,"Monitor closely, consult vet if persists"
Coco,Maine Coon,Cat,4,46.0,38.38,128,Normal,Active and Happy,Continue regular monitoring
Simba,Siamese,Cat,8,9.9,38.68,147,Normal,Active and Happy,Continue regular monitoring
Cooper,Siamese,Cat,11,6.2,39.61,152,Alert,Lethargic or Restless,"Monitor closely, consult vet if persists"
Buddy,Bulldog,Dog,16,17.7,38.53,87,Normal,Calm and Relaxed,Continue regular monitoring
Luna,Persian,Cat,4,6.3,38.4,136,Normal,Active and Happy,Continue regular monitoring
Max,German Shepherd,Dog,17,27.9,38.3,84,Normal,Calm and Relaxed,Continue regular monitoring
Buddy,Poodle,Dog,6,8.4,38.72,85,Normal,Active and Happy,Continue regular monitoring
Toby,Labrador Retriever,Dog,4,23.6,40.43,146,Critical,Very Lethargic or Distressed,Immediate veterinary attention needed
Jack,Chihuahua,Dog,3,5.3,39.35,124,Normal,Active and Happy,Continue regular monitoring
Molly,Ragdoll,Cat,2,38.3,38.35,104,Normal,Active and Happy,Continue regular monitoring
Bella,Sphynx,Cat,13,10.6,38.87,127,Normal,Calm and Relaxed,Continue regular monitoring
Max,Sphynx,Cat,7,4.5,39.35,132,Normal,Active and Happy,Continue regular monitoring
Milo,Ragdoll,Cat,5,25.0,38.31,127,Normal,Active and Happy,Continue regular monitoring
Charlie,German Shepherd,Dog,8,16.5,38.42,103,Normal,Active and Happy,Continue regular monitoring
Jack,Beagle,Dog,3,6.5,38.98,113,Normal,Active and Happy,Continue regular monitoring
Toby,Beagle,Dog,2,4.3,39.97,150,Alert,Lethargic or Restless,"Monitor closely, consult vet if persists"
Leo,Beagle,Dog,6,7.5,37.96,160,Alert,Lethargic or Restless,"Monitor closely, consult vet if persists"
Oscar,Chihuahua,Dog,1,5.6,38.56,123,Normal,Active and Happy,Continue regular monitoring
Tiger,Bengal,Cat,11,12.9,40.98,190,Critical,Very Lethargic or Distressed,Immediate veterinary attention needed
Rocky,Beagle,Dog,6,4.7,38.66,109,Normal,Active and Happy,Continue regular monitoring
Bella,Poodle,Dog,11,16.6,38.5,105,Normal,Active and Happy,Continue regular monitoring
Oscar,Ragdoll,Cat,2,34.1,38.4,105,Normal,Active and Happy,Continue regular monitoring
Coco,Beagle,Dog,4,6.2,37.71,199,Alert,Lethargic or Restless,"Monitor closely, consult vet if persists"
Cooper,Siamese,Cat,4,2.5,39.84,152,Alert,Lethargic or Restless,"Monitor closely, consult vet if persists"
Luna,Persian,Cat,1,9.6,38.32,148,Normal,Active and Happy,Continue regular monitoring
Charlie,Chihuahua,Dog,14,7.0,40.56,199,Critical,Very Lethargic or Distressed,Immediate veterinary attention needed
Molly,Domestic Shorthair,Cat,17,8.9,38.81,134,Normal,Calm and Relaxed,Continue regular monitoring
Milo,Poodle,Dog,9,21.8,38.91,96,Normal,Active and Happy,Continue regular monitoring
Oscar,Chihuahua,Dog,5,5.2,38.75,126,Normal,Active and Happy,Continue regular monitoring
Luna,Chihuahua,Dog,8,7.3,40.08,158,Alert,Lethargic or Restless,"Monitor closely, consult vet if persists"
Zoe,Domestic Shorthair,Cat,5,6.0,38.23,117,Normal,Active and Happy,Continue regular monitoring
Simba,Chihuahua,Dog,13,3.7,39.11,127,Normal,Calm and Relaxed,Continue regular monitoring
Max,Sphynx,Cat,2,6.8,39.17,150,Normal,Active and Happy,Continue regular monitoring
Daisy,Golden Retriever,Dog,1,25.9,38.05,85,Normal,Active and Happy,Continue regular monitoring
Toby,Chihuahua,Dog,15,7.9,38.53,122,Normal,Calm and Relaxed,Continue regular monitoring
Lucy,German Shepherd,Dog,14,29.7,38.65,74,Normal,Calm and Relaxed,Continue regular monitoring
Cooper,Maine Coon,Cat,12,35.5,38.52,122,Normal,Active and Happy,Continue regular monitoring
Daisy,German Shepherd,Dog,12,39.1,38.53,88,Normal,Active and Happy,Continue regular monitoring
Oscar,Persian,Cat,17,4.0,38.73,119,Normal,Calm and Relaxed,Continue regular monitoring
Oscar,Sphynx,Cat,3,3.6,39.01,155,Normal,Active and Happy,Continue regular monitoring
Coco,German Shepherd,Dog,12,44.4,38.48,89,Normal,Active and Happy,Continue regular monitoring
Leo,German Shepherd,Dog,8,31.0,38.65,87,Normal,Active and Happy,Continue regular monitoring
Bella,German Shepherd,Dog,17,30.8,37.9,76,Normal,Calm and Relaxed,Continue regular monitoring
Jack,Ragdoll,Cat,17,34.4,40.31,161,Alert,Lethargic or Restless,"Monitor closely, consult vet if persists"
Buddy,Domestic Shorthair,Cat,9,5.1,38.71,123,Normal,Active and Happy,Continue regular monitoring
Daisy,Domestic Shorthair,Cat,14,4.7,38.68,118,Normal,Calm and Relaxed,Continue regular monitoring
Max,Bulldog,Dog,14,17.5,38.93,76,Normal,Calm and Relaxed,Continue regular monitoring
Max,Siamese,Cat,8,4.6,38.69,129,Normal,Active and Happy,Continue regular monitoring
Simba,German Shepherd,Dog,14,27.4,37.8,125,Alert,Lethargic or Restless,"Monitor closely, consult vet if persists"
Rocky,Labrador Retriever,Dog,6,26.2,39.84,145,Alert,Lethargic or Restless,"Monitor closely, consult vet if persists"
Coco,Chihuahua,Dog,16,3.9,39.05,135,Normal,Calm and Relaxed,Continue regular monitoring
Max,Maine Coon,Cat,4,18.4,37.91,126,Normal,Active and Happy,Continue regular monitoring
Max,Bulldog,Dog,13,19.9,38.76,83,Normal,Calm and Relaxed,Continue regular monitoring
Simba,Beagle,Dog,4,1.9,37.19,175,Critical,Very Lethargic or Distressed,Immediate veterinary attention needed
Charlie,Ragdoll,Cat,9,32.8,40.45,125,Alert,Lethargic or Restless,"Monitor closely, consult vet if persists"
Tiger,Domestic Shorthair,Cat,5,4.7,38.41,135,Normal,Active and Happy,Continue regular monitoring
Charlie,Maine Coon,Cat,9,27.9,38.68,135,Normal,Active and Happy,Continue regular monitoring
Lucy,Bulldog,Dog,9,17.2,38.6,85,Normal,Active and Happy,Continue regular monitoring
Oscar,Ragdoll,Cat,2,45.7,38.62,119,Normal,Active and Happy,Continue regular monitoring
Coco,Poodle,Dog,1,19.7,38.87,101,Normal,Active and Happy,Continue regular monitoring
Toby,Poodle,Dog,8,10.4,38.74,79,Normal,Active and Happy,Continue regular monitoring
Luna,Labrador Retriever,Dog,1,26.2,38.77,99,Normal,Active and Happy,Continue regular monitoring
Leo,Maine Coon,Cat,3,34.4,39.94,172,Alert,Lethargic or Restless,"Monitor closely, consult vet if persists"
Ruby,Persian,Cat,17,6.8,38.58,126,Normal,Calm and Relaxed,Continue regular monitoring
Charlie,Maine Coon,Cat,2,37.6,38.22,115,Normal,Active and Happy,Continue regular monitoring
Jack,Ragdoll,Cat,7,43.4,39.64,157,Alert,Lethargic or Restless,"Monitor closely, consult vet if persists"
Charlie,Bengal,Cat,3,5.0,38.7,113,Normal,Active and Happy,Continue regular monitoring
Toby,Sphynx,Cat,4,11.2,39.22,135,Normal,Active and Happy,Continue regular monitoring
Lucy,German Shepherd,Dog,11,30.6,39.42,116,Alert,Lethargic or Restless,"Monitor closely, consult vet if persists"
Milo,German Shepherd,Dog,10,33.2,36.99,166,Critical,Very Lethargic or Distressed,Immediate veterinary attention needed
Luna,Ragdoll,Cat,8,27.7,38.41,122,Normal,Active and Happy,Continue regular monitoring
Max,Labrador Retriever,Dog,14,38.9,38.41,84,Normal,Calm and Relaxed,Continue regular monitoring
Rocky,Bengal,Cat,9,17.4,38.88,116,Normal,Active and Happy,Continue regular monitoring
Toby,Labrador Retriever,Dog,5,34.0,39.15,156,Alert,Lethargic or Restless,"Monitor closely, consult vet if persists"
Leo,Poodle,Dog,4,14.2,38.71,93,Normal,Active and Happy,Continue regular monitoring
Buddy,Bulldog,Dog,6,16.0,38.62,95,Normal,Active and Happy,Continue regular monitoring
Coco,Bengal,Cat,9,2.7,38.72,140,Normal,Active and Happy,Continue regular monitoring
Ruby,Bengal,Cat,6,20.5,38.54,132,Normal,Active and Happy,Continue regular monitoring
Cooper,Poodle,Dog,16,11.7,38.69,115,Normal,Calm and Relaxed,Continue regular monitoring
Milo,Labrador Retriever,Dog,10,38.8,38.79,79,Normal,Active and Happy,Continue regular monitoring
Luna,Beagle,Dog,2,8.3,37.38,186,Critical,Very Lethargic or Distressed,Immediate veterinary attention needed
Luna,Ragdoll,Cat,9,32.4,39.46,163,Alert,Lethargic or Restless,"Monitor closely, consult vet if persists"
Luna,Ragdoll,Cat,1,28.9,38.52,120,Normal,Active and Happy,Continue regular monitoring
Leo,Labrador Retriever,Dog,5,37.0,38.12,68,Normal,Active and Happy,Continue regular monitoring
Coco,Poodle,Dog,2,23.8,38.9,96,Normal,Active and Happy,Continue regular monitoring
Bella,German Shepherd,Dog,14,20.7,38.29,95,Normal,Calm and Relaxed,Continue regular monitoring
Molly,Bengal,Cat,2,27.2,39.82,183,Alert,Lethargic or Restless,"Monitor closely, consult vet if persists"
Simba,Beagle,Dog,3,3.5,38.74,106,Normal,Active and Happy,Continue regular monitoring
Simba,Bengal,Cat,8,10.1,39.05,137,Normal,Active and Happy,Continue regular monitoring
Zoe,Labrador Retriever,Dog,9,21.5,39.82,131,Alert,Lethargic or Restless,"Monitor closely, consult vet if persists"
Rocky,Labrador Retriever,Dog,8,22.8,37.17,187,Critical,Very Lethargic or Distressed,Immediate veterinary attention needed
Zoe,Siamese,Cat,7,5.5,39.1,135,Normal,Active and Happy,Continue regular monitoring
Rocky,Siamese,Cat,17,7.3,38.48,114,Normal,Calm and Relaxed,Continue regular monitoring
Jack,Siamese,Cat,16,3.7,38.71,147,Normal,Calm and Relaxed,Continue regular monitoring
Charlie,Labrador Retriever,Dog,10,20.1,38.79,106,Normal,Active and Happy,Continue regular monitoring
Rocky,Bengal,Cat,9,16.6,38.75,121,Normal,Active and Happy,Continue regular monitoring
Daisy,Poodle,Dog,12,23.2,37.39,159,Critical,Very Lethargic or Distressed,Immediate veterinary attention needed
Daisy,Maine Coon,Cat,13,25.3,38.15,109,Normal,Calm and Relaxed,Continue regular monitoring
Max,Labrador Retriever,Dog,5,28.4,38.89,98,Normal,Active and Happy,Continue regular monitoring
Charlie,Domestic Shorthair,Cat,2,8.3,38.73,130,Normal,Active and Happy,Continue regular monitoring
Cooper,Bulldog,Dog,9,11.6,38.49,81,Normal,Active and Happy,Continue regular monitoring
Molly,Chihuahua,Dog,8,3.9,38.62,142,Normal,Active and Happy,Continue regular monitoring
Toby,Beagle,Dog,2,5.3,40.05,196,Alert,Lethargic or Restless,"Monitor closely, consult vet if persists"
Max,Bulldog,Dog,4,9.6,38.62,81,Normal,Active and Happy,Continue regular monitoring
Lucy,Bulldog,Dog,15,17.5,37.42,163,Critical,Very Lethargic or Distressed,Immediate veterinary attention needed
Rocky,Golden Retriever,Dog,15,27.1,39.66,145,Alert,Lethargic or Restless,"Monitor closely, consult vet if persists"
Buddy,German Shepherd,Dog,15,31.0,38.66,83,Normal,Calm and Relaxed,Continue regular monitoring
Zoe,Poodle,Dog,8,19.8,38.02,102,Normal,Active and Happy,Continue regular monitoring
Toby,Sphynx,Cat,6,3.1,39.16,137,Normal,Active and Happy,Continue regular monitoring
Jack,Chihuahua,Dog,5,4.6,39.2,124,Normal,Active and Happy,Continue regular monitoring
Tiger,Persian,Cat,1,4.2,38.14,139,Normal,Active and Happy,Continue regular monitoring
Lucy,Bulldog,Dog,7,19.4,38.93,87,Normal,Active and Happy,Continue regular monitoring
Tiger,Bengal,Cat,6,21.7,37.33,159,Critical,Very Lethargic or Distressed,Immediate veterinary attention needed
Simba,Poodle,Dog,7,15.5,38.48,99,Normal,Active and Happy,Continue regular monitoring
Oscar,Golden Retriever,Dog,5,34.6,37.36,139,Alert,Lethargic or Restless,"Monitor closely, consult vet if persists"
Molly,Bulldog,Dog,17,17.2,40.36,149,Alert,Lethargic or Restless,"Monitor closely, consult vet if persists"
Buddy,Persian,Cat,17,3.5,38.43,134,Normal,Calm and Relaxed,Continue regular monitoring
Max,Bengal,Cat,6,21.5,39.06,118,Normal,Active and Happy,Continue regular monitoring
Buddy,Domestic Shorthair,Cat,8,5.1,38.7,125,Normal,Active and Happy,Continue regular monitoring
Jack,Ragdoll,Cat,8,30.1,38.44,122,Normal,Active and Happy,Continue regular monitoring
Simba,Bulldog,Dog,12,14.9,39.04,107,Normal,Active and Happy,Continue regular monitoring
Bella,Maine Coon,Cat,1,38.0,38.2,107,Normal,Active and Happy,Continue regular monitoring
Lucy,Labrador Retriever,Dog,9,26.0,38.43,90,Normal,Active and Happy,Continue regular monitoring
Rocky,German Shepherd,Dog,13,21.9,38.59,85,Normal,Calm and Relaxed,Continue regular monitoring
Max,Domestic Shorthair,Cat,1,6.7,36.99,140,Critical,Very Lethargic or Distressed,Immediate veterinary attention needed
Ruby,Domestic Shorthair,Cat,15,5.4,38.75,112,Normal,Calm and Relaxed,Continue regular monitoring
Oscar,Chihuahua,Dog,2,7.3,38.97,145,Normal,Active and Happy,Continue regular monitoring
Leo,Chihuahua,Dog,6,3.3,39.08,124,Normal,Active and Happy,Continue regular monitoring
Simba,Beagle,Dog,2,5.6,39.05,115,Normal,Active and Happy,Continue regular monitoring
Coco,Ragdoll,Cat,10,14.8,38.57,127,Normal,Active and Happy,Continue regular monitoring
Cooper,Persian,Cat,8,5.8,38.41,121,Normal,Active and Happy,Continue regular monitoring
Max,Maine Coon,Cat,5,35.8,38.64,131,Normal,Active and Happy,Continue regular monitoring
Lucy,Bulldog,Dog,6,12.0,38.07,161,Alert,Lethargic or Restless,"Monitor closely, consult vet if persists"
Coco,Bulldog,Dog,16,18.6,37.29,199,Critical,Very Lethargic or Distressed,Immediate veterinary attention needed
Charlie,Siamese,Cat,6,4.2,38.34,142,Normal,Active and Happy,Continue regular monitoring
Zoe,Persian,Cat,7,5.1,37.82,171,Alert,Lethargic or Restless,"Monitor closely, consult vet if persists"
Max,Siamese,Cat,3,3.0,38.65,143,Normal,Active and Happy,Continue regular monitoring
Jack,Sphynx,Cat,6,6.1,39.05,130,Normal,Active and Happy,Continue regular monitoring
Buddy,Labrador Retriever,Dog,4,27.6,38.67,96,Normal,Active and Happy,Continue regular monitoring
Zoe,Persian,Cat,6,7.4,38.57,141,Normal,Active and Happy,Continue regular monitoring
Daisy,Bengal,Cat,5,13.5,38.47,118,Normal,Active and Happy,Continue regular monitoring
Coco,Ragdoll,Cat,6,31.1,38.2,130,Normal,Active and Happy,Continue regular monitoring
Cooper,Ragdoll,Cat,5,28.4,38.33,119,Normal,Active and Happy,Continue regular monitoring
Daisy,Bulldog,Dog,12,23.3,37.81,135,Alert,Lethargic or Restless,"Monitor closely, consult vet if persists"
Lucy,Bulldog,Dog,8,16.5,38.6,91,Normal,Active and Happy,Continue regular monitoring
Tiger,Golden Retriever,Dog,6,39.3,38.5,91,Normal,Active and Happy,Continue regular monitoring
Toby,Bengal,Cat,9,14.2,38.96,122,Normal,Active and Happy,Continue regular monitoring
Simba,Poodle,Dog,8,9.7,39.94,157,Alert,Lethargic or Restless,"Monitor closely, consult vet if persists"
Cooper,Sphynx,Cat,11,6.1,38.98,146,Normal,Active and Happy,Continue regular monitoring
Jack,Labrador Retriever,Dog,5,17.1,38.78,85,Normal,Active and Happy,Continue regular monitoring
Daisy,Maine Coon,Cat,1,25.7,38.29,121,Normal,Active and Happy,Continue regular monitoring
Oscar,Poodle,Dog,6,17.8,38.61,104,Normal,Active and Happy,Continue regular monitoring
Max,Persian,Cat,3,3.2,38.31,130,Normal,Active and Happy,Continue regular monitoring
Bella,Siamese,Cat,11,1.0,39.79,171,Alert,Lethargic or Restless,"Monitor closely, consult vet if persists"
Milo,Siamese,Cat,15,6.6,38.97,128,Normal,Calm and Relaxed,Continue regular monitoring
Max,Labrador Retriever,Dog,3,30.7,38.73,92,Normal,Active and Happy,Continue regular monitoring
Ruby,Persian,Cat,5,3.5,36.55,184,Critical,Very Lethargic or Distressed,Immediate veterinary attention needed
Luna,Domestic Shorthair,Cat,5,7.1,38.37,130,Normal,Active and Happy,Continue regular monitoring
Toby,Domestic Shorthair,Cat,2,6.9,38.58,125,Normal,Active and Happy,Continue regular monitoring
Cooper,Siamese,Cat,17,4.6,38.42,125,Normal,Calm and Relaxed,Continue regular monitoring
Zoe,Labrador Retriever,Dog,14,41.3,39.54,140,Alert,Lethargic or Restless,"Monitor closely, consult vet if persists"
Charlie,Beagle,Dog,9,4.0,38.91,119,Normal,Active and Happy,Continue regular monitoring
Jack,Poodle,Dog,10,13.8,38.67,113,Normal,Active and Happy,Continue regular monitoring
Max,Beagle,Dog,13,3.0,39.85,151,Alert,Lethargic or Restless,"Monitor closely, consult vet if persists"
Max,Bulldog,Dog,2,13.2,39.54,168,Alert,Lethargic or Restless,"Monitor closely, consult vet if persists"
Leo,Beagle,Dog,3,4.4,38.66,105,Normal,Active and Happy,Continue regular monitoring
Buddy,Bulldog,Dog,16,17.5,38.97,91,Normal,Calm and Relaxed,Continue regular monitoring
Simba,Poodle,Dog,3,12.5,40.33,160,Alert,Lethargic or Restless,"Monitor closely, consult vet if persists"
Zoe,Domestic Shorthair,Cat,12,3.8,40.11,183,Critical,Very Lethargic or Distressed,Immediate veterinary attention needed
Tiger,Siamese,Cat,4,3.1,38.59,129,Normal,Active and Happy,Continue regular monitoring
Milo,Labrador Retriever,Dog,11,41.3,37.26,177,Critical,Very Lethargic or Distressed,Immediate veterinary attention needed
Toby,Domestic Shorthair,Cat,15,3.1,38.02,160,Alert,Lethargic or Restless,"Monitor closely, consult vet if persists"
Oscar,Siamese,Cat,1,8.7,38.81,113,Normal,Active and Happy,Continue regular monitoring
Luna,Golden Retriever,Dog,9,33.4,38.73,88,Normal,Active and Happy,Continue regular monitoring
Molly,Labrador Retriever,Dog,3,28.6,38.62,103,Normal,Active and Happy,Continue regular monitoring
Cooper,Beagle,Dog,5,3.1,38.85,117,Normal,Active and Happy,Continue regular monitoring
Max,Labrador Retriever,Dog,10,35.1,38.45,92,Normal,Active and Happy,Continue regular monitoring
Leo,Poodle,Dog,9,10.1,38.61,99,Normal,Active and Happy,Continue regular monitoring
Jack,Persian,Cat,7,6.3,38.6,123,Normal,Active and Happy,Continue regular monitoring
Leo,Golden Retriever,Dog,11,32.8,38.55,99,Normal,Active and Happy,Continue regular monitoring
Oscar,German Shepherd,Dog,6,28.3,38.51,83,Normal,Active and Happy,Continue regular monitoring
Zoe,Labrador Retriever,Dog,8,9.9,38.26,99,Normal,Active and Happy,Continue regular monitoring
Tiger,Labrador Retriever,Dog,8,48.9,38.49,82,Normal,Active and Happy,Continue regular monitoring
Oscar,Beagle,Dog,6,4.7,38.93,106,Normal,Active and Happy,Continue regular monitoring
Daisy,Golden Retriever,Dog,7,32.1,38.47,83,Normal,Active and Happy,Continue regular monitoring
Milo,Labrador Retriever,Dog,8,32.1,38.65,99,Normal,Active and Happy,Continue regular monitoring
Cooper,Chihuahua,Dog,7,3.9,40.35,161,Alert,Lethargic or Restless,"Monitor closely, consult vet if persists"
Lucy,Labrador Retriever,Dog,3,39.1,37.76,182,Critical,Very Lethargic or Distressed,Immediate veterinary attention needed
Luna,German Shepherd,Dog,3,23.5,38.64,97,Normal,Active and Happy,Continue regular monitoring
Charlie,Domestic Shorthair,Cat,12,5.4,40.31,168,Alert,Lethargic or Restless,"Monitor closely, consult vet if persists"
Charlie,Domestic Shorthair,Cat,7,6.8,38.26,137,Normal,Active and Happy,Continue regular monitoring
Bella,Chihuahua,Dog,15,4.4,39.12,136,Normal,Calm and Relaxed,Continue regular monitoring
Leo,Sphynx,Cat,12,5.3,39.45,144,Normal,Active and Happy,Continue regular monitoring
Milo,Chihuahua,Dog,17,7.6,39.6,158,Alert,Lethargic or Restless,"Monitor closely, consult vet if persists"
Daisy,Beagle,Dog,8,4.2,40.07,128,Alert,Lethargic or Restless,"Monitor closely, consult vet if persists"
Charlie,German Shepherd,Dog,1,39.8,38.62,80,Normal,Active and Happy,Continue regular monitoring
Zoe,Labrador Retriever,Dog,15,31.1,38.66,85,Normal,Calm and Relaxed,Continue regular monitoring
Tiger,Bulldog,Dog,3,6.0,37.29,168,Critical,Very Lethargic or Distressed,Immediate veterinary attention needed
Bella,Chihuahua,Dog,9,5.5,37.47,208,Critical,Very Lethargic or Distressed,Immediate veterinary attention needed
Molly,Ragdoll,Cat,14,31.5,38.31,121,Normal,Calm and Relaxed,Continue regular monitoring
Charlie,Golden Retriever,Dog,3,34.0,38.96,90,Normal,Active and Happy,Continue regular monitoring
Leo,Beagle,Dog,13,6.9,38.44,130,Normal,Calm and Relaxed,Continue regular monitoring
Lucy,Bengal,Cat,1,10.4,40.22,150,Alert,Lethargic or Restless,"Monitor closely, consult vet if persists"
Cooper,Golden Retriever,Dog,17,29.8,38.44,87,Normal,Calm and Relaxed,Continue regular monitoring
Simba,Ragdoll,Cat,14,33.7,39.75,139,Alert,Lethargic or Restless,"Monitor closely, consult vet if persists"
Tiger,Persian,Cat,6,4.8,36.75,185,Critical,Very Lethargic or Distressed,Immediate veterinary attention needed
Lucy,Maine Coon,Cat,1,38.4,38.77,108,Normal,Active and Happy,Continue regular monitoring
Jack,Persian,Cat,3,4.8,38.64,145,Normal,Active and Happy,Continue regular monitoring
Zoe,Chihuahua,Dog,9,8.4,38.7,122,Normal,Active and Happy,Continue regular monitoring
Charlie,Poodle,Dog,7,14.9,38.62,109,Normal,Active and Happy,Continue regular monitoring
Molly,Maine Coon,Cat,10,38.8,38.54,125,Normal,Active and Happy,Continue regular monitoring
Daisy,Chihuahua,Dog,4,6.0,39.04,138,Normal,Active and Happy,Continue regular monitoring
Buddy,Persian,Cat,11,6.5,38.76,123,Normal,Active and Happy,Continue regular monitoring
Lucy,Sphynx,Cat,6,5.9,38.78,157,Normal,Active and Happy,Continue regular monitoring
Jack,Ragdoll,Cat,2,35.4,38.84,120,Normal,Active and Happy,Continue regular monitoring
Max,Poodle,Dog,8,10.0,38.55,108,Normal,Active and Happy,Continue regular monitoring
Daisy,Ragdoll,Cat,1,28.4,38.47,106,Normal,Active and Happy,Continue regular monitoring
Oscar,Persian,Cat,17,9.4,38.19,127,Normal,Calm and Relaxed,Continue regular monitoring
Ruby,Sphynx,Cat,13,4.0,39.25,117,Normal,Calm and Relaxed,Continue regular monitoring
Zoe,Bulldog,Dog,17,14.9,38.45,98,Normal,Calm and Relaxed,Continue regular monitoring
Luna,Bengal,Cat,16,10.3,38.86,118,Normal,Calm and Relaxed,Continue regular monitoring
Bella,German Shepherd,Dog,17,36.6,38.43,82,Normal,Calm and Relaxed,Continue regular monitoring
Luna,Golden Retriever,Dog,13,23.8,38.17,73,Normal,Calm and Relaxed,Continue regular monitoring
Leo,Siamese,Cat,1,4.9,39.05,144,Normal,Active and Happy,Continue regular monitoring
Simba,Maine Coon,Cat,5,37.4,37.37,144,Alert,Lethargic or Restless,"Monitor closely, consult vet if persists"
Simba,Bulldog,Dog,10,16.0,38.74,98,Normal,Active and Happy,Continue regular monitoring
Luna,Chihuahua,Dog,2,4.1,38.84,133,Normal,Active and Happy,Continue regular monitoring
Zoe,Beagle,Dog,2,6.2,38.57,112,Normal,Active and Happy,Continue regular monitoring
Zoe,Ragdoll,Cat,9,32.9,38.8,128,Normal,Active and Happy,Continue regular monitoring
Bella,Domestic Shorthair,Cat,5,4.3,39.04,140,Normal,Active and Happy,Continue regular monitoring
Rocky,Poodle,Dog,5,17.6,38.76,98,Normal,Active and Happy,Continue regular monitoring
Oscar,German Shepherd,Dog,3,9.5,38.56,89,Normal,Active and Happy,Continue regular monitoring
Lucy,Bengal,Cat,6,15.1,39.64,149,Alert,Lethargic or Restless,"Monitor closely, consult vet if persists"
Leo,Domestic Shorthair,Cat,5,4.6,38.51,127,Normal,Active and Happy,Continue regular monitoring
Buddy,Beagle,Dog,16,2.4,39.0,96,Normal,Calm and Relaxed,Continue regular monitoring
Lucy,Chihuahua,Dog,10,7.5,38.94,120,Normal,Active and Happy,Continue regular monitoring
Lucy,Bengal,Cat,14,11.7,38.73,108,Normal,Calm and Relaxed,Continue regular monitoring
Leo,Domestic Shorthair,Cat,8,5.0,37.37,154,Critical,Very Lethargic or Distressed,Immediate veterinary attention needed
Daisy,Domestic Shorthair,Cat,9,3.8,39.9,154,Alert,Lethargic or Restless,"Monitor closely, consult vet if persists"
Lucy,Siamese,Cat,1,6.3,38.6,139,Normal,Active and Happy,Continue regular monitoring
Tiger,Persian,Cat,1,4.8,36.59,165,Critical,Very Lethargic or Distressed,Immediate veterinary attention needed
Simba,German Shepherd,Dog,5,30.9,40.66,133,Critical,Very Lethargic or Distressed,Immediate veterinary attention needed
Charlie,Sphynx,Cat,8,5.4,39.06,145,Normal,Active and Happy,Continue regular monitoring
Luna,Poodle,Dog,3,2.0,40.58,165,Critical,Very Lethargic or Distressed,Immediate veterinary attention needed
Jack,German Shepherd,Dog,6,18.1,38.69,90,Normal,Active and Happy,Continue regular monitoring
Milo,Chihuahua,Dog,8,3.5,39.11,144,Normal,Active and Happy,Continue regular monitoring
Ruby,Bulldog,Dog,15,13.9,38.89,100,Normal,Calm and Relaxed,Continue regular monitoring
Rocky,Domestic Shorthair,Cat,14,3.6,39.47,152,Alert,Lethargic or Restless,"Monitor closely, consult vet if persists"
Charlie,Persian,Cat,14,3.3,38.3,109,Normal,Calm and Relaxed,Continue regular monitoring
Max,Bengal,Cat,17,1.0,39.15,124,Normal,Calm and Relaxed,Continue regular monitoring
Tiger,Maine Coon,Cat,4,24.6,37.98,136,Normal,Active and Happy,Continue regular monitoring
Ruby,Labrador Retriever,Dog,11,17.8,38.56,85,Normal,Active and Happy,Continue regular monitoring
Lucy,Ragdoll,Cat,8,35.5,38.87,121,Normal,Active and Happy,Continue regular monitoring
Zoe,Golden Retriever,Dog,7,41.3,38.47,75,Normal,Active and Happy,Continue regular monitoring
Milo,Ragdoll,Cat,3,29.9,38.57,116,Normal,Active and Happy,Continue regular monitoring
Lucy,Bengal,Cat,3,2.0,39.96,178,Alert,Lethargic or Restless,"Monitor closely, consult vet if persists"
Rocky,Siamese,Cat,11,2.9,39.63,135,Alert,Lethargic or Restless,"Monitor closely, consult vet if persists"
Luna,Beagle,Dog,9,4.7,37.79,174,Alert,Lethargic or Restless,"Monitor closely, consult vet if persists"
Simba,Poodle,Dog,6,14.2,40.34,142,Alert,Lethargic or Restless,"Monitor closely, consult vet if persists"
Ruby,Maine Coon,Cat,14,36.9,38.47,122,Normal,Calm and Relaxed,Continue regular monitoring
Lucy,Poodle,Dog,17,13.7,39.79,129,Alert,Lethargic or Restless,"Monitor closely, consult vet if persists"
Rocky,Chihuahua,Dog,12,5.3,38.55,126,Normal,Active and Happy,Continue regular monitoring
Lucy,Labrador Retriever,Dog,16,48.4,39.81,120,Alert,Lethargic or Restless,"Monitor closely, consult vet if persists"
Jack,Persian,Cat,9,2.6,38.41,125,Normal,Active and Happy,Continue regular monitoring
Luna,German Shepherd,Dog,6,37.5,38.81,99,Normal,Active and Happy,Continue regular monitoring
Buddy,Ragdoll,Cat,4,35.6,38.72,119,Normal,Active and Happy,Continue regular monitoring
Jack,Bulldog,Dog,10,17.3,37.95,170,Critical,Very Lethargic or Distressed,Immediate veterinary attention needed
Milo,Poodle,Dog,3,15.9,38.75,85,Normal,Active and Happy,Continue regular monitoring
Jack,Poodle,Dog,8,20.1,38.92,119,Normal,Active and Happy,Continue regular monitoring
Jack,Chihuahua,Dog,4,4.3,38.93,119,Normal,Active and Happy,Continue regular monitoring
Leo,Bengal,Cat,1,9.5,38.8,139,Normal,Active and Happy,Continue regular monitoring
Buddy,Siamese,Cat,9,2.8,38.9,135,Normal,Active and Happy,Continue regular monitoring
Toby,Ragdoll,Cat,7,28.8,38.85,115,Normal,Active and Happy,Continue regular monitoring
Toby,Siamese,Cat,2,4.9,37.22,187,Critical,Very Lethargic or Distressed,Immediate veterinary attention needed
Cooper,Persian,Cat,4,5.1,38.23,113,Normal,Active and Happy,Continue regular monitoring
Charlie,Bengal,Cat,9,18.7,39.02,121,Normal,Active and Happy,Continue regular monitoring
Daisy,Chihuahua,Dog,6,5.9,39.25,123,Normal,Active and Happy,Continue regular monitoring
Toby,Golden Retriever,Dog,2,39.5,38.75,78,Normal,Active and Happy,Continue regular monitoring
Max,Domestic Shorthair,Cat,10,3.2,39.08,120,Normal,Active and Happy,Continue regular monitoring
Jack,Bengal,Cat,12,18.0,39.01,131,Normal,Active and Happy,Continue regular monitoring
Lucy,Ragdoll,Cat,10,26.0,38.53,124,Normal,Active and Happy,Continue regular monitoring
Tiger,Ragdoll,Cat,6,29.8,38.52,123,Normal,Active and Happy,Continue regular monitoring
Simba,Domestic Shorthair,Cat,9,5.4,39.04,135,Normal,Active and Happy,Continue regular monitoring
Toby,German Shepherd,Dog,7,32.4,37.65,128,Alert,Lethargic or Restless,"Monitor closely, consult vet if persists"
Coco,Beagle,Dog,8,3.6,38.52,111,Normal,Active and Happy,Continue regular monitoring
Coco,Labrador Retriever,Dog,7,33.3,39.94,118,Alert,Lethargic or Restless,"Monitor closely, consult vet if persists"
Bella,Maine Coon,Cat,17,31.7,36.88,194,Critical,Very Lethargic or Distressed,Immediate veterinary attention needed
Bella,Ragdoll,Cat,16,23.7,39.29,141,Alert,Lethargic or Restless,"Monitor closely, consult vet if persists"
Coco,Ragdoll,Cat,6,41.6,38.95,112,Normal,Active and Happy,Continue regular monitoring
Simba,Beagle,Dog,2,8.0,38.8,118,Normal,Active and Happy,Continue regular monitoring
Coco,Chihuahua,Dog,4,2.4,39.1,119,Normal,Active and Happy,Continue regular monitoring
Ruby,Poodle,Dog,6,13.6,38.64,105,Normal,Active and Happy,Continue regular monitoring
Charlie,Chihuahua,Dog,13,2.9,38.88,132,Normal,Calm and Relaxed,Continue regular monitoring
Toby,Maine Coon,Cat,14,34.4,36.92,166,Critical,Very Lethargic or Distressed,Immediate veterinary attention needed
Molly,Chihuahua,Dog,14,1.0,37.36,215,Critical,Very Lethargic or Distressed,Immediate veterinary attention needed
Cooper,Persian,Cat,1,4.0,38.04,106,Normal,Active and Happy,Continue regular monitoring
Toby,Sphynx,Cat,7,2.9,39.27,144,Normal,Active and Happy,Continue regular monitoring
Bella,Beagle,Dog,15,4.4,38.88,107,Normal,Calm and Relaxed,Continue regular monitoring
Rocky,Persian,Cat,7,4.4,38.17,124,Normal,Active and Happy,Continue regular monitoring
Milo,Sphynx,Cat,10,1.8,38.77,150,Normal,Active and Happy,Continue regular monitoring
Ruby,Labrador Retriever,Dog,6,38.4,38.54,109,Normal,Active and Happy,Continue regular monitoring
Daisy,Ragdoll,Cat,1,26.2,37.44,109,Alert,Lethargic or Restless,"Monitor closely, consult vet if persists"
Oscar,Labrador Retriever,Dog,12,32.1,38.96,99,Normal,Active and Happy,Continue regular monitoring
Molly,Maine Coon,Cat,9,40.0,39.54,118,Alert,Lethargic or Restless,"Monitor closely, consult vet if persists"
Daisy,Persian,Cat,3,4.6,39.5,159,Alert,Lethargic or Restless,"Monitor closely, consult vet if persists"
Milo,Sphynx,Cat,2,6.7,37.13,177,Critical,Very Lethargic or Distressed,Immediate veterinary attention needed
Zoe,German Shepherd,Dog,16,31.7,38.45,84,Normal,Calm and Relaxed,Continue regular monitoring
Milo,Sphynx,Cat,4,8.5,39.09,146,Normal,Active and Happy,Continue regular monitoring
Luna,Labrador Retriever,Dog,2,20.9,40.22,146,Alert,Lethargic or Restless,"Monitor closely, consult vet if persists"
Daisy,Ragdoll,Cat,4,33.3,38.38,112,Normal,Active and Happy,Continue regular monitoring
Bella,Persian,Cat,10,6.1,38.2,149,Normal,Active and Happy,Continue regular monitoring
Lucy,Maine Coon,Cat,14,21.7,38.43,105,Normal,Calm and Relaxed,Continue regular monitoring
Milo,Siamese,Cat,8,6.9,38.84,138,Normal,Active and Happy,Continue regular monitoring
Max,Labrador Retriever,Dog,3,34.1,37.81,123,Alert,Lethargic or Restless,"Monitor closely, consult vet if persists"
Charlie,Poodle,Dog,1,19.5,38.67,112,Normal,Active and Happy,Continue regular monitoring
Zoe,Sphynx,Cat,7,6.7,39.93,159,Alert,Lethargic or Restless,"Monitor closely, consult vet if persists"
Cooper,Bulldog,Dog,10,17.9,38.87,84,Normal,Active and Happy,Continue regular monitoring
Tiger,Siamese,Cat,6,2.3,38.59,125,Normal,Active and Happy,Continue regular monitoring
Bella,Ragdoll,Cat,8,43.1,38.41,121,Normal,Active and Happy,Continue regular monitoring
Toby,Bengal,Cat,14,18.8,40.08,139,Alert,Lethargic or Restless,"Monitor closely, consult vet if persists"
Coco,Bulldog,Dog,3,13.8,38.59,111,Normal,Active and Happy,Continue regular monitoring
Simba,Chihuahua,Dog,3,4.7,39.03,123,Normal,Active and Happy,Continue regular monitoring
Jack,Ragdoll,Cat,9,28.6,38.69,121,Normal,Active and Happy,Continue regular monitoring
Max,Sphynx,Cat,5,4.0,39.59,151,Normal,Active and Happy,Continue regular monitoring
Toby,Maine Coon,Cat,15,29.9,38.74,109,Normal,Calm and Relaxed,Continue regular monitoring
Ruby,Chihuahua,Dog,5,4.0,38.93,146,Normal,Active and Happy,Continue regular monitoring
Lucy,Chihuahua,Dog,8,5.7,40.39,187,Alert,Lethargic or Restless,"Monitor closely, consult vet if persists"
Ruby,Sphynx,Cat,1,8.1,40.56,170,Alert,Lethargic or Restless,"Monitor closely, consult vet if persists"
Zoe,Siamese,Cat,5,6.1,39.85,155,Alert,Lethargic or Restless,"Monitor closely, consult vet if persists"
Milo,Domestic Shorthair,Cat,4,4.9,38.56,139,Normal,Active and Happy,Continue regular monitoring
Coco,Sphynx,Cat,8,5.5,38.97,149,Normal,Active and Happy,Continue regular monitoring
Charlie,Persian,Cat,5,5.5,37.35,169,Critical,Very Lethargic or Distressed,Immediate veterinary attention needed
Leo,Chihuahua,Dog,17,4.6,40.53,178,Alert,Lethargic or Restless,"Monitor closely, consult vet if persists"
Leo,Chihuahua,Dog,4,4.8,38.75,125,Normal,Active and Happy,Continue regular monitoring
Rocky,Siamese,Cat,1,4.0,38.82,145,Normal,Active and Happy,Continue regular monitoring
Cooper,Sphynx,Cat,8,2.8,38.92,141,Normal,Active and Happy,Continue regular monitoring
Rocky,Labrador Retriever,Dog,11,29.2,38.32,84,Normal,Active and Happy,Continue regular monitoring
Molly,Persian,Cat,8,2.8,38.57,131,Normal,Active and Happy,Continue regular monitoring
Milo,Persian,Cat,5,2.9,38.44,147,Normal,Active and Happy,Continue regular monitoring
Bella,Domestic Shorthair,Cat,16,5.4,38.6,117,Normal,Calm and Relaxed,Continue regular monitoring
Milo,Sphynx,Cat,1,8.4,40.33,195,Alert,Lethargic or Restless,"Monitor closely, consult vet if persists"
Lucy,Sphynx,Cat,17,8.0,38.92,122,Normal,Calm and Relaxed,Continue regular monitoring
Charlie,Sphynx,Cat,6,5.6,38.08,173,Alert,Lethargic or Restless,"Monitor closely, consult vet if persists"
Charlie,Sphynx,Cat,17,5.2,40.05,172,Alert,Lethargic or Restless,"Monitor closely, consult vet if persists"
Toby,Persian,Cat,6,3.0,39.43,161,Alert,Lethargic or Restless,"Monitor closely, consult vet if persists"
Zoe,Bulldog,Dog,4,4.6,38.68,108,Normal,Active and Happy,Continue regular monitoring
Tiger,Ragdoll,Cat,7,29.8,38.7,129,Normal,Active and Happy,Continue regular monitoring
Max,Chihuahua,Dog,16,3.9,38.28,177,Alert,Lethargic or Restless,"Monitor closely, consult vet if persists"
Simba,Bulldog,Dog,11,4.3,37.61,162,Alert,Lethargic or Restless,"Monitor closely, consult vet if persists"
Toby,Persian,Cat,16,1.9,38.39,119,Normal,Calm and Relaxed,Continue regular monitoring
Milo,Persian,Cat,1,5.7,38.83,138,Normal,Active and Happy,Continue regular monitoring
Milo,Labrador Retriever,Dog,15,18.5,39.48,131,Alert,Lethargic or Restless,"Monitor closely, consult vet if persists"
Coco,Golden Retriever,Dog,5,26.3,40.45,164,Critical,Very Lethargic or Distressed,Immediate veterinary attention needed
Bella,Labrador Retriever,Dog,6,37.0,38.25,68,Normal,Active and Happy,Continue regular monitoring
Coco,Labrador Retriever,Dog,4,30.7,38.14,95,Normal,Active and Happy,Continue regular monitoring
Tiger,Domestic Shorthair,Cat,13,3.8,38.6,116,Normal,Calm and Relaxed,Continue regular monitoring
Buddy,Siamese,Cat,17,2.5,37.16,166,Critical,Very Lethargic or Distressed,Immediate veterinary attention needed
Leo,Siamese,Cat,7,4.9,38.75,128,Normal,Active and Happy,Continue regular monitoring
Luna,Maine Coon,Cat,17,17.0,38.24,106,Normal,Calm and Relaxed,Continue regular monitoring
Molly,Golden Retriever,Dog,12,35.1,38.33,99,Normal,Active and Happy,Continue regular monitoring
Leo,Bulldog,Dog,16,13.8,38.77,85,Normal,Calm and Relaxed,Continue regular monitoring
Charlie,German Shepherd,Dog,9,31.8,38.65,79,Normal,Active and Happy,Continue regular monitoring
Simba,Ragdoll,Cat,15,29.7,38.31,112,Normal,Calm and Relaxed,Continue regular monitoring
Cooper,Persian,Cat,7,6.1,39.66,170,Alert,Lethargic or Restless,"Monitor closely, consult vet if persists"
Rocky,German Shepherd,Dog,1,32.3,38.76,82,Normal,Active and Happy,Continue regular monitoring
Zoe,Maine Coon,Cat,5,42.1,38.47,124,Normal,Active and Happy,Continue regular monitoring
Daisy,Domestic Shorthair,Cat,8,9.2,38.64,134,Normal,Active and Happy,Continue regular monitoring
Toby,German Shepherd,Dog,1,17.8,38.55,94,Normal,Active and Happy,Continue regular monitoring
Rocky,Poodle,Dog,10,7.3,38.73,101,Normal,Active and Happy,Continue regular monitoring
Simba,Sphynx,Cat,6,2.0,37.73,188,Alert,Lethargic or Restless,"Monitor closely, consult vet if persists"
Zoe,Poodle,Dog,5,12.7,38.67,92,Normal,Active and Happy,Continue regular monitoring
Simba,German Shepherd,Dog,4,36.1,38.35,95,Normal,Active and Happy,Continue regular monitoring
Zoe,Sphynx,Cat,7,4.6,39.36,153,Normal,Active and Happy,Continue regular monitoring
Lucy,Bulldog,Dog,8,11.8,39.44,173,Alert,Lethargic or Restless,"Monitor closely, consult vet if persists"
Tiger,Poodle,Dog,4,13.2,38.61,94,Normal,Active and Happy,Continue regular monitoring
Max,Ragdoll,Cat,6,23.0,37.48,116,Alert,Lethargic or Restless,"Monitor closely, consult vet if persists"
Molly,Ragdoll,Cat,6,24.7,38.4,138,Normal,Active and Happy,Continue regular monitoring
Max,Domestic Shorthair,Cat,14,5.5,38.58,109,Normal,Calm and Relaxed,Continue regular monitoring
Luna,Maine Coon,Cat,4,26.7,38.38,129,Normal,Active and Happy,Continue regular monitoring
Coco,Maine Coon,Cat,17,29.2,39.63,160,Alert,Lethargic or Restless,"Monitor closely, consult vet if persists"
Buddy,Poodle,Dog,7,17.9,39.03,110,Normal,Active and Happy,Continue regular monitoring
Ruby,Labrador Retriever,Dog,9,28.4,38.74,91,Normal,Active and Happy,Continue regular monitoring
Rocky,Persian,Cat,10,2.9,38.67,124,Normal,Active and Happy,Continue regular monitoring
Tiger,Persian,Cat,2,4.9,39.58,143,Alert,Lethargic or Restless,"Monitor closely, consult vet if persists"
Max,Sphynx,Cat,11,3.2,37.75,189,Critical,Very Lethargic or Distressed,Immediate veterinary attention needed
Molly,Golden Retriever,Dog,4,30.3,38.64,79,Normal,Active and Happy,Continue regular monitoring
Simba,Chihuahua,Dog,8,6.9,38.67,126,Normal,Active and Happy,Continue regular monitoring
Oscar,Ragdoll,Cat,5,18.5,38.72,132,Normal,Active and Happy,Continue regular monitoring
Cooper,Bulldog,Dog,16,8.7,38.55,96,Normal,Calm and Relaxed,Continue regular monitoring
Cooper,Maine Coon,Cat,13,43.5,38.42,105,Normal,Calm and Relaxed,Continue regular monitoring
Cooper,German Shepherd,Dog,15,28.0,38.41,91,Normal,Calm and Relaxed,Continue regular monitoring
Lucy,Sphynx,Cat,13,3.5,39.08,143,Normal,Calm and Relaxed,Continue regular monitoring
Toby,Persian,Cat,4,5.7,38.48,126,Normal,Active and Happy,Continue regular monitoring
Cooper,Bengal,Cat,4,13.1,37.34,192,Critical,Very Lethargic or Distressed,Immediate veterinary attention needed
Jack,Persian,Cat,17,7.2,38.14,106,Normal,Calm and Relaxed,Continue regular monitoring
Oscar,Domestic Shorthair,Cat,7,5.4,39.93,145,Alert,Lethargic or Restless,"Monitor closely, consult vet if persists"
Daisy,Maine Coon,Cat,8,24.6,38.32,117,Normal,Active and Happy,Continue regular monitoring
Coco,German Shepherd,Dog,12,39.5,38.36,106,Normal,Active and Happy,Continue regular monitoring
Toby,Domestic Shorthair,Cat,9,6.8,38.79,129,Normal,Active and Happy,Continue regular monitoring
Zoe,Labrador Retriever,Dog,6,32.3,37.4,127,Alert,Lethargic or Restless,"Monitor closely, consult vet if persists"
Max,Maine Coon,Cat,9,40.0,38.14,139,Normal,Active and Happy,Continue regular monitoring
Lucy,Domestic Shorthair,Cat,2,5.4,38.67,131,Normal,Active and Happy,Continue regular monitoring
Daisy,Ragdoll,Cat,5,37.5,38.68,117,Normal,Active and Happy,Continue regular monitoring
Bella,Domestic Shorthair,Cat,13,6.8,40.78,192,Critical,Very Lethargic or Distressed,Immediate veterinary attention needed
Ruby,Bulldog,Dog,7,12.5,38.62,92,Normal,Active and Happy,Continue regular monitoring
Milo,Bulldog,Dog,7,20.8,38.55,91,Normal,Active and Happy,Continue regular monitoring
Oscar,Domestic Shorthair,Cat,16,4.2,38.79,121,Normal,Calm and Relaxed,Continue regular monitoring
Milo,Chihuahua,Dog,1,2.7,38.94,143,Normal,Active and Happy,Continue regular monitoring
Max,Poodle,Dog,9,16.1,38.47,99,Normal,Active and Happy,Continue regular monitoring
Daisy,Bengal,Cat,17,11.0,38.71,124,Normal,Calm and Relaxed,Continue regular monitoring
Simba,Maine Coon,Cat,2,37.8,38.12,131,Normal,Active and Happy,Continue regular monitoring
Buddy,Golden Retriever,Dog,3,23.7,38.62,97,Normal,Active and Happy,Continue regular monitoring
Jack,Golden Retriever,Dog,14,25.0,39.57,150,Alert,Lethargic or Restless,"Monitor closely, consult vet if persists"
Zoe,Beagle,Dog,12,5.6,38.5,105,Normal,Active and Happy,Continue regular monitoring
Luna,Ragdoll,Cat,3,21.5,39.47,149,Alert,Lethargic or Restless,"Monitor closely, consult vet if persists"
Rocky,Bengal,Cat,15,6.2,38.79,141,Normal,Calm and Relaxed,Continue regular monitoring
Buddy,Domestic Shorthair,Cat,17,7.2,38.49,138,Normal,Calm and Relaxed,Continue regular monitoring
Daisy,Bengal,Cat,9,20.1,38.9,130,Normal,Active and Happy,Continue regular monitoring
Molly,Beagle,Dog,9,6.4,40.03,165,Alert,Lethargic or Restless,"Monitor closely, consult vet if persists"
Daisy,Labrador Retriever,Dog,6,41.5,38.6,71,Normal,Active and Happy,Continue regular monitoring
Jack,Persian,Cat,3,6.9,38.22,113,Normal,Active and Happy,Continue regular monitoring
Jack,Sphynx,Cat,5,9.0,38.99,144,Normal,Active and Happy,Continue regular monitoring
Rocky,Persian,Cat,7,5.3,38.28,124,Normal,Active and Happy,Continue regular monitoring
Max,Domestic Shorthair,Cat,4,9.3,40.16,176,Alert,Lethargic or Restless,"Monitor closely, consult vet if persists"
Toby,German Shepherd,Dog,9,25.5,38.45,85,Normal,Active and Happy,Continue regular monitoring
Lucy,Bengal,Cat,7,21.0,38.81,152,Normal,Active and Happy,Continue regular monitoring
Lucy,Sphynx,Cat,14,4.2,38.92,146,Normal,Calm and Relaxed,Continue regular monitoring
Zoe,Maine Coon,Cat,8,28.9,38.63,125,Normal,Active and Happy,Continue regular monitoring
Luna,Chihuahua,Dog,13,7.6,37.97,158,Alert,Lethargic or Restless,"Monitor closely, consult vet if persists"
Daisy,Bulldog,Dog,6,13.9,38.75,103,Normal,Active and Happy,Continue regular monitoring
Coco,Domestic Shorthair,Cat,11,5.5,38.5,130,Normal,Active and Happy,Continue regular monitoring
Leo,German Shepherd,Dog,11,33.7,38.87,90,Normal,Active and Happy,Continue regular monitoring
Jack,Domestic Shorthair,Cat,9,6.2,38.74,134,Normal,Active and Happy,Continue regular monitoring
Rocky,Beagle,Dog,7,7.9,38.51,119,Normal,Active and Happy,Continue regular monitoring
Simba,Ragdoll,Cat,6,24.9,38.07,116,Normal,Active and Happy,Continue regular monitoring
Toby,Chihuahua,Dog,3,8.4,40.67,182,Alert,Lethargic or Restless,"Monitor closely, consult vet if persists"
Leo,Beagle,Dog,8,2.3,38.47,116,Normal,Active and Happy,Continue regular monitoring
Coco,Persian,Cat,5,7.0,38.03,118,Normal,Active and Happy,Continue regular monitoring
Milo,Persian,Cat,1,8.5,38.46,134,Normal,Active and Happy,Continue regular monitoring
Molly,Siamese,Cat,5,6.2,38.86,138,Normal,Active and Happy,Continue regular monitoring
Ruby,Ragdoll,Cat,7,29.6,39.85,144,Alert,Lethargic or Restless,"Monitor closely, consult vet if persists"
Zoe,Poodle,Dog,9,21.8,38.85,93,Normal,Active and Happy,Continue regular monitoring
Buddy,Domestic Shorthair,Cat,12,6.7,38.71,137,Normal,Active and Happy,Continue regular monitoring
Molly,Siamese,Cat,7,3.7,38.67,112,Normal,Active and Happy,Continue regular monitoring
Luna,Beagle,Dog,7,8.8,38.98,125,Normal,Active and Happy,Continue regular monitoring
Zoe,Sphynx,Cat,7,6.5,38.91,129,Normal,Active and Happy,Continue regular monitoring
Jack,Siamese,Cat,12,3.6,38.72,144,Normal,Active and Happy,Continue regular monitoring
Luna,Poodle,Dog,10,18.3,38.87,88,Normal,Active and Happy,Continue regular monitoring
Oscar,Beagle,Dog,2,4.9,38.8,112,Normal,Active and Happy,Continue regular monitoring
Bella,Persian,Cat,2,3.2,38.44,108,Normal,Active and Happy,Continue regular monitoring
Charlie,Ragdoll,Cat,13,39.6,38.34,114,Normal,Calm and Relaxed,Continue regular monitoring
Molly,German Shepherd,Dog,3,33.5,38.84,81,Normal,Active and Happy,Continue regular monitoring
Max,Labrador Retriever,Dog,8,20.6,38.65,71,Normal,Active and Happy,Continue regular monitoring
Bella,Poodle,Dog,7,19.6,40.12,126,Alert,Lethargic or Restless,"Monitor closely, consult vet if persists"
Luna,Siamese,Cat,4,8.0,38.78,110,Normal,Active and Happy,Continue regular monitoring
Cooper,Beagle,Dog,2,5.1,38.81,106,Normal,Active and Happy,Continue regular monitoring
Milo,Persian,Cat,9,6.3,38.09,119,Normal,Active and Happy,Continue regular monitoring
Luna,Domestic Shorthair,Cat,11,6.0,38.69,114,Normal,Active and Happy,Continue regular monitoring
Ruby,Beagle,Dog,7,2.2,39.04,123,Normal,Active and Happy,Continue regular monitoring
Rocky,Chihuahua,Dog,12,3.6,38.54,121,Normal,Active and Happy,Continue regular monitoring
Jack,Bengal,Cat,8,18.8,40.24,148,Alert,Lethargic or Restless,"Monitor closely, consult vet if persists"
Oscar,Sphynx,Cat,4,2.0,38.92,130,Normal,Active and Happy,Continue regular monitoring
Ruby,Siamese,Cat,4,4.9,38.81,130,Normal,Active and Happy,Continue regular monitoring
Rocky,Chihuahua,Dog,10,4.1,39.08,118,Normal,Active and Happy,Continue regular monitoring
Max,Golden Retriever,Dog,6,35.7,38.38,88,Normal,Active and Happy,Continue regular monitoring
Daisy,Poodle,Dog,17,13.0,40.11,145,Alert,Lethargic or Restless,"Monitor closely, consult vet if persists"
Lucy,Siamese,Cat,3,5.3,38.66,128,Normal,Active and Happy,Continue regular monitoring
Molly,Bengal,Cat,13,17.5,38.65,112,Normal,Calm and Relaxed,Continue regular monitoring
Luna,Beagle,Dog,1,8.4,38.88,118,Normal,Active and Happy,Continue regular monitoring
Simba,Bulldog,Dog,4,24.3,37.32,154,Critical,Very Lethargic or Distressed,Immediate veterinary attention needed
Ruby,German Shepherd,Dog,2,26.6,38.61,91,Normal,Active and Happy,Continue regular monitoring
Milo,Bulldog,Dog,9,14.6,38.83,101,Normal,Active and Happy,Continue regular monitoring
Max,Ragdoll,Cat,7,16.6,39.36,150,Alert,Lethargic or Restless,"Monitor closely, consult vet if persists"
Max,Siamese,Cat,9,1.9,39.0,123,Normal,Active and Happy,Continue regular monitoring
Oscar,German Shepherd,Dog,7,34.7,40.07,114,Alert,Lethargic or Restless,"Monitor closely, consult vet if persists"
Cooper,Chihuahua,Dog,3,2.2,38.82,122,Normal,Active and Happy,Continue regular monitoring
Tiger,Poodle,Dog,16,17.6,37.31,144,Critical,Very Lethargic or Distressed,Immediate veterinary attention needed
Coco,German Shepherd,Dog,10,25.3,38.67,88,Normal,Active and Happy,Continue regular monitoring
Zoe,German Shepherd,Dog,12,26.4,38.83,90,Normal,Active and Happy,Continue regular monitoring
Jack,Chihuahua,Dog,2,5.6,38.9,132,Normal,Active and Happy,Continue regular monitoring
Oscar,Sphynx,Cat,12,1.7,39.38,141,Normal,Active and Happy,Continue regular monitoring
Rocky,Domestic Shorthair,Cat,3,2.3,38.68,121,Normal,Active and Happy,Continue regular monitoring
Toby,Bengal,Cat,12,5.0,38.72,126,Normal,Active and Happy,Continue regular monitoring
Bella,Labrador Retriever,Dog,9,22.1,38.75,107,Normal,Active and Happy,Continue regular monitoring
Milo,Domestic Shorthair,Cat,1,4.7,39.82,163,Alert,Lethargic or Restless,"Monitor closely, consult vet if persists"
Simba,Domestic Shorthair,Cat,14,6.9,38.2,116,Normal,Calm and Relaxed,Continue regular monitoring
Oscar,Ragdoll,Cat,6,34.1,38.9,110,Normal,Active and Happy,Continue regular monitoring
Bella,Beagle,Dog,15,4.0,38.78,106,Normal,Calm and Relaxed,Continue regular monitoring
Cooper,Ragdoll,Cat,7,29.0,39.57,185,Alert,Lethargic or Restless,"Monitor closely, consult vet if persists"
Charlie,Ragdoll,Cat,7,23.7,38.97,127,Normal,Active and Happy,Continue regular monitoring
Coco,German Shepherd,Dog,1,34.3,38.71,92,Normal,Active and Happy,Continue regular monitoring
Daisy,Maine Coon,Cat,15,26.5,38.59,108,Normal,Calm and Relaxed,Continue regular monitoring
Jack,Maine Coon,Cat,8,24.3,38.67,121,Normal,Active and Happy,Continue regular monitoring
Oscar,Domestic Shorthair,Cat,2,1.0,38.55,116,Normal,Active and Happy,Continue regular monitoring
Buddy,Domestic Shorthair,Cat,10,4.2,38.53,116,Normal,Active and Happy,Continue regular monitoring
Milo,Ragdoll,Cat,1,29.9,38.51,124,Normal,Active and Happy,Continue regular monitoring
Ruby,Beagle,Dog,17,4.6,37.55,148,Alert,Lethargic or Restless,"Monitor closely, consult vet if persists"
Zoe,Maine Coon,Cat,11,21.2,39.06,164,Alert,Lethargic or Restless,"Monitor closely, consult vet if persists"
Zoe,Persian,Cat,5,5.5,37.99,158,Alert,Lethargic or Restless,"Monitor closely, consult vet if persists"
Oscar,Sphynx,Cat,5,1.4,39.25,151,Normal,Active and Happy,Continue regular monitoring
Charlie,Labrador Retriever,Dog,13,22.5,40.81,167,Critical,Very Lethargic or Distressed,Immediate veterinary attention needed
Buddy,Ragdoll,Cat,6,25.6,40.28,132,Alert,Lethargic or Restless,"Monitor closely, consult vet if persists"
Tiger,Persian,Cat,7,6.0,38.43,126,Normal,Active and Happy,Continue regular monitoring
Toby,Golden Retriever,Dog,2,22.9,39.02,124,Alert,Lethargic or Restless,"Monitor closely, consult vet if persists"
Leo,German Shepherd,Dog,4,36.8,38.59,88,Normal,Active and Happy,Continue regular monitoring
Oscar,Ragdoll,Cat,13,35.2,37.33,180,Critical,Very Lethargic or Distressed,Immediate veterinary attention needed
Molly,Sphynx,Cat,6,5.9,39.22,150,Normal,Active and Happy,Continue regular monitoring
Jack,Beagle,Dog,3,6.7,38.73,120,Normal,Active and Happy,Continue regular monitoring
Simba,Bengal,Cat,5,17.1,39.55,167,Alert,Lethargic or Restless,"Monitor closely, consult vet if persists"
Milo,Labrador Retriever,Dog,6,33.3,38.73,90,Normal,Active and Happy,Continue regular monitoring
Max,Sphynx,Cat,1,6.5,39.21,121,Normal,Active and Happy,Continue regular monitoring
Daisy,Domestic Shorthair,Cat,2,7.9,39.9,181,Critical,Very Lethargic or Distressed,Immediate veterinary attention needed
Bella,German Shepherd,Dog,3,31.0,38.28,83,Normal,Active and Happy,Continue regular monitoring
Lucy,Domestic Shorthair,Cat,4,6.7,38.5,141,Normal,Active and Happy,Continue regular monitoring
Leo,German Shepherd,Dog,7,30.2,40.1,125,Alert,Lethargic or Restless,"Monitor closely, consult vet if persists"
Leo,Poodle,Dog,7,12.0,38.73,88,Normal,Active and Happy,Continue regular monitoring
Daisy,Poodle,Dog,2,21.3,38.56,93,Normal,Active and Happy,Continue regular monitoring
Toby,Sphynx,Cat,9,7.4,39.11,134,Normal,Active and Happy,Continue regular monitoring
Jack,Golden Retriever,Dog,6,29.3,38.79,74,Normal,Active and Happy,Continue regular monitoring
Leo,Sphynx,Cat,7,8.2,39.31,132,Normal,Active and Happy,Continue regular monitoring
Molly,Golden Retriever,Dog,8,47.2,38.3,91,Normal,Active and Happy,Continue regular monitoring
Zoe,Poodle,Dog,3,16.0,38.93,98,Normal,Active and Happy,Continue regular monitoring
Leo,Poodle,Dog,5,17.0,38.62,109,Normal,Active and Happy,Continue regular monitoring
Milo,Chihuahua,Dog,10,6.9,38.85,132,Normal,Active and Happy,Continue regular monitoring
Tiger,Beagle,Dog,8,6.6,40.22,201,Critical,Very Lethargic or Distressed,Immediate veterinary attention needed
Bella,Bulldog,Dog,5,14.9,38.83,111,Normal,Active and Happy,Continue regular monitoring
Molly,Ragdoll,Cat,4,28.5,39.25,136,Alert,Lethargic or Restless,"Monitor closely, consult vet if persists"
Luna,Labrador Retriever,Dog,6,40.8,38.85,83,Normal,Active and Happy,Continue regular monitoring
Tiger,Maine Coon,Cat,6,6.9,38.6,109,Normal,Active and Happy,Continue regular monitoring
Cooper,Siamese,Cat,11,3.3,38.33,119,Normal,Active and Happy,Continue regular monitoring
Lucy,German Shepherd,Dog,9,16.3,37.93,128,Alert,Lethargic or Restless,"Monitor closely, consult vet if persists"
Luna,Bulldog,Dog,2,10.8,38.95,97,Normal,Active and Happy,Continue regular monitoring
Oscar,Chihuahua,Dog,8,1.2,39.24,140,Normal,Active and Happy,Continue regular monitoring
Lucy,Poodle,Dog,10,7.3,37.46,170,Critical,Very Lethargic or Distressed,Immediate veterinary attention needed
Molly,Siamese,Cat,2,7.9,39.97,127,Alert,Lethargic or Restless,"Monitor closely, consult vet if persists"
Simba,Ragdoll,Cat,4,36.4,40.02,135,Alert,Lethargic or Restless,"Monitor closely, consult vet if persists"
Lucy,Beagle,Dog,16,4.6,38.69,119,Normal,Calm and Relaxed,Continue regular monitoring
Simba,Beagle,Dog,5,4.1,38.96,111,Normal,Active and Happy,Continue regular monitoring
Jack,Bulldog,Dog,7,11.4,38.76,93,Normal,Active and Happy,Continue regular monitoring
Cooper,German Shepherd,Dog,9,44.5,37.1,165,Critical,Very Lethargic or Distressed,Immediate veterinary attention needed
Tiger,Chihuahua,Dog,5,4.0,38.83,117,Normal,Active and Happy,Continue regular monitoring
Bella,Siamese,Cat,3,5.8,38.7,112,Normal,Active and Happy,Continue regular monitoring
Bella,Maine Coon,Cat,16,51.1,38.49,116,Normal,Calm and Relaxed,Continue regular monitoring
Tiger,Siamese,Cat,4,6.9,38.67,109,Normal,Active and Happy,Continue regular monitoring
Jack,Persian,Cat,1,4.4,38.37,141,Normal,Active and Happy,Continue regular monitoring
Charlie,Siamese,Cat,14,1.6,38.66,122,Normal,Calm and Relaxed,Continue regular monitoring
Molly,Chihuahua,Dog,12,3.9,39.13,124,Normal,Active and Happy,Continue regular monitoring
Max,Ragdoll,Cat,17,30.4,38.66,111,Normal,Calm and Relaxed,Continue regular monitoring
Jack,Bulldog,Dog,16,6.8,40.13,140,Alert,Lethargic or Restless,"Monitor closely, consult vet if persists"
Zoe,Siamese,Cat,9,5.0,38.89,132,Normal,Active and Happy,Continue regular monitoring
Cooper,Sphynx,Cat,9,2.0,39.19,119,Normal,Active and Happy,Continue regular monitoring
Jack,Bengal,Cat,4,11.2,38.61,131,Normal,Active and Happy,Continue regular monitoring
Molly,German Shepherd,Dog,12,47.6,39.69,147,Alert,Lethargic or Restless,"Monitor closely, consult vet if persists"
Max,Siamese,Cat,2,4.2,38.53,123,Normal,Active and Happy,Continue regular monitoring
Charlie,Golden Retriever,Dog,4,33.0,39.64,128,Alert,Lethargic or Restless,"Monitor closely, consult vet if persists"
Bella,Bulldog,Dog,8,17.1,38.68,100,Normal,Active and Happy,Continue regular monitoring
Bella,Maine Coon,Cat,16,31.3,38.77,99,Normal,Calm and Relaxed,Continue regular monitoring
Oscar,Maine Coon,Cat,9,36.1,38.66,115,Normal,Active and Happy,Continue regular monitoring
Zoe,Poodle,Dog,15,15.9,38.89,100,Normal,Calm and Relaxed,Continue regular monitoring
Ruby,Beagle,Dog,3,7.4,38.49,111,Normal,Active and Happy,Continue regular monitoring
Toby,Labrador Retriever,Dog,5,24.6,37.37,140,Alert,Lethargic or Restless,"Monitor closely, consult vet if persists"
Lucy,Poodle,Dog,12,11.8,38.85,88,Normal,Active and Happy,Continue regular monitoring
Milo,Domestic Shorthair,Cat,6,3.2,38.57,128,Normal,Active and Happy,Continue regular monitoring
Max,Persian,Cat,4,3.8,39.44,177,Alert,Lethargic or Restless,"Monitor closely, consult vet if persists"
Buddy,Maine Coon,Cat,6,50.0,38.31,102,Normal,Active and Happy,Continue regular monitoring
Coco,Beagle,Dog,14,8.9,39.01,90,Normal,Calm and Relaxed,Continue regular monitoring
Toby,Persian,Cat,2,4.8,38.09,134,Normal,Active and Happy,Continue regular monitoring
Coco,Ragdoll,Cat,7,31.8,39.6,154,Alert,Lethargic or Restless,"Monitor closely, consult vet if persists"
Milo,Ragdoll,Cat,4,23.4,38.43,127,Normal,Active and Happy,Continue regular monitoring
Bella,German Shepherd,Dog,5,16.1,38.49,94,Normal,Active and Happy,Continue regular monitoring
Buddy,German Shepherd,Dog,6,23.8,38.62,100,Normal,Active and Happy,Continue regular monitoring
Molly,Persian,Cat,7,2.9,39.55,174,Alert,Lethargic or Restless,"Monitor closely, consult vet if persists"
Daisy,Maine Coon,Cat,5,17.9,38.58,115,Normal,Active and Happy,Continue regular monitoring
Simba,Beagle,Dog,3,3.2,38.99,105,Normal,Active and Happy,Continue regular monitoring
Coco,Bulldog,Dog,1,10.2,40.15,166,Alert,Lethargic or Restless,"Monitor closely, consult vet if persists"
Charlie,Labrador Retriever,Dog,7,36.1,38.71,88,Normal,Active and Happy,Continue regular monitoring
Leo,Sphynx,Cat,5,4.8,40.09,147,Alert,Lethargic or Restless,"Monitor closely, consult vet if persists"
Oscar,Beagle,Dog,1,6.1,38.95,111,Normal,Active and Happy,Continue regular monitoring
Simba,Beagle,Dog,1,4.7,38.89,107,Normal,Active and Happy,Continue regular monitoring
Molly,Ragdoll,Cat,5,33.1,38.67,109,Normal,Active and Happy,Continue regular monitoring
Coco,Persian,Cat,1,5.4,38.41,141,Normal,Active and Happy,Continue regular monitoring
Molly,Persian,Cat,6,4.0,38.35,131,Normal,Active and Happy,Continue regular monitoring
Molly,Siamese,Cat,6,3.7,38.64,134,Normal,Active and Happy,Continue regular monitoring
Coco,Labrador Retriever,Dog,17,36.7,38.78,76,Normal,Calm and Relaxed,Continue regular monitoring
Max,Sphynx,Cat,5,4.3,39.15,131,Normal,Active and Happy,Continue regular monitoring
Charlie,Persian,Cat,6,7.1,38.56,136,Normal,Active and Happy,Continue regular monitoring
Buddy,Bulldog,Dog,1,15.0,38.93,106,Normal,Active and Happy,Continue regular monitoring
Leo,Siamese,Cat,1,6.3,38.5,131,Normal,Active and Happy,Continue regular monitoring
Coco,German Shepherd,Dog,11,37.3,38.17,78,Normal,Active and Happy,Continue regular monitoring
Coco,Maine Coon,Cat,7,28.7,38.6,117,Normal,Active and Happy,Continue regular monitoring
Luna,German Shepherd,Dog,4,32.2,38.4,95,Normal,Active and Happy,Continue regular monitoring
Buddy,Ragdoll,Cat,3,25.4,38.49,118,Normal,Active and Happy,Continue regular monitoring
Cooper,Labrador Retriever,Dog,6,22.7,38.69,94,Normal,Active and Happy,Continue regular monitoring
Lucy,Bulldog,Dog,4,12.6,39.01,119,Normal,Active and Happy,Continue regular monitoring
Daisy,Domestic Shorthair,Cat,6,5.8,38.73,102,Normal,Active and Happy,Continue regular monitoring
Luna,Golden Retriever,Dog,1,34.0,38.37,79,Normal,Active and Happy,Continue regular monitoring
Max,Bulldog,Dog,3,19.0,39.82,105,Alert,Lethargic or Restless,"Monitor closely, consult vet if persists"
Leo,Sphynx,Cat,1,4.8,40.64,202,Critical,Very Lethargic or Distressed,Immediate veterinary attention needed
Lucy,Bulldog,Dog,15,8.3,40.32,182,Critical,Very Lethargic or Distressed,Immediate veterinary attention needed
Rocky,Siamese,Cat,4,3.0,37.87,143,Alert,Lethargic or Restless,"Monitor closely, consult vet if persists"
Rocky,Sphynx,Cat,2,8.4,37.75,175,Critical,Very Lethargic or Distressed,Immediate veterinary attention needed
Toby,Labrador Retriever,Dog,13,35.0,37.49,156,Critical,Very Lethargic or Distressed,Immediate veterinary attention needed
Ruby,Golden Retriever,Dog,3,28.9,38.47,87,Normal,Active and Happy,Continue regular monitoring
Charlie,German Shepherd,Dog,9,34.3,38.66,94,Normal,Active and Happy,Continue regular monitoring
Simba,Domestic Shorthair,Cat,11,3.2,38.5,129,Normal,Active and Happy,Continue regular monitoring
Coco,Maine Coon,Cat,2,25.1,38.39,121,Normal,Active and Happy,Continue regular monitoring
Bella,Maine Coon,Cat,11,30.1,39.21,162,Alert,Lethargic or Restless,"Monitor closely, consult vet if persists"
Ruby,German Shepherd,Dog,8,30.6,38.55,69,Normal,Active and Happy,Continue regular monitoring
Milo,Ragdoll,Cat,16,24.8,40.29,185,Critical,Very Lethargic or Distressed,Immediate veterinary attention needed
Jack,Siamese,Cat,8,3.1,39.05,136,Normal,Active and Happy,Continue regular monitoring
Luna,Domestic Shorthair,Cat,5,3.5,37.87,178,Alert,Lethargic or Restless,"Monitor closely, consult vet if persists"
Milo,Domestic Shorthair,Cat,5,4.4,38.89,133,Normal,Active and Happy,Continue regular monitoring
Buddy,Chihuahua,Dog,2,6.7,38.95,135,Normal,Active and Happy,Continue regular monitoring
Molly,Labrador Retriever,Dog,6,35.7,36.98,191,Critical,Very Lethargic or Distressed,Immediate veterinary attention needed
Rocky,Domestic Shorthair,Cat,6,6.4,40.02,159,Alert,Lethargic or Restless,"Monitor closely, consult vet if persists"
Jack,Sphynx,Cat,7,2.4,39.12,139,Normal,Active and Happy,Continue regular monitoring
Zoe,Persian,Cat,11,3.7,38.28,130,Normal,Active and Happy,Continue regular monitoring
Bella,Siamese,Cat,1,3.9,38.99,128,Normal,Active and Happy,Continue regular monitoring
Ruby,Labrador Retriever,Dog,9,15.2,38.84,83,Normal,Active and Happy,Continue regular monitoring
Tiger,Chihuahua,Dog,17,3.7,38.58,124,Normal,Calm and Relaxed,Continue regular monitoring
Max,German Shepherd,Dog,3,31.9,38.66,81,Normal,Active and Happy,Continue regular monitoring
Luna,German Shepherd,Dog,5,26.8,37.57,158,Critical,Very Lethargic or Distressed,Immediate veterinary attention needed
Oscar,Ragdoll,Cat,17,42.5,38.67,109,Normal,Calm and Relaxed,Continue regular monitoring
Tiger,German Shepherd,Dog,15,32.2,38.34,87,Normal,Calm and Relaxed,Continue regular monitoring
Coco,Domestic Shorthair,Cat,2,4.9,37.82,151,Alert,Lethargic or Restless,"Monitor closely, consult vet if persists"
Cooper,Maine Coon,Cat,14,29.4,37.72,115,Normal,Calm and Relaxed,Continue regular monitoring
Bella,Maine Coon,Cat,3,46.0,38.38,118,Normal,Active and Happy,Continue regular monitoring
Molly,Domestic Shorthair,Cat,3,7.5,38.79,132,Normal,Active and Happy,Continue regular monitoring
Cooper,Bulldog,Dog,6,10.5,40.31,158,Alert,Lethargic or Restless,"Monitor closely, consult vet if persists"
Leo,Bulldog,Dog,7,14.4,38.82,104,Normal,Active and Happy,Continue regular monitoring
Simba,German Shepherd,Dog,5,30.9,38.73,93,Normal,Active and Happy,Continue regular monitoring
Ruby,Labrador Retriever,Dog,11,21.9,38.52,92,Normal,Active and Happy,Continue regular monitoring
Oscar,Labrador Retriever,Dog,1,38.8,39.05,98,Normal,Active and Happy,Continue regular monitoring
Daisy,Beagle,Dog,2,7.4,39.99,158,Alert,Lethargic or Restless,"Monitor closely, consult vet if persists"
Jack,Labrador Retriever,Dog,3,13.3,39.07,102,Normal,Active and Happy,Continue regular monitoring
Rocky,Maine Coon,Cat,12,22.9,38.25,124,Normal,Active and Happy,Continue regular monitoring
Leo,Siamese,Cat,5,1.1,37.04,163,Critical,Very Lethargic or Distressed,Immediate veterinary attention needed
Toby,Siamese,Cat,10,7.9,38.57,116,Normal,Active and Happy,Continue regular monitoring
Simba,German Shepherd,Dog,9,32.4,38.53,98,Normal,Active and Happy,Continue regular monitoring
Rocky,Maine Coon,Cat,8,26.3,38.28,135,Normal,Active and Happy,Continue regular monitoring
Toby,Bengal,Cat,2,17.8,37.24,178,Critical,Very Lethargic or Distressed,Immediate veterinary attention needed
Rocky,Poodle,Dog,5,13.7,39.64,172,Alert,Lethargic or Restless,"Monitor closely, consult vet if persists"
Leo,Golden Retriever,Dog,5,35.5,38.51,92,Normal,Active and Happy,Continue regular monitoring
Max,Domestic Shorthair,Cat,4,6.4,38.62,128,Normal,Active and Happy,Continue regular monitoring
Max,Siamese,Cat,5,7.8,37.78,154,Alert,Lethargic or Restless,"Monitor closely, consult vet if persists"
Charlie,Persian,Cat,3,6.7,38.64,127,Normal,Active and Happy,Continue regular monitoring
Ruby,Domestic Shorthair,Cat,14,5.5,38.14,121,Normal,Calm and Relaxed,Continue regular monitoring
Charlie,Golden Retriever,Dog,2,31.2,38.45,90,Normal,Active and Happy,Continue regular monitoring
Tiger,Poodle,Dog,4,21.3,38.94,90,Normal,Active and Happy,Continue regular monitoring
Oscar,Ragdoll,Cat,1,28.2,38.48,119,Normal,Active and Happy,Continue regular monitoring
Simba,Siamese,Cat,6,4.9,38.78,125,Normal,Active and Happy,Continue regular monitoring
Coco,Persian,Cat,7,6.5,38.42,121,Normal,Active and Happy,Continue regular monitoring
Milo,German Shepherd,Dog,5,20.2,38.84,83,Normal,Active and Happy,Continue regular monitoring
Max,Labrador Retriever,Dog,7,27.6,39.81,158,Alert,Lethargic or Restless,"Monitor closely, consult vet if persists"
Tiger,Chihuahua,Dog,6,4.2,41.33,162,Critical,Very Lethargic or Distressed,Immediate veterinary attention needed
Cooper,Domestic Shorthair,Cat,4,4.1,38.45,146,Normal,Active and Happy,Continue regular monitoring
Tiger,Chihuahua,Dog,3,2.9,39.76,185,Alert,Lethargic or Restless,"Monitor closely, consult vet if persists"
Toby,Maine Coon,Cat,9,19.7,38.32,119,Normal,Active and Happy,Continue regular monitoring
Jack,Golden Retriever,Dog,5,28.0,38.94,63,Normal,Active and Happy,Continue regular monitoring
Luna,Beagle,Dog,2,6.4,40.59,168,Critical,Very Lethargic or Distressed,Immediate veterinary attention needed
Max,Maine Coon,Cat,17,45.9,38.55,110,Normal,Calm and Relaxed,Continue regular monitoring
Milo,Domestic Shorthair,Cat,17,6.6,38.84,135,Normal,Calm and Relaxed,Continue regular monitoring
Milo,Sphynx,Cat,11,5.4,38.93,150,Normal,Active and Happy,Continue regular monitoring
Tiger,Sphynx,Cat,15,5.1,39.12,136,Normal,Calm and Relaxed,Continue regular monitoring
Milo,Domestic Shorthair,Cat,1,10.7,39.53,177,Alert,Lethargic or Restless,"Monitor closely, consult vet if persists"
Oscar,Labrador Retriever,Dog,14,25.5,38.5,75,Normal,Calm and Relaxed,Continue regular monitoring
Simba,Bulldog,Dog,9,21.9,37.2,169,Critical,Very Lethargic or Distressed,Immediate veterinary attention needed
Coco,Labrador Retriever,Dog,4,17.0,37.61,137,Alert,Lethargic or Restless,"Monitor closely, consult vet if persists"
Leo,Sphynx,Cat,4,2.3,39.09,152,Normal,Active and Happy,Continue regular monitoring
Coco,Chihuahua,Dog,7,3.9,38.9,108,Normal,Active and Happy,Continue regular monitoring
Zoe,Ragdoll,Cat,4,46.3,40.35,160,Alert,Lethargic or Restless,"Monitor closely, consult vet if persists"
Simba,German Shepherd,Dog,1,33.9,38.8,97,Normal,Active and Happy,Continue regular monitoring
Coco,Maine Coon,Cat,9,34.3,38.41,125,Normal,Active and Happy,Continue regular monitoring
Zoe,Golden Retriever,Dog,7,23.3,38.58,98,Normal,Active and Happy,Continue regular monitoring
Leo,Maine Coon,Cat,8,38.6,38.44,128,Normal,Active and Happy,Continue regular monitoring
Ruby,Bengal,Cat,10,16.5,39.17,113,Normal,Active and Happy,Continue regular monitoring
Leo,Bulldog,Dog,7,11.4,38.73,86,Normal,Active and Happy,Continue regular monitoring
Daisy,Domestic Shorthair,Cat,17,6.1,38.58,134,Normal,Calm and Relaxed,Continue regular monitoring
Cooper,Persian,Cat,17,1.5,39.77,143,Alert,Lethargic or Restless,"Monitor closely, consult vet if persists"
Leo,Maine Coon,Cat,6,43.9,38.76,120,Normal,Active and Happy,Continue regular monitoring
Milo,Sphynx,Cat,12,2.9,38.93,159,Normal,Active and Happy,Continue regular monitoring
Leo,Bengal,Cat,16,27.7,38.75,120,Normal,Calm and Relaxed,Continue regular monitoring
Max,Bulldog,Dog,17,18.8,38.65,95,Normal,Calm and Relaxed,Continue regular monitoring
Oscar,Bengal,Cat,16,13.7,39.46,173,Alert,Lethargic or Restless,"Monitor closely, consult vet if persists"
Milo,Labrador Retriever,Dog,5,35.9,39.45,114,Alert,Lethargic or Restless,"Monitor closely, consult vet if persists"
Molly,Poodle,Dog,2,21.3,38.69,97,Normal,Active and Happy,Continue regular monitoring
Tiger,Chihuahua,Dog,1,4.7,37.42,198,Critical,Very Lethargic or Distressed,Immediate veterinary attention needed
Oscar,Maine Coon,Cat,16,29.6,38.18,116,Normal,Calm and Relaxed,Continue regular monitoring
Jack,Chihuahua,Dog,7,5.2,39.17,137,Normal,Active and Happy,Continue regular monitoring
Simba,Chihuahua,Dog,2,3.6,37.87,195,Alert,Lethargic or Restless,"Monitor closely, consult vet if persists"
Luna,German Shepherd,Dog,17,26.7,38.6,96,Normal,Calm and Relaxed,Continue regular monitoring
Daisy,Bengal,Cat,13,17.6,37.24,157,Critical,Very Lethargic or Distressed,Immediate veterinary attention needed
Jack,Labrador Retriever,Dog,1,29.9,38.17,88,Normal,Active and Happy,Continue regular monitoring
Ruby,Golden Retriever,Dog,1,22.1,38.44,85,Normal,Active and Happy,Continue regular monitoring
Zoe,Bulldog,Dog,7,10.0,38.78,100,Normal,Active and Happy,Continue regular monitoring
Lucy,Sphynx,Cat,8,3.4,38.87,136,Normal,Active and Happy,Continue regular monitoring
Tiger,German Shepherd,Dog,1,31.7,38.45,77,Normal,Active and Happy,Continue regular monitoring
Charlie,Sphynx,Cat,1,3.3,39.34,142,Normal,Active and Happy,Continue regular monitoring
Milo,Labrador Retriever,Dog,9,28.8,36.32,201,Critical,Very Lethargic or Distressed,Immediate veterinary attention needed
Coco,Maine Coon,Cat,13,28.6,39.62,149,Alert,Lethargic or Restless,"Monitor closely, consult vet if persists"
Simba,Siamese,Cat,3,4.0,39.08,133,Normal,Active and Happy,Continue regular monitoring
Rocky,Golden Retriever,Dog,15,33.5,38.46,103,Normal,Calm and Relaxed,Continue regular monitoring
Lucy,Bengal,Cat,1,17.5,40.57,164,Critical,Very Lethargic or Distressed,Immediate veterinary attention needed
Luna,Chihuahua,Dog,2,6.5,39.03,126,Normal,Active and Happy,Continue regular monitoring
Toby,Ragdoll,Cat,15,34.1,38.47,123,Normal,Calm and Relaxed,Continue regular monitoring
Max,Siamese,Cat,2,2.6,38.66,134,Normal,Active and Happy,Continue regular monitoring
Buddy,Siamese,Cat,14,8.3,39.57,172,Alert,Lethargic or Restless,"Monitor closely, consult vet if persists"
Toby,Poodle,Dog,1,19.4,38.77,102,Normal,Active and Happy,Continue regular monitoring
Zoe,Siamese,Cat,2,7.4,38.41,136,Normal,Active and Happy,Continue regular monitoring
Charlie,Golden Retriever,Dog,5,10.8,38.69,79,Normal,Active and Happy,Continue regular monitoring
Rocky,Maine Coon,Cat,3,35.2,38.04,134,Normal,Active and Happy,Continue regular monitoring
Daisy,Labrador Retriever,Dog,9,38.7,37.54,128,Alert,Lethargic or Restless,"Monitor closely, consult vet if persists"
Lucy,Ragdoll,Cat,6,24.1,38.65,111,Normal,Active and Happy,Continue regular monitoring
Molly,Chihuahua,Dog,1,7.8,38.97,141,Normal,Active and Happy,Continue regular monitoring
Ruby,Bulldog,Dog,8,15.8,39.05,109,Normal,Active and Happy,Continue regular monitoring
Ruby,Ragdoll,Cat,17,31.4,39.41,120,Alert,Lethargic or Restless,"Monitor closely, consult vet if persists"
Luna,Poodle,Dog,8,11.5,38.95,98,Normal,Active and Happy,Continue regular monitoring
Max,Chihuahua,Dog,13,5.3,38.77,147,Normal,Calm and Relaxed,Continue regular monitoring
Lucy,Bulldog,Dog,8,23.2,38.59,104,Normal,Active and Happy,Continue regular monitoring
Milo,Golden Retriever,Dog,5,32.1,38.55,87,Normal,Active and Happy,Continue regular monitoring
Simba,Labrador Retriever,Dog,4,12.4,39.92,145,Alert,Lethargic or Restless,"Monitor closely, consult vet if persists"
Daisy,German Shepherd,Dog,15,21.2,38.77,103,Normal,Calm and Relaxed,Continue regular monitoring
Oscar,Golden Retriever,Dog,11,39.3,39.85,133,Alert,Lethargic or Restless,"Monitor closely, consult vet if persists"
Max,Persian,Cat,4,6.5,38.46,135,Normal,Active and Happy,Continue regular monitoring
Coco,German Shepherd,Dog,15,34.4,38.5,90,Normal,Calm and Relaxed,Continue regular monitoring
Molly,Maine Coon,Cat,5,36.1,38.26,124,Normal,Active and Happy,Continue regular monitoring
Ruby,Beagle,Dog,6,4.6,38.53,93,Normal,Active and Happy,Continue regular monitoring
Bella,Ragdoll,Cat,7,30.8,38.58,130,Normal,Active and Happy,Continue regular monitoring
Milo,Sphynx,Cat,7,2.0,39.16,131,Normal,Active and Happy,Continue regular monitoring
Simba,Chihuahua,Dog,2,3.3,38.81,146,Normal,Active and Happy,Continue regular monitoring
Max,Poodle,Dog,10,12.5,38.69,86,Normal,Active and Happy,Continue regular monitoring
Cooper,Maine Coon,Cat,10,30.5,37.34,149,Alert,Lethargic or Restless,"Monitor closely, consult vet if persists"
Luna,Bengal,Cat,11,21.1,39.6,159,Alert,Lethargic or Restless,"Monitor closely, consult vet if persists"
Rocky,Siamese,Cat,11,2.1,38.57,131,Normal,Active and Happy,Continue regular monitoring
Leo,Golden Retriever,Dog,1,27.2,38.45,102,Normal,Active and Happy,Continue regular monitoring
Leo,Sphynx,Cat,12,5.4,39.27,147,Normal,Active and Happy,Continue regular monitoring
Milo,Domestic Shorthair,Cat,5,7.3,40.4,169,Alert,Lethargic or Restless,"Monitor closely, consult vet if persists"
Leo,Bulldog,Dog,6,15.8,39.23,99,Normal,Active and Happy,Continue regular monitoring
Max,Ragdoll,Cat,6,24.8,38.74,143,Normal,Active and Happy,Continue regular monitoring
Simba,Bulldog,Dog,1,11.7,37.63,189,Critical,Very Lethargic or Distressed,Immediate veterinary attention needed
Molly,Sphynx,Cat,1,4.8,39.58,181,Alert,Lethargic or Restless,"Monitor closely, consult vet if persists"
Leo,Bengal,Cat,7,12.9,38.95,115,Normal,Active and Happy,Continue regular monitoring
Bella,Sphynx,Cat,9,4.7,39.47,135,Normal,Active and Happy,Continue regular monitoring
Toby,Persian,Cat,10,5.2,40.22,155,Alert,Lethargic or Restless,"Monitor closely, consult vet if persists"
Milo,Beagle,Dog,4,1.0,39.74,167,Alert,Lethargic or Restless,"Monitor closely, consult vet if persists"
Ruby,Bulldog,Dog,2,13.7,38.93,105,Normal,Active and Happy,Continue regular monitoring
Simba,Persian,Cat,5,6.3,38.22,138,Normal,Active and Happy,Continue regular monitoring
Luna,Persian,Cat,2,6.5,38.28,134,Normal,Active and Happy,Continue regular monitoring
Zoe,Chihuahua,Dog,4,6.5,38.99,120,Normal,Active and Happy,Continue regular monitoring
Lucy,Maine Coon,Cat,9,38.9,40.14,182,Critical,Very Lethargic or Distressed,Immediate veterinary attention needed
Luna,Bengal,Cat,9,7.3,38.88,136,Normal,Active and Happy,Continue regular monitoring
Milo,Labrador Retriever,Dog,10,29.8,38.71,92,Normal,Active and Happy,Continue regular monitoring
Tiger,Sphynx,Cat,11,4.5,39.55,130,Normal,Active and Happy,Continue regular monitoring
Simba,Chihuahua,Dog,2,5.3,38.88,128,Normal,Active and Happy,Continue regular monitoring
Simba,Bulldog,Dog,2,15.1,38.5,109,Normal,Active and Happy,Continue regular monitoring
Luna,Persian,Cat,13,3.8,38.44,134,Normal,Calm and Relaxed,Continue regular monitoring
Daisy,Poodle,Dog,17,12.6,38.58,85,Normal,Calm and Relaxed,Continue regular monitoring
Luna,Chihuahua,Dog,7,3.2,39.04,121,Normal,Active and Happy,Continue regular monitoring
Leo,Beagle,Dog,10,6.0,38.67,118,Normal,Active and Happy,Continue regular monitoring
Milo,Ragdoll,Cat,8,23.7,37.73,130,Alert,Lethargic or Restless,"Monitor closely, consult vet if persists"
Daisy,German Shepherd,Dog,17,29.3,38.59,72,Normal,Calm and Relaxed,Continue regular monitoring
Coco,Maine Coon,Cat,10,35.4,38.59,114,Normal,Active and Happy,Continue regular monitoring
Charlie,Persian,Cat,6,5.2,38.41,125,Normal,Active and Happy,Continue regular monitoring
Buddy,Golden Retriever,Dog,5,27.4,39.96,111,Alert,Lethargic or Restless,"Monitor closely, consult vet if persists"
Toby,Beagle,Dog,11,4.2,40.61,142,Alert,Lethargic or Restless,"Monitor closely, consult vet if persists"
Bella,Beagle,Dog,11,4.8,39.51,154,Alert,Lethargic or Restless,"Monitor closely, consult vet if persists"
Zoe,Maine Coon,Cat,17,31.9,38.02,105,Normal,Calm and Relaxed,Continue regular monitoring
Leo,Bulldog,Dog,4,6.3,39.07,111,Normal,Active and Happy,Continue regular monitoring
Ruby,Persian,Cat,7,9.1,37.56,137,Alert,Lethargic or Restless,"Monitor closely, consult vet if persists"
Ruby,Poodle,Dog,16,15.3,38.48,89,Normal,Calm and Relaxed,Continue regular monitoring
Daisy,Bulldog,Dog,9,7.5,37.98,157,Alert,Lethargic or Restless,"Monitor closely, consult vet if persists"
Coco,Bengal,Cat,1,13.0,39.68,158,Alert,Lethargic or Restless,"Monitor closely, consult vet if persists"
Daisy,Labrador Retriever,Dog,9,34.9,39.93,128,Alert,Lethargic or Restless,"Monitor closely, consult vet if persists"
Simba,Sphynx,Cat,15,1.4,39.2,143,Normal,Calm and Relaxed,Continue regular monitoring
Buddy,Maine Coon,Cat,14,33.2,38.08,131,Normal,Calm and Relaxed,Continue regular monitoring
Lucy,Labrador Retriever,Dog,11,26.5,38.89,95,Normal,Active and Happy,Continue regular monitoring
Cooper,Ragdoll,Cat,2,21.7,38.74,118,Normal,Active and Happy,Continue regular monitoring
Lucy,Maine Coon,Cat,7,23.5,40.07,143,Alert,Lethargic or Restless,"Monitor closely, consult vet if persists"
Buddy,Ragdoll,Cat,9,31.2,38.2,123,Normal,Active and Happy,Continue regular monitoring
Buddy,Siamese,Cat,8,2.5,37.29,134,Critical,Very Lethargic or Distressed,Immediate veterinary attention needed
Luna,German Shepherd,Dog,4,28.3,38.49,92,Normal,Active and Happy,Continue regular monitoring
Charlie,German Shepherd,Dog,11,30.2,38.7,84,Normal,Active and Happy,Continue regular monitoring
Molly,Ragdoll,Cat,1,28.5,38.48,124,Normal,Active and Happy,Continue regular monitoring
Simba,Sphynx,Cat,6,6.4,38.98,125,Normal,Active and Happy,Continue regular monitoring
Zoe,Persian,Cat,5,5.7,38.54,150,Normal,Active and Happy,Continue regular monitoring
Lucy,Bulldog,Dog,16,29.1,38.32,83,Normal,Calm and Relaxed,Continue regular monitoring
Molly,Bengal,Cat,14,2.5,38.56,130,Normal,Calm and Relaxed,Continue regular monitoring
Buddy,Maine Coon,Cat,5,35.0,38.19,120,Normal,Active and Happy,Continue regular monitoring
Max,Bengal,Cat,8,20.8,38.56,132,Normal,Active and Happy,Continue regular monitoring
Charlie,Chihuahua,Dog,3,7.3,39.13,135,Normal,Active and Happy,Continue regular monitoring
Ruby,German Shepherd,Dog,1,33.6,37.96,126,Alert,Lethargic or Restless,"Monitor closely, consult vet if persists"
Molly,Ragdoll,Cat,16,43.1,37.78,158,Alert,Lethargic or Restless,"Monitor closely, consult vet if persists"
Cooper,Domestic Shorthair,Cat,4,2.1,38.54,127,Normal,Active and Happy,Continue regular monitoring
Lucy,Chihuahua,Dog,1,4.9,39.16,120,Normal,Active and Happy,Continue regular monitoring
Rocky,Domestic Shorthair,Cat,5,3.9,38.46,134,Normal,Active and Happy,Continue regular monitoring
Lucy,Beagle,Dog,3,3.0,38.94,127,Normal,Active and Happy,Continue regular monitoring
Charlie,Labrador Retriever,Dog,3,27.8,38.42,86,Normal,Active and Happy,Continue regular monitoring
Lucy,Maine Coon,Cat,2,19.1,39.87,161,Alert,Lethargic or Restless,"Monitor closely, consult vet if persists"
Luna,Bengal,Cat,6,8.7,38.45,146,Normal,Active and Happy,Continue regular monitoring
Jack,Ragdoll,Cat,15,35.7,38.5,101,Normal,Calm and Relaxed,Continue regular monitoring
Leo,Labrador Retriever,Dog,6,17.8,38.35,77,Normal,Active and Happy,Continue regular monitoring
Molly,Persian,Cat,4,4.7,38.66,128,Normal,Active and Happy,Continue regular monitoring
Zoe,Chihuahua,Dog,1,2.8,39.83,187,Alert,Lethargic or Restless,"Monitor closely, consult vet if persists"
Ruby,Domestic Shorthair,Cat,5,6.3,38.43,131,Normal,Active and Happy,Continue regular monitoring
Buddy,Maine Coon,Cat,6,21.5,39.33,140,Alert,Lethargic or Restless,"Monitor closely, consult vet if persists"
Ruby,Ragdoll,Cat,13,42.9,39.8,158,Alert,Lethargic or Restless,"Monitor closely, consult vet if persists"
Ruby,Siamese,Cat,3,7.5,37.75,177,Alert,Lethargic or Restless,"Monitor closely, consult vet if persists"
Jack,Beagle,Dog,15,7.5,40.0,138,Alert,Lethargic or Restless,"Monitor closely, consult vet if persists"
Buddy,Persian,Cat,4,1.6,37.31,169,Critical,Very Lethargic or Distressed,Immediate veterinary attention needed
Jack,Golden Retriever,Dog,8,26.4,38.96,76,Normal,Active and Happy,Continue regular monitoring
Lucy,Ragdoll,Cat,8,28.3,38.26,132,Normal,Active and Happy,Continue regular monitoring
Leo,Chihuahua,Dog,8,4.8,38.82,134,Normal,Active and Happy,Continue regular monitoring
Lucy,Sphynx,Cat,4,3.7,40.58,187,Alert,Lethargic or Restless,"Monitor closely, consult vet if persists"
Oscar,Bengal,Cat,8,18.0,38.65,136,Normal,Active and Happy,Continue regular monitoring
Molly,Beagle,Dog,11,4.8,39.61,150,Alert,Lethargic or Restless,"Monitor closely, consult vet if persists"
Cooper,Maine Coon,Cat,3,32.5,36.63,149,Critical,Very Lethargic or Distressed,Immediate veterinary attention needed
Luna,Poodle,Dog,5,17.8,38.66,108,Normal,Active and Happy,Continue regular monitoring
Molly,Bengal,Cat,1,17.9,38.55,121,Normal,Active and Happy,Continue regular monitoring
Ruby,Poodle,Dog,9,21.4,38.75,103,Normal,Active and Happy,Continue regular monitoring
Zoe,Bulldog,Dog,2,19.7,37.44,146,Critical,Very Lethargic or Distressed,Immediate veterinary attention needed
Oscar,Poodle,Dog,4,12.0,38.91,107,Normal,Active and Happy,Continue regular monitoring
Coco,German Shepherd,Dog,12,25.8,38.7,82,Normal,Active and Happy,Continue regular monitoring
Daisy,Sphynx,Cat,16,6.0,39.9,152,Alert,Lethargic or Restless,"Monitor closely, consult vet if persists"
Max,Beagle,Dog,14,7.4,38.66,110,Normal,Calm and Relaxed,Continue regular monitoring
Lucy,Siamese,Cat,1,7.1,38.0,192,Critical,Very Lethargic or Distressed,Immediate veterinary attention needed
Charlie,Siamese,Cat,7,3.5,38.54,135,Normal,Active and Happy,Continue regular monitoring
Jack,Domestic Shorthair,Cat,12,8.4,41.18,164,Critical,Very Lethargic or Distressed,Immediate veterinary attention needed
Buddy,Bulldog,Dog,1,24.0,40.17,149,Alert,Lethargic or Restless,"Monitor closely, consult vet if persists"
Zoe,Persian,Cat,6,4.6,38.29,134,Normal,Active and Happy,Continue regular monitoring
Zoe,Ragdoll,Cat,3,36.0,38.57,136,Normal,Active and Happy,Continue regular monitoring
Coco,Golden Retriever,Dog,15,24.9,38.6,77,Normal,Calm and Relaxed,Continue regular monitoring
Jack,Beagle,Dog,8,2.7,40.1,195,Alert,Lethargic or Restless,"Monitor closely, consult vet if persists"
Toby,Persian,Cat,11,3.3,37.5,175,Critical,Very Lethargic or Distressed,Immediate veterinary attention needed
Bella,Domestic Shorthair,Cat,6,5.2,38.74,136,Normal,Active and Happy,Continue regular monitoring
Daisy,Ragdoll,Cat,6,31.0,38.61,114,Normal,Active and Happy,Continue regular monitoring
Buddy,Sphynx,Cat,5,7.2,40.13,162,Alert,Lethargic or Restless,"Monitor closely, consult vet if persists"
Leo,Persian,Cat,8,4.9,38.66,126,Normal,Active and Happy,Continue regular monitoring
Buddy,Ragdoll,Cat,1,45.1,37.52,138,Alert,Lethargic or Restless,"Monitor closely, consult vet if persists"
Cooper,Siamese,Cat,14,3.3,38.66,108,Normal,Calm and Relaxed,Continue regular monitoring
Charlie,Bengal,Cat,7,7.6,38.67,131,Normal,Active and Happy,Continue regular monitoring
Oscar,German Shepherd,Dog,7,37.0,40.01,111,Alert,Lethargic or Restless,"Monitor closely, consult vet if persists"
Molly,Persian,Cat,2,9.2,38.52,105,Normal,Active and Happy,Continue regular monitoring
Zoe,Golden Retriever,Dog,2,23.6,38.46,95,Normal,Active and Happy,Continue regular monitoring
Molly,Poodle,Dog,4,16.6,38.53,100,Normal,Active and Happy,Continue regular monitoring
Max,Beagle,Dog,7,7.5,38.74,111,Normal,Active and Happy,Continue regular monitoring
Molly,Maine Coon,Cat,8,18.2,37.31,144,Critical,Very Lethargic or Distressed,Immediate veterinary attention needed
Ruby,Chihuahua,Dog,12,2.3,40.39,184,Alert,Lethargic or Restless,"Monitor closely, consult vet if persists"
Ruby,Ragdoll,Cat,6,26.8,38.58,141,Normal,Active and Happy,Continue regular monitoring
Charlie,Domestic Shorthair,Cat,6,1.3,39.79,170,Alert,Lethargic or Restless,"Monitor closely, consult vet if persists"
Molly,Sphynx,Cat,12,4.5,39.42,144,Normal,Active and Happy,Continue regular monitoring
Leo,Persian,Cat,4,6.6,38.67,123,Normal,Active and Happy,Continue regular monitoring
Zoe,Chihuahua,Dog,1,4.1,39.16,127,Normal,Active and Happy,Continue regular monitoring
Simba,Golden Retriever,Dog,1,37.8,38.49,105,Normal,Active and Happy,Continue regular monitoring
Coco,Ragdoll,Cat,6,40.7,38.74,126,Normal,Active and Happy,Continue regular monitoring
Simba,Bengal,Cat,4,12.8,39.39,175,Alert,Lethargic or Restless,"Monitor closely, consult vet if persists"
Buddy,Poodle,Dog,6,24.8,38.87,106,Normal,Active and Happy,Continue regular monitoring
Lucy,German Shepherd,Dog,8,38.9,39.94,161,Alert,Lethargic or Restless,"Monitor closely, consult vet if persists"
Toby,Siamese,Cat,17,4.2,38.67,124,Normal,Calm and Relaxed,Continue regular monitoring
Cooper,Maine Coon,Cat,12,26.4,38.3,126,Normal,Active and Happy,Continue regular monitoring
Luna,Persian,Cat,16,5.9,39.97,152,Alert,Lethargic or Restless,"Monitor closely, consult vet if persists"
Charlie,Ragdoll,Cat,8,14.4,39.47,136,Alert,Lethargic or Restless,"Monitor closely, consult vet if persists"
Ruby,German Shepherd,Dog,2,19.0,38.75,100,Normal,Active and Happy,Continue regular monitoring
Rocky,German Shepherd,Dog,1,37.2,41.02,146,Critical,Very Lethargic or Distressed,Immediate veterinary attention needed
Max,Ragdoll,Cat,2,28.5,38.79,126,Normal,Active and Happy,Continue regular monitoring
Milo,Chihuahua,Dog,6,2.8,38.9,139,Normal,Active and Happy,Continue regular monitoring
Toby,Golden Retriever,Dog,9,26.1,37.32,160,Alert,Lethargic or Restless,"Monitor closely, consult vet if persists"
Ruby,Domestic Shorthair,Cat,9,5.2,38.63,130,Normal,Active and Happy,Continue regular monitoring
Simba,German Shepherd,Dog,12,26.5,38.96,88,Normal,Active and Happy,Continue regular monitoring
Zoe,Domestic Shorthair,Cat,12,4.7,38.63,114,Normal,Active and Happy,Continue regular monitoring
Daisy,Domestic Shorthair,Cat,4,1.0,36.92,169,Critical,Very Lethargic or Distressed,Immediate veterinary attention needed
Max,Chihuahua,Dog,1,6.1,39.95,190,Alert,Lethargic or Restless,"Monitor closely, consult vet if persists"
Simba,German Shepherd,Dog,9,23.4,38.51,93,Normal,Active and Happy,Continue regular monitoring
Buddy,Golden Retriever,Dog,6,24.6,38.97,76,Normal,Active and Happy,Continue regular monitoring
Coco,Poodle,Dog,3,25.3,39.47,147,Alert,Lethargic or Restless,"Monitor closely, consult vet if persists"
Daisy,Bulldog,Dog,10,14.4,38.97,107,Normal,Active and Happy,Continue regular monitoring
Molly,Sphynx,Cat,11,3.1,39.5,130,Normal,Active and Happy,Continue regular monitoring
Molly,Poodle,Dog,5,19.0,38.55,96,Normal,Active and Happy,Continue regular monitoring
Lucy,Bengal,Cat,9,23.8,39.14,125,Normal,Active and Happy,Continue regular monitoring
Lucy,Bengal,Cat,6,16.6,38.71,139,Normal,Active and Happy,Continue regular monitoring
Jack,Ragdoll,Cat,1,24.9,38.62,114,Normal,Active and Happy,Continue regular monitoring
Jack,Bengal,Cat,4,21.2,38.86,121,Normal,Active and Happy,Continue regular monitoring
Bella,Bulldog,Dog,5,8.0,39.02,148,Alert,Lethargic or Restless,"Monitor closely, consult vet if persists"
Buddy,Ragdoll,Cat,11,30.8,38.7,108,Normal,Active and Happy,Continue regular monitoring
Bella,Persian,Cat,10,4.1,40.06,198,Critical,Very Lethargic or Distressed,Immediate veterinary attention needed
Ruby,Labrador Retriever,Dog,1,27.4,38.65,104,Normal,Active and Happy,Continue regular monitoring
Molly,Siamese,Cat,6,4.6,39.52,159,Alert,Lethargic or Restless,"Monitor closely, consult vet if persists"
Rocky,Chihuahua,Dog,16,6.3,37.59,189,Alert,Lethargic or Restless,"Monitor closely, consult vet if persists"
Molly,Bulldog,Dog,5,18.1,38.88,106,Normal,Active and Happy,Continue regular monitoring
Simba,Maine Coon,Cat,6,13.8,38.41,100,Normal,Active and Happy,Continue regular monitoring
Cooper,Ragdoll,Cat,6,33.8,38.39,119,Normal,Active and Happy,Continue regular monitoring
Simba,Poodle,Dog,5,13.2,38.68,95,Normal,Active and Happy,Continue regular monitoring
Ruby,Chihuahua,Dog,4,7.1,38.85,130,Normal,Active and Happy,Continue regular monitoring
Leo,Beagle,Dog,3,5.4,38.56,129,Normal,Active and Happy,Continue regular monitoring
Daisy,Persian,Cat,7,3.0,38.54,133,Normal,Active and Happy,Continue regular monitoring
Zoe,German Shepherd,Dog,7,21.8,40.14,144,Alert,Lethargic or Restless,"Monitor closely, consult vet if persists"
Rocky,Domestic Shorthair,Cat,5,6.2,38.74,127,Normal,Active and Happy,Continue regular monitoring
Zoe,Persian,Cat,10,5.1,38.35,126,Normal,Active and Happy,Continue regular monitoring
Leo,Labrador Retriever,Dog,12,22.8,38.19,72,Normal,Active and Happy,Continue regular monitoring
Ruby,Ragdoll,Cat,13,28.6,38.63,120,Normal,Calm and Relaxed,Continue regular monitoring
Toby,Domestic Shorthair,Cat,8,4.4,38.37,128,Normal,Active and Happy,Continue regular monitoring
Lucy,Domestic Shorthair,Cat,16,5.2,39.71,175,Alert,Lethargic or Restless,"Monitor closely, consult vet if persists"
Lucy,German Shepherd,Dog,12,38.5,38.28,96,Normal,Active and Happy,Continue regular monitoring
Leo,German Shepherd,Dog,4,33.1,39.62,124,Alert,Lethargic or Restless,"Monitor closely, consult vet if persists"
Luna,Bengal,Cat,6,13.0,38.95,144,Normal,Active and Happy,Continue regular monitoring
Bella,Domestic Shorthair,Cat,10,6.8,38.24,117,Normal,Active and Happy,Continue regular monitoring
Charlie,German Shepherd,Dog,2,26.0,38.48,95,Normal,Active and Happy,Continue regular monitoring
Jack,Ragdoll,Cat,1,8.6,38.64,119,Normal,Active and Happy,Continue regular monitoring
Leo,Ragdoll,Cat,7,24.2,38.66,101,Normal,Active and Happy,Continue regular monitoring
Molly,Ragdoll,Cat,14,38.1,38.58,116,Normal,Calm and Relaxed,Continue regular monitoring
Daisy,Sphynx,Cat,15,1.0,39.19,124,Normal,Calm and Relaxed,Continue regular monitoring
Milo,Bulldog,Dog,9,14.3,38.49,104,Normal,Active and Happy,Continue regular monitoring
Simba,Maine Coon,Cat,4,37.3,38.14,119,Normal,Active and Happy,Continue regular monitoring
Tiger,Domestic Shorthair,Cat,4,1.5,38.43,147,Normal,Active and Happy,Continue regular monitoring
Zoe,Sphynx,Cat,9,6.1,38.84,131,Normal,Active and Happy,Continue regular monitoring
Oscar,Siamese,Cat,7,3.1,40.18,192,Critical,Very Lethargic or Distressed,Immediate veterinary attention needed
Buddy,Siamese,Cat,7,7.2,38.81,134,Normal,Active and Happy,Continue regular monitoring
Daisy,Beagle,Dog,3,5.3,38.66,105,Normal,Active and Happy,Continue regular monitoring
Toby,Domestic Shorthair,Cat,8,6.9,38.89,124,Normal,Active and Happy,Continue regular monitoring
Zoe,Ragdoll,Cat,9,33.5,38.54,119,Normal,Active and Happy,Continue regular monitoring
Daisy,Beagle,Dog,10,3.7,37.79,170,Alert,Lethargic or Restless,"Monitor closely, consult vet if persists"
Buddy,Bengal,Cat,13,14.7,38.78,135,Normal,Calm and Relaxed,Continue regular monitoring
Molly,Poodle,Dog,14,20.1,38.84,97,Normal,Calm and Relaxed,Continue regular monitoring
Jack,Labrador Retriever,Dog,8,29.3,37.55,123,Alert,Lethargic or Restless,"Monitor closely, consult vet if persists"
Ruby,Beagle,Dog,5,4.9,39.62,159,Alert,Lethargic or Restless,"Monitor closely, consult vet if persists"
Luna,Siamese,Cat,5,3.0,38.8,132,Normal,Active and Happy,Continue regular monitoring
Charlie,Beagle,Dog,9,2.7,38.85,123,Normal,Active and Happy,Continue regular monitoring
Cooper,Bulldog,Dog,8,21.2,38.87,75,Normal,Active and Happy,Continue regular monitoring
Simba,Bulldog,Dog,1,6.4,38.48,101,Normal,Active and Happy,Continue regular monitoring
Luna,Bengal,Cat,9,11.6,38.74,140,Normal,Active and Happy,Continue regular monitoring
Rocky,Chihuahua,Dog,5,1.6,38.82,114,Normal,Active and Happy,Continue regular monitoring
Tiger,German Shepherd,Dog,14,23.6,38.84,72,Normal,Calm and Relaxed,Continue regular monitoring
Toby,Persian,Cat,2,5.8,38.51,110,Normal,Active and Happy,Continue regular monitoring
Max,Chihuahua,Dog,14,1.0,38.74,120,Normal,Calm and Relaxed,Continue regular monitoring
Lucy,Poodle,Dog,5,14.1,38.58,99,Normal,Active and Happy,Continue regular monitoring
Rocky,Maine Coon,Cat,10,29.2,38.13,128,Normal,Active and Happy,Continue regular monitoring
Rocky,Persian,Cat,16,3.4,38.09,122,Normal,Calm and Relaxed,Continue regular monitoring
Leo,Poodle,Dog,14,19.1,38.7,81,Normal,Calm and Relaxed,Continue regular monitoring
Ruby,Golden Retriever,Dog,2,25.4,38.77,78,Normal,Active and Happy,Continue regular monitoring
Buddy,Maine Coon,Cat,3,10.2,40.17,136,Alert,Lethargic or Restless,"Monitor closely, consult vet if persists"
Zoe,Maine Coon,Cat,4,32.1,38.01,111,Normal,Active and Happy,Continue regular monitoring
Leo,Domestic Shorthair,Cat,3,4.7,37.26,160,Critical,Very Lethargic or Distressed,Immediate veterinary attention needed
Toby,Bulldog,Dog,2,5.2,38.5,129,Normal,Active and Happy,Continue regular monitoring
Charlie,Maine Coon,Cat,16,29.1,38.36,99,Normal,Calm and Relaxed,Continue regular monitoring
Max,Chihuahua,Dog,7,3.3,39.97,172,Alert,Lethargic or Restless,"Monitor closely, consult vet if persists"
Ruby,Labrador Retriever,Dog,4,33.7,38.73,74,Normal,Active and Happy,Continue regular monitoring
Leo,Labrador Retriever,Dog,1,49.5,40.67,210,Critical,Very Lethargic or Distressed,Immediate veterinary attention needed
Luna,Domestic Shorthair,Cat,17,3.0,39.91,158,Alert,Lethargic or Restless,"Monitor closely, consult vet if persists"
Coco,Poodle,Dog,11,24.1,39.92,167,Alert,Lethargic or Restless,"Monitor closely, consult vet if persists"
Buddy,Domestic Shorthair,Cat,13,7.1,39.62,137,Alert,Lethargic or Restless,"Monitor closely, consult vet if persists"
Coco,Domestic Shorthair,Cat,8,5.1,37.72,124,Critical,Very Lethargic or Distressed,Immediate veterinary attention needed
Milo,Bengal,Cat,3,9.8,38.62,129,Normal,Active and Happy,Continue regular monitoring
Leo,Golden Retriever,Dog,4,29.0,41.14,144,Critical,Very Lethargic or Distressed,Immediate veterinary attention needed
Tiger,Labrador Retriever,Dog,15,35.0,37.38,125,Alert,Lethargic or Restless,"Monitor closely, consult vet if persists"
Simba,Chihuahua,Dog,9,6.1,38.6,138,Normal,Active and Happy,Continue regular monitoring
Leo,Chihuahua,Dog,6,5.2,38.76,141,Normal,Active and Happy,Continue regular monitoring
Toby,Maine Coon,Cat,5,36.4,38.73,137,Normal,Active and Happy,Continue regular monitoring
Charlie,Beagle,Dog,5,4.9,40.11,205,Critical,Very Lethargic or Distressed,Immediate veterinary attention needed
Molly,Bulldog,Dog,4,9.6,38.8,92,Normal,Active and Happy,Continue regular monitoring
Daisy,Domestic Shorthair,Cat,15,6.7,37.82,132,Alert,Lethargic or Restless,"Monitor closely, consult vet if persists"
Molly,German Shepherd,Dog,7,26.6,38.79,96,Normal,Active and Happy,Continue regular monitoring
Daisy,Bulldog,Dog,3,23.2,38.51,109,Normal,Active and Happy,Continue regular monitoring
Milo,Siamese,Cat,15,7.0,38.38,110,Normal,Calm and Relaxed,Continue regular monitoring
Leo,Golden Retriever,Dog,6,24.7,39.08,90,Normal,Active and Happy,Continue regular monitoring
Oscar,Sphynx,Cat,2,4.6,39.15,138,Normal,Active and Happy,Continue regular monitoring
Ruby,Maine Coon,Cat,17,28.1,38.34,123,Normal,Calm and Relaxed,Continue regular monitoring
Oscar,Chihuahua,Dog,8,8.8,39.13,132,Normal,Active and Happy,Continue regular monitoring
Tiger,Poodle,Dog,14,16.3,39.09,103,Normal,Calm and Relaxed,Continue regular monitoring
Ruby,Chihuahua,Dog,14,4.5,40.73,203,Critical,Very Lethargic or Distressed,Immediate veterinary attention needed
Tiger,Ragdoll,Cat,9,26.2,38.75,114,Normal,Active and Happy,Continue regular monitoring
Bella,Maine Coon,Cat,9,25.0,38.29,117,Normal,Active and Happy,Continue regular monitoring
Luna,Persian,Cat,1,5.0,38.42,135,Normal,Active and Happy,Continue regular monitoring
Lucy,Ragdoll,Cat,12,38.6,38.57,106,Normal,Active and Happy,Continue regular monitoring
Tiger,Siamese,Cat,17,4.4,39.1,97,Normal,Calm and Relaxed,Continue regular monitoring
Oscar,Domestic Shorthair,Cat,13,3.9,38.66,121,Normal,Calm and Relaxed,Continue regular monitoring
Tiger,Labrador Retriever,Dog,7,32.5,38.51,80,Normal,Active and Happy,Continue regular monitoring
Max,Chihuahua,Dog,6,8.2,39.14,127,Normal,Active and Happy,Continue regular monitoring
Leo,German Shepherd,Dog,9,36.9,40.03,133,Alert,Lethargic or Restless,"Monitor closely, consult vet if persists"
Cooper,Poodle,Dog,13,6.4,38.79,100,Normal,Calm and Relaxed,Continue regular monitoring
Cooper,Poodle,Dog,11,11.8,38.77,110,Normal,Active and Happy,Continue regular monitoring
Simba,Chihuahua,Dog,9,5.8,40.14,159,Alert,Lethargic or Restless,"Monitor closely, consult vet if persists"
Coco,Poodle,Dog,4,15.7,38.62,97,Normal,Active and Happy,Continue regular monitoring
Buddy,Bulldog,Dog,4,21.8,39.01,108,Normal,Active and Happy,Continue regular monitoring
Molly,Siamese,Cat,3,3.4,39.9,190,Critical,Very Lethargic or Distressed,Immediate veterinary attention needed
Lucy,Golden Retriever,Dog,5,30.4,40.06,118,Alert,Lethargic or Restless,"Monitor closely, consult vet if persists"
Toby,Labrador Retriever,Dog,5,39.5,38.37,75,Normal,Active and Happy,Continue regular monitoring
Jack,Persian,Cat,6,5.2,38.39,129,Normal,Active and Happy,Continue regular monitoring
Jack,Bulldog,Dog,9,20.4,38.7,111,Normal,Active and Happy,Continue regular monitoring
Daisy,Ragdoll,Cat,6,27.0,38.56,133,Normal,Active and Happy,Continue regular monitoring
Zoe,Poodle,Dog,1,5.6,38.64,83,Normal,Active and Happy,Continue regular monitoring
Lucy,Golden Retriever,Dog,17,31.5,38.81,92,Normal,Calm and Relaxed,Continue regular monitoring
Ruby,Labrador Retriever,Dog,16,15.8,38.63,90,Normal,Calm and Relaxed,Continue regular monitoring
Molly,Domestic Shorthair,Cat,7,3.9,37.54,171,Critical,Very Lethargic or Distressed,Immediate veterinary attention needed
Cooper,Ragdoll,Cat,3,35.3,38.72,127,Normal,Active and Happy,Continue regular monitoring
Simba,Chihuahua,Dog,10,7.0,40.36,204,Alert,Lethargic or Restless,"Monitor closely, consult vet if persists"
Zoe,Persian,Cat,13,4.2,38.21,144,Normal,Calm and Relaxed,Continue regular monitoring
Rocky,German Shepherd,Dog,16,28.9,40.09,186,Critical,Very Lethargic or Distressed,Immediate veterinary attention needed
Charlie,Poodle,Dog,7,15.6,38.55,95,Normal,Active and Happy,Continue regular monitoring
Bella,Labrador Retriever,Dog,7,37.4,38.68,91,Normal,Active and Happy,Continue regular monitoring
Leo,Siamese,Cat,17,4.1,38.53,110,Normal,Calm and Relaxed,Continue regular monitoring
Oscar,Sphynx,Cat,17,5.9,39.13,150,Normal,Calm and Relaxed,Continue regular monitoring
Oscar,Bulldog,Dog,5,18.8,38.57,108,Normal,Active and Happy,Continue regular monitoring
Buddy,Domestic Shorthair,Cat,16,4.6,38.25,112,Normal,Calm and Relaxed,Continue regular monitoring
Rocky,Beagle,Dog,8,4.2,38.85,88,Normal,Active and Happy,Continue regular monitoring
Max,Beagle,Dog,1,6.0,39.66,176,Alert,Lethargic or Restless,"Monitor closely, consult vet if persists"
Oscar,Beagle,Dog,2,2.4,40.45,205,Critical,Very Lethargic or Distressed,Immediate veterinary attention needed
Charlie,Domestic Shorthair,Cat,10,1.0,38.75,125,Normal,Active and Happy,Continue regular monitoring
Coco,Siamese,Cat,4,1.7,38.79,123,Normal,Active and Happy,Continue regular monitoring
Zoe,Siamese,Cat,1,4.1,38.57,125,Normal,Active and Happy,Continue regular monitoring
Jack,Siamese,Cat,9,9.0,40.79,216,Critical,Very Lethargic or Distressed,Immediate veterinary attention needed
Lucy,Chihuahua,Dog,3,2.7,40.0,159,Alert,Lethargic or Restless,"Monitor closely, consult vet if persists"
Luna,Maine Coon,Cat,17,24.8,38.52,115,Normal,Calm and Relaxed,Continue regular monitoring
Zoe,Siamese,Cat,3,1.9,39.56,213,Alert,Lethargic or Restless,"Monitor closely, consult vet if persists"
Luna,Domestic Shorthair,Cat,3,5.5,38.63,137,Normal,Active and Happy,Continue regular monitoring
Coco,Maine Coon,Cat,4,29.9,38.16,132,Normal,Active and Happy,Continue regular monitoring
Simba,Golden Retriever,Dog,14,21.5,38.28,82,Normal,Calm and Relaxed,Continue regular monitoring
Tiger,Beagle,Dog,8,8.1,37.76,169,Alert,Lethargic or Restless,"Monitor closely, consult vet if persists"
Jack,Poodle,Dog,17,18.6,38.79,64,Normal,Calm and Relaxed,Continue regular monitoring
Rocky,Golden Retriever,Dog,1,29.7,38.53,85,Normal,Active and Happy,Continue regular monitoring
Milo,Maine Coon,Cat,7,24.0,38.08,128,Normal,Active and Happy,Continue regular monitoring
Bella,Bulldog,Dog,13,15.4,38.84,99,Normal,Calm and Relaxed,Continue regular monitoring
Lucy,Sphynx,Cat,11,6.4,39.64,129,Normal,Active and Happy,Continue regular monitoring
Cooper,Poodle,Dog,15,10.7,38.72,88,Normal,Calm and Relaxed,Continue regular monitoring
Milo,Bengal,Cat,2,19.1,37.64,147,Alert,Lethargic or Restless,"Monitor closely, consult vet if persists"
Coco,Poodle,Dog,4,14.1,40.65,130,Alert,Lethargic or Restless,"Monitor closely, consult vet if persists"
Molly,Bengal,Cat,2,11.3,38.68,133,Normal,Active and Happy,Continue regular monitoring
Milo,Poodle,Dog,1,23.6,38.61,105,Normal,Active and Happy,Continue regular monitoring
Bella,Beagle,Dog,4,2.6,38.79,125,Normal,Active and Happy,Continue regular monitoring
Molly,Golden Retriever,Dog,13,27.2,38.7,98,Normal,Calm and Relaxed,Continue regular monitoring
Buddy,Siamese,Cat,5,1.0,39.86,156,Alert,Lethargic or Restless,"Monitor closely, consult vet if persists"
Rocky,Labrador Retriever,Dog,3,44.4,38.63,84,Normal,Active and Happy,Continue regular monitoring
Molly,Maine Coon,Cat,8,35.8,37.66,134,Alert,Lethargic or Restless,"Monitor closely, consult vet if persists"
Ruby,Sphynx,Cat,1,6.6,39.45,141,Normal,Active and Happy,Continue regular monitoring
Rocky,Ragdoll,Cat,5,31.6,40.71,151,Critical,Very Lethargic or Distressed,Immediate veterinary attention needed
Daisy,Poodle,Dog,6,10.5,38.09,88,Normal,Active and Happy,Continue regular monitoring
Oscar,Domestic Shorthair,Cat,1,7.1,38.69,114,Normal,Active and Happy,Continue regular monitoring
Bella,Beagle,Dog,6,7.3,38.96,107,Normal,Active and Happy,Continue regular monitoring
Max,Golden Retriever,Dog,6,29.5,37.7,120,Alert,Lethargic or Restless,"Monitor closely, consult vet if persists"
Zoe,Labrador Retriever,Dog,14,24.6,38.57,82,Normal,Calm and Relaxed,Continue regular monitoring
Coco,Persian,Cat,17,6.2,38.27,132,Normal,Calm and Relaxed,Continue regular monitoring
Molly,Poodle,Dog,6,13.7,38.62,93,Normal,Active and Happy,Continue regular monitoring
Ruby,Persian,Cat,4,4.9,39.45,134,Alert,Lethargic or Restless,"Monitor closely, consult vet if persists"
Rocky,Siamese,Cat,5,5.4,38.53,112,Normal,Active and Happy,Continue regular monitoring
Luna,Labrador Retriever,Dog,14,12.3,40.28,111,Critical,Very Lethargic or Distressed,Immediate veterinary attention needed
Molly,Siamese,Cat,16,6.7,38.32,117,Normal,Calm and Relaxed,Continue regular monitoring
Zoe,German Shepherd,Dog,3,28.6,38.85,94,Normal,Active and Happy,Continue regular monitoring
Simba,Golden Retriever,Dog,7,31.1,37.98,100,Normal,Active and Happy,Continue regular monitoring
Bella,Ragdoll,Cat,15,21.9,38.0,113,Normal,Calm and Relaxed,Continue regular monitoring
Milo,Chihuahua,Dog,2,6.3,38.91,123,Normal,Active and Happy,Continue regular monitoring
Zoe,Bengal,Cat,2,15.7,38.51,134,Normal,Active and Happy,Continue regular monitoring
Molly,Maine Coon,Cat,6,17.0,38.16,121,Normal,Active and Happy,Continue regular monitoring
Zoe,Beagle,Dog,13,5.9,39.07,101,Normal,Calm and Relaxed,Continue regular monitoring
Toby,Maine Coon,Cat,3,43.1,38.55,113,Normal,Active and Happy,Continue regular monitoring
Leo,Domestic Shorthair,Cat,5,3.1,38.64,124,Normal,Active and Happy,Continue regular monitoring
Jack,Siamese,Cat,3,2.5,36.98,153,Critical,Very Lethargic or Distressed,Immediate veterinary attention needed
Cooper,Maine Coon,Cat,11,36.8,37.57,178,Alert,Lethargic or Restless,"Monitor closely, consult vet if persists"
Leo,Sphynx,Cat,4,7.6,39.15,138,Normal,Active and Happy,Continue regular monitoring
Rocky,Poodle,Dog,10,12.4,38.36,90,Normal,Active and Happy,Continue regular monitoring
Zoe,Bengal,Cat,15,15.1,38.6,132,Normal,Calm and Relaxed,Continue regular monitoring
Milo,German Shepherd,Dog,2,39.5,38.45,76,Normal,Active and Happy,Continue regular monitoring
Rocky,Maine Coon,Cat,9,41.8,38.37,97,Normal,Active and Happy,Continue regular monitoring
Lucy,German Shepherd,Dog,7,28.8,39.91,136,Alert,Lethargic or Restless,"Monitor closely, consult vet if persists"
Buddy,Bengal,Cat,14,17.0,37.93,143,Alert,Lethargic or Restless,"Monitor closely, consult vet if persists"
Zoe,Persian,Cat,3,4.8,39.26,175,Alert,Lethargic or Restless,"Monitor closely, consult vet if persists"
Rocky,Ragdoll,Cat,3,31.5,39.92,158,Alert,Lethargic or Restless,"Monitor closely, consult vet if persists"
Leo,German Shepherd,Dog,2,21.6,38.63,104,Normal,Active and Happy,Continue regular monitoring
Cooper,Chihuahua,Dog,8,4.9,39.02,127,Normal,Active and Happy,Continue regular monitoring
Daisy,Beagle,Dog,2,6.4,39.0,112,Normal,Active and Happy,Continue regular monitoring
Luna,Golden Retriever,Dog,1,35.7,39.51,126,Alert,Lethargic or Restless,"Monitor closely, consult vet if persists"
Lucy,Maine Coon,Cat,7,42.4,38.59,110,Normal,Active and Happy,Continue regular monitoring
Tiger,Bulldog,Dog,14,14.8,38.91,89,Normal,Calm and Relaxed,Continue regular monitoring
Zoe,Golden Retriever,Dog,5,27.4,38.56,99,Normal,Active and Happy,Continue regular monitoring
Coco,Golden Retriever,Dog,1,30.2,38.26,90,Normal,Active and Happy,Continue regular monitoring
Leo,Sphynx,Cat,8,6.8,39.22,137,Normal,Active and Happy,Continue regular monitoring
Milo,Poodle,Dog,2,7.5,38.7,105,Normal,Active and Happy,Continue regular monitoring
Zoe,Sphynx,Cat,2,3.4,38.21,155,Alert,Lethargic or Restless,"Monitor closely, consult vet if persists"
Bella,Siamese,Cat,4,5.8,38.53,137,Normal,Active and Happy,Continue regular monitoring
Molly,German Shepherd,Dog,5,36.5,38.88,84,Normal,Active and Happy,Continue regular monitoring
Lucy,Poodle,Dog,9,17.4,38.9,111,Normal,Active and Happy,Continue regular monitoring
Daisy,Persian,Cat,11,7.8,38.77,129,Normal,Active and Happy,Continue regular monitoring
Bella,Bulldog,Dog,1,16.0,37.22,187,Critical,Very Lethargic or Distressed,Immediate veterinary attention needed
Coco,German Shepherd,Dog,7,40.2,38.44,98,Normal,Active and Happy,Continue regular monitoring
Ruby,Siamese,Cat,11,4.4,39.43,162,Alert,Lethargic or Restless,"Monitor closely, consult vet if persists"
Lucy,Beagle,Dog,9,5.0,38.81,122,Normal,Active and Happy,Continue regular monitoring
Luna,Bulldog,Dog,8,13.0,38.8,96,Normal,Active and Happy,Continue regular monitoring
Luna,Ragdoll,Cat,6,30.1,39.45,144,Alert,Lethargic or Restless,"Monitor closely, consult vet if persists"
Tiger,Labrador Retriever,Dog,17,33.1,38.39,91,Normal,Calm and Relaxed,Continue regular monitoring
Zoe,Maine Coon,Cat,12,36.6,38.31,120,Normal,Active and Happy,Continue regular monitoring
Rocky,Bengal,Cat,16,10.2,39.21,138,Normal,Calm and Relaxed,Continue regular monitoring
Molly,Maine Coon,Cat,14,18.8,39.96,148,Alert,Lethargic or Restless,"Monitor closely, consult vet if persists"
Simba,German Shepherd,Dog,10,36.1,38.64,94,Normal,Active and Happy,Continue regular monitoring
Molly,Persian,Cat,11,4.0,38.56,139,Normal,Active and Happy,Continue regular monitoring
Buddy,Domestic Shorthair,Cat,10,7.4,38.3,131,Normal,Active and Happy,Continue regular monitoring
Leo,Beagle,Dog,6,5.1,39.72,153,Alert,Lethargic or Restless,"Monitor closely, consult vet if persists"
Cooper,Beagle,Dog,9,6.7,39.07,107,Normal,Active and Happy,Continue regular monitoring
Jack,Persian,Cat,6,6.3,38.73,121,Normal,Active and Happy,Continue regular monitoring
Oscar,German Shepherd,Dog,15,34.6,38.56,92,Normal,Calm and Relaxed,Continue regular monitoring
Daisy,Bulldog,Dog,7,16.6,38.93,107,Normal,Active and Happy,Continue regular monitoring
Molly,Bulldog,Dog,14,19.7,38.9,94,Normal,Calm and Relaxed,Continue regular monitoring
Leo,Golden Retriever,Dog,9,28.2,38.78,108,Normal,Active and Happy,Continue regular monitoring
Oscar,Siamese,Cat,8,3.0,37.96,146,Critical,Very Lethargic or Distressed,Immediate veterinary attention needed
Oscar,Beagle,Dog,9,4.0,38.78,106,Normal,Active and Happy,Continue regular monitoring
Luna,Labrador Retriever,Dog,13,24.8,38.48,92,Normal,Calm and Relaxed,Continue regular monitoring
Tiger,Ragdoll,Cat,14,33.0,38.52,106,Normal,Calm and Relaxed,Continue regular monitoring
Max,Bulldog,Dog,2,18.7,38.82,111,Normal,Active and Happy,Continue regular monitoring
Toby,Siamese,Cat,7,3.9,38.75,115,Normal,Active and Happy,Continue regular monitoring
Bella,Labrador Retriever,Dog,17,52.6,37.53,126,Alert,Lethargic or Restless,"Monitor closely, consult vet if persists"
Rocky,Bengal,Cat,11,17.0,40.56,204,Critical,Very Lethargic or Distressed,Immediate veterinary attention needed
Jack,German Shepherd,Dog,4,24.3,41.27,157,Critical,Very Lethargic or Distressed,Immediate veterinary attention needed
Daisy,Sphynx,Cat,1,2.0,39.11,141,Normal,Active and Happy,Continue regular monitoring
Tiger,Labrador Retriever,Dog,11,17.4,38.47,82,Normal,Active and Happy,Continue regular monitoring
Jack,Sphynx,Cat,10,6.1,38.03,220,Critical,Very Lethargic or Distressed,Immediate veterinary attention needed
Max,Sphynx,Cat,8,4.5,39.06,143,Normal,Active and Happy,Continue regular monitoring
Oscar,Poodle,Dog,11,18.8,40.13,145,Alert,Lethargic or Restless,"Monitor closely, consult vet if persists"
Toby,Labrador Retriever,Dog,8,31.8,38.55,99,Normal,Active and Happy,Continue regular monitoring
Tiger,Bengal,Cat,3,7.6,38.91,132,Normal,Active and Happy,Continue regular monitoring
Toby,Ragdoll,Cat,7,35.5,38.05,134,Normal,Active and Happy,Continue regular monitoring
Jack,German Shepherd,Dog,9,27.7,38.01,152,Alert,Lethargic or Restless,"Monitor closely, consult vet if persists"
Zoe,Ragdoll,Cat,4,30.2,40.2,157,Alert,Lethargic or Restless,"Monitor closely, consult vet if persists"
Lucy,Sphynx,Cat,16,7.3,39.37,153,Normal,Calm and Relaxed,Continue regular monitoring
Max,Labrador Retriever,Dog,9,40.4,39.53,140,Alert,Lethargic or Restless,"Monitor closely, consult vet if persists"
Jack,Bulldog,Dog,8,14.3,38.76,78,Normal,Active and Happy,Continue regular monitoring
Tiger,Bengal,Cat,16,23.0,38.88,126,Normal,Calm and Relaxed,Continue regular monitoring
Toby,Persian,Cat,4,5.1,38.67,144,Normal,Active and Happy,Continue regular monitoring
Oscar,Sphynx,Cat,7,5.1,39.1,151,Normal,Active and Happy,Continue regular monitoring
Milo,Bengal,Cat,2,19.0,38.81,135,Normal,Active and Happy,Continue regular monitoring
Max,Ragdoll,Cat,15,23.0,38.94,113,Normal,Calm and Relaxed,Continue regular monitoring
Lucy,Persian,Cat,9,3.1,38.62,149,Normal,Active and Happy,Continue regular monitoring
Daisy,Siamese,Cat,6,3.7,39.74,162,Alert,Lethargic or Restless,"Monitor closely, consult vet if persists"
Ruby,Beagle,Dog,5,5.3,38.51,110,Normal,Active and Happy,Continue regular monitoring
Oscar,Golden Retriever,Dog,3,47.0,38.75,97,Normal,Active and Happy,Continue regular monitoring
Toby,Labrador Retriever,Dog,2,28.4,38.8,61,Normal,Active and Happy,Continue regular monitoring
Luna,Golden Retriever,Dog,6,38.7,38.5,86,Normal,Active and Happy,Continue regular monitoring
Milo,Poodle,Dog,7,24.7,38.79,97,Normal,Active and Happy,Continue regular monitoring
Lucy,Chihuahua,Dog,4,4.9,38.85,130,Normal,Active and Happy,Continue regular monitoring
Milo,German Shepherd,Dog,5,26.7,40.21,172,Critical,Very Lethargic or Distressed,Immediate veterinary attention needed
Ruby,Golden Retriever,Dog,3,33.8,38.47,103,Normal,Active and Happy,Continue regular monitoring
Toby,Ragdoll,Cat,15,36.7,38.3,115,Normal,Calm and Relaxed,Continue regular monitoring
Ruby,Ragdoll,Cat,3,33.9,39.6,180,Alert,Lethargic or Restless,"Monitor closely, consult vet if persists"
Zoe,German Shepherd,Dog,4,27.5,38.77,85,Normal,Active and Happy,Continue regular monitoring
Charlie,Bengal,Cat,14,13.8,38.62,125,Normal,Calm and Relaxed,Continue regular monitoring
Lucy,Bengal,Cat,10,6.1,37.6,177,Critical,Very Lethargic or Distressed,Immediate veterinary attention needed
Tiger,German Shepherd,Dog,12,22.6,38.38,93,Normal,Active and Happy,Continue regular monitoring
Charlie,Bulldog,Dog,14,16.0,38.7,76,Normal,Calm and Relaxed,Continue regular monitoring
Rocky,Domestic Shorthair,Cat,11,9.6,39.69,131,Alert,Lethargic or Restless,"Monitor closely, consult vet if persists"
Oscar,Chihuahua,Dog,10,2.0,38.87,120,Normal,Active and Happy,Continue regular monitoring
Toby,Chihuahua,Dog,6,5.3,39.95,196,Alert,Lethargic or Restless,"Monitor closely, consult vet if persists"
Lucy,Chihuahua,Dog,6,4.0,39.06,136,Normal,Active and Happy,Continue regular monitoring
Bella,Golden Retriever,Dog,9,28.5,37.18,165,Critical,Very Lethargic or Distressed,Immediate veterinary attention needed
Milo,German Shepherd,Dog,1,44.7,38.28,93,Normal,Active and Happy,Continue regular monitoring
Molly,Sphynx,Cat,7,5.9,38.78,124,Normal,Active and Happy,Continue regular monitoring
Max,Sphynx,Cat,9,7.4,38.79,129,Normal,Active and Happy,Continue regular monitoring
Bella,Sphynx,Cat,10,5.9,37.57,205,Critical,Very Lethargic or Distressed,Immediate veterinary attention needed
Max,Sphynx,Cat,1,5.0,39.0,138,Normal,Active and Happy,Continue regular monitoring
Milo,Poodle,Dog,4,18.1,39.0,94,Normal,Active and Happy,Continue regular monitoring
Bella,Sphynx,Cat,4,7.6,38.83,152,Normal,Active and Happy,Continue regular monitoring
Bella,Labrador Retriever,Dog,3,44.0,38.79,97,Normal,Active and Happy,Continue regular monitoring
Oscar,German Shepherd,Dog,11,24.8,38.54,87,Normal,Active and Happy,Continue regular monitoring
Leo,Beagle,Dog,14,7.8,38.8,100,Normal,Calm and Relaxed,Continue regular monitoring
Buddy,Siamese,Cat,10,1.7,38.56,122,Normal,Active and Happy,Continue regular monitoring
Coco,Poodle,Dog,9,18.1,38.83,103,Normal,Active and Happy,Continue regular monitoring
Zoe,Bulldog,Dog,7,14.3,38.54,102,Normal,Active and Happy,Continue regular monitoring
Charlie,Poodle,Dog,5,17.7,38.79,97,Normal,Active and Happy,Continue regular monitoring
Molly,Ragdoll,Cat,2,32.0,38.41,134,Normal,Active and Happy,Continue regular monitoring
Coco,Maine Coon,Cat,6,18.0,38.59,111,Normal,Active and Happy,Continue regular monitoring
Tiger,Persian,Cat,9,3.3,38.14,137,Normal,Active and Happy,Continue regular monitoring
Rocky,Chihuahua,Dog,11,3.6,38.81,127,Normal,Active and Happy,Continue regular monitoring
Tiger,Beagle,Dog,8,2.6,37.07,142,Critical,Very Lethargic or Distressed,Immediate veterinary attention needed
Daisy,Labrador Retriever,Dog,2,38.5,38.63,88,Normal,Active and Happy,Continue regular monitoring
Oscar,Maine Coon,Cat,3,18.4,38.09,112,Normal,Active and Happy,Continue regular monitoring
Daisy,Golden Retriever,Dog,12,31.5,38.4,93,Normal,Active and Happy,Continue regular monitoring
Ruby,Ragdoll,Cat,4,33.4,39.4,166,Alert,Lethargic or Restless,"Monitor closely, consult vet if persists"
Max,Maine Coon,Cat,8,40.5,38.44,120,Normal,Active and Happy,Continue regular monitoring
Luna,Domestic Shorthair,Cat,9,3.5,39.78,158,Alert,Lethargic or Restless,"Monitor closely, consult vet if persists"
Oscar,Persian,Cat,9,3.7,38.67,141,Normal,Active and Happy,Continue regular monitoring
Milo,Ragdoll,Cat,6,31.4,38.57,118,Normal,Active and Happy,Continue regular monitoring
Charlie,Golden Retriever,Dog,5,38.9,38.6,99,Normal,Active and Happy,Continue regular monitoring
Oscar,Beagle,Dog,2,3.7,38.61,114,Normal,Active and Happy,Continue regular monitoring
Molly,Bengal,Cat,13,9.4,38.52,123,Normal,Calm and Relaxed,Continue regular monitoring
Zoe,Golden Retriever,Dog,4,48.9,38.62,81,Normal,Active and Happy,Continue regular monitoring
Leo,Bulldog,Dog,2,15.3,38.73,100,Normal,Active and Happy,Continue regular monitoring
Luna,Persian,Cat,6,6.4,38.66,133,Normal,Active and Happy,Continue regular monitoring
Max,Poodle,Dog,5,13.1,38.36,95,Normal,Active and Happy,Continue regular monitoring
Leo,Labrador Retriever,Dog,10,35.9,38.5,110,Normal,Active and Happy,Continue regular monitoring
Oscar,Domestic Shorthair,Cat,3,4.2,39.89,137,Alert,Lethargic or Restless,"Monitor closely, consult vet if persists"
Zoe,Poodle,Dog,13,12.2,38.62,96,Normal,Calm and Relaxed,Continue regular monitoring
Zoe,Siamese,Cat,9,6.3,38.7,135,Normal,Active and Happy,Continue regular monitoring
Simba,Sphynx,Cat,7,2.7,39.03,144,Normal,Active and Happy,Continue regular monitoring
Cooper,Beagle,Dog,4,2.4,40.51,175,Critical,Very Lethargic or Distressed,Immediate veterinary attention needed
Milo,Maine Coon,Cat,4,30.0,40.24,194,Critical,Very Lethargic or Distressed,Immediate veterinary attention needed
Ruby,Domestic Shorthair,Cat,5,7.2,39.45,162,Alert,Lethargic or Restless,"Monitor closely, consult vet if persists"
Simba,Bulldog,Dog,2,16.6,40.13,152,Alert,Lethargic or Restless,"Monitor closely, consult vet if persists"
Rocky,Bengal,Cat,16,27.7,38.73,112,Normal,Calm and Relaxed,Continue regular monitoring
Tiger,Ragdoll,Cat,1,32.5,39.38,153,Alert,Lethargic or Restless,"Monitor closely, consult vet if persists"
Luna,Maine Coon,Cat,7,29.5,38.37,124,Normal,Active and Happy,Continue regular monitoring
Leo,Bulldog,Dog,7,16.6,38.75,91,Normal,Active and Happy,Continue regular monitoring
Oscar,Siamese,Cat,17,6.6,38.46,126,Normal,Calm and Relaxed,Continue regular monitoring
Tiger,Domestic Shorthair,Cat,4,5.4,38.69,121,Normal,Active and Happy,Continue regular monitoring
Tiger,Chihuahua,Dog,1,5.5,38.76,124,Normal,Active and Happy,Continue regular monitoring
Tiger,Persian,Cat,9,5.8,38.23,137,Normal,Active and Happy,Continue regular monitoring
Toby,Ragdoll,Cat,12,28.1,39.78,150,Alert,Lethargic or Restless,"Monitor closely, consult vet if persists"
Max,Beagle,Dog,12,5.7,40.45,158,Alert,Lethargic or Restless,"Monitor closely, consult vet if persists"
Jack,Bulldog,Dog,4,16.1,38.68,96,Normal,Active and Happy,Continue regular monitoring
Rocky,Beagle,Dog,4,5.8,38.88,105,Normal,Active and Happy,Continue regular monitoring
Tiger,Beagle,Dog,5,4.8,38.81,105,Normal,Active and Happy,Continue regular monitoring
Daisy,Golden Retriever,Dog,5,35.9,39.05,85,Normal,Active and Happy,Continue regular monitoring
Molly,Persian,Cat,5,6.8,37.36,155,Alert,Lethargic or Restless,"Monitor closely, consult vet if persists"
Charlie,German Shepherd,Dog,9,6.6,38.34,96,Normal,Active and Happy,Continue regular monitoring
Rocky,Bengal,Cat,9,20.2,38.65,125,Normal,Active and Happy,Continue regular monitoring
Daisy,Sphynx,Cat,5,3.0,39.35,135,Normal,Active and Happy,Continue regular monitoring
Rocky,Bengal,Cat,7,13.7,38.65,134,Normal,Active and Happy,Continue regular monitoring
Coco,Beagle,Dog,12,7.8,38.6,119,Normal,Active and Happy,Continue regular monitoring
Milo,Beagle,Dog,11,3.6,37.4,181,Critical,Very Lethargic or Distressed,Immediate veterinary attention needed
Luna,Bulldog,Dog,10,24.6,39.08,102,Normal,Active and Happy,Continue regular monitoring
Simba,Persian,Cat,6,4.3,40.24,153,Alert,Lethargic or Restless,"Monitor closely, consult vet if persists"
Toby,Sphynx,Cat,7,6.4,40.3,159,Alert,Lethargic or Restless,"Monitor closely, consult vet if persists"
Tiger,Persian,Cat,8,1.5,38.37,130,Normal,Active and Happy,Continue regular monitoring
Max,Golden Retriever,Dog,9,42.8,38.81,87,Normal,Active and Happy,Continue regular monitoring
Jack,German Shepherd,Dog,8,25.2,38.56,73,Normal,Active and Happy,Continue regular monitoring
Cooper,Maine Coon,Cat,3,35.0,40.02,119,Alert,Lethargic or Restless,"Monitor closely, consult vet if persists"
Molly,Poodle,Dog,3,13.4,38.73,95,Normal,Active and Happy,Continue regular monitoring
Buddy,Domestic Shorthair,Cat,2,7.1,38.68,110,Normal,Active and Happy,Continue regular monitoring
Rocky,Persian,Cat,13,1.2,38.44,130,Normal,Calm and Relaxed,Continue regular monitoring
Coco,Ragdoll,Cat,8,31.6,38.69,106,Normal,Active and Happy,Continue regular monitoring
Ruby,Domestic Shorthair,Cat,2,4.0,41.36,179,Critical,Very Lethargic or Distressed,Immediate veterinary attention needed
Oscar,Bulldog,Dog,7,13.6,39.0,102,Normal,Active and Happy,Continue regular monitoring
Toby,Ragdoll,Cat,8,16.8,37.73,191,Critical,Very Lethargic or Distressed,Immediate veterinary attention needed
Zoe,Bulldog,Dog,9,16.4,38.57,87,Normal,Active and Happy,Continue regular monitoring
Coco,Golden Retriever,Dog,3,19.8,38.39,86,Normal,Active and Happy,Continue regular monitoring
Lucy,German Shepherd,Dog,3,20.8,39.74,150,Alert,Lethargic or Restless,"Monitor closely, consult vet if persists"
Ruby,Maine Coon,Cat,7,24.4,38.44,108,Normal,Active and Happy,Continue regular monitoring
Tiger,Bulldog,Dog,13,13.5,39.16,101,Normal,Calm and Relaxed,Continue regular monitoring
Leo,Persian,Cat,8,1.9,37.69,146,Alert,Lethargic or Restless,"Monitor closely, consult vet if persists"
Luna,Persian,Cat,17,6.1,40.47,142,Critical,Very Lethargic or Distressed,Immediate veterinary attention needed
Oscar,Golden Retriever,Dog,7,32.9,38.71,110,Normal,Active and Happy,Continue regular monitoring
Simba,German Shepherd,Dog,5,31.2,40.44,173,Critical,Very Lethargic or Distressed,Immediate veterinary attention needed
Ruby,Chihuahua,Dog,4,4.9,39.08,118,Normal,Active and Happy,Continue regular monitoring
Buddy,Persian,Cat,12,5.4,38.29,128,Normal,Active and Happy,Continue regular monitoring
Tiger,Ragdoll,Cat,4,27.4,38.65,119,Normal,Active and Happy,Continue regular monitoring
Leo,Persian,Cat,6,6.4,38.52,121,Normal,Active and Happy,Continue regular monitoring
Molly,German Shepherd,Dog,11,12.6,38.32,81,Normal,Active and Happy,Continue regular monitoring
Oscar,Chihuahua,Dog,6,4.5,38.66,136,Normal,Active and Happy,Continue regular monitoring
Bella,Beagle,Dog,1,5.8,38.75,114,Normal,Active and Happy,Continue regular monitoring
Max,Bulldog,Dog,9,14.2,37.96,106,Alert,Lethargic or Restless,"Monitor closely, consult vet if persists"
Lucy,Ragdoll,Cat,3,16.1,38.97,119,Normal,Active and Happy,Continue regular monitoring
Simba,Golden Retriever,Dog,4,27.8,38.52,85,Normal,Active and Happy,Continue regular monitoring
Charlie,Poodle,Dog,3,14.0,39.92,166,Alert,Lethargic or Restless,"Monitor closely, consult vet if persists"
Cooper,Golden Retriever,Dog,8,29.2,40.35,191,Critical,Very Lethargic or Distressed,Immediate veterinary attention needed
Simba,Bulldog,Dog,5,18.9,38.9,111,Normal,Active and Happy,Continue regular monitoring
Max,Poodle,Dog,3,14.1,40.22,127,Critical,Very Lethargic or Distressed,Immediate veterinary attention needed
Rocky,Maine Coon,Cat,15,27.1,38.76,115,Normal,Calm and Relaxed,Continue regular monitoring
Simba,Domestic Shorthair,Cat,5,4.4,37.68,203,Critical,Very Lethargic or Distressed,Immediate veterinary attention needed
Simba,Chihuahua,Dog,12,3.5,39.13,121,Normal,Active and Happy,Continue regular monitoring
Leo,Labrador Retriever,Dog,4,29.8,38.36,80,Normal,Active and Happy,Continue regular monitoring
Simba,Persian,Cat,9,7.0,38.84,118,Normal,Active and Happy,Continue regular monitoring
Luna,Sphynx,Cat,15,3.5,39.25,122,Normal,Calm and Relaxed,Continue regular monitoring
Bella,Labrador Retriever,Dog,5,28.9,36.48,190,Critical,Very Lethargic or Distressed,Immediate veterinary attention needed
Ruby,Poodle,Dog,16,7.2,38.59,91,Normal,Calm and Relaxed,Continue regular monitoring
Molly,Domestic Shorthair,Cat,13,6.9,38.9,120,Normal,Calm and Relaxed,Continue regular monitoring
Molly,Labrador Retriever,Dog,8,35.4,36.83,156,Critical,Very Lethargic or Distressed,Immediate veterinary attention needed
Bella,Chihuahua,Dog,7,8.4,37.31,220,Critical,Very Lethargic or Distressed,Immediate veterinary attention needed
Buddy,Labrador Retriever,Dog,3,27.7,38.14,68,Normal,Active and Happy,Continue regular monitoring
Ruby,Poodle,Dog,6,17.3,38.63,87,Normal,Active and Happy,Continue regular monitoring
Bella,Ragdoll,Cat,5,27.5,38.76,102,Normal,Active and Happy,Continue regular monitoring
Simba,Bengal,Cat,10,13.6,37.6,196,Critical,Very Lethargic or Distressed,Immediate veterinary attention needed
Jack,Beagle,Dog,12,4.5,39.14,110,Normal,Active and Happy,Continue regular monitoring
Leo,Chihuahua,Dog,5,4.8,38.94,131,Normal,Active and Happy,Continue regular monitoring
Zoe,Chihuahua,Dog,3,3.3,39.01,136,Normal,Active and Happy,Continue regular monitoring
Ruby,Sphynx,Cat,4,5.6,39.31,141,Normal,Active and Happy,Continue regular monitoring
Simba,German Shepherd,Dog,3,25.6,38.71,71,Normal,Active and Happy,Continue regular monitoring
Ruby,Bengal,Cat,9,12.5,38.93,121,Normal,Active and Happy,Continue regular monitoring
Max,Bulldog,Dog,12,13.4,38.89,92,Normal,Active and Happy,Continue regular monitoring
Milo,Beagle,Dog,8,6.0,39.07,119,Normal,Active and Happy,Continue regular monitoring
Oscar,German Shepherd,Dog,5,28.8,38.78,104,Normal,Active and Happy,Continue regular monitoring
Charlie,Bengal,Cat,15,11.2,38.85,115,Normal,Calm and Relaxed,Continue regular monitoring
Molly,Bengal,Cat,8,12.3,38.93,136,Normal,Active and Happy,Continue regular monitoring
Buddy,Golden Retriever,Dog,9,32.1,38.5,102,Normal,Active and Happy,Continue regular monitoring
Simba,Domestic Shorthair,Cat,16,5.8,39.68,177,Alert,Lethargic or Restless,"Monitor closely, consult vet if persists"
Charlie,Bengal,Cat,6,16.5,38.74,137,Normal,Active and Happy,Continue regular monitoring
Leo,Maine Coon,Cat,3,24.9,38.21,113,Normal,Active and Happy,Continue regular monitoring
Oscar,German Shepherd,Dog,6,21.0,38.79,89,Normal,Active and Happy,Continue regular monitoring
Leo,Golden Retriever,Dog,6,30.8,38.63,83,Normal,Active and Happy,Continue regular monitoring
Toby,Chihuahua,Dog,8,4.7,39.75,184,Alert,Lethargic or Restless,"Monitor closely, consult vet if persists"
Daisy,Beagle,Dog,7,7.3,37.87,161,Alert,Lethargic or Restless,"Monitor closely, consult vet if persists"
Luna,Sphynx,Cat,8,6.5,39.5,129,Normal,Active and Happy,Continue regular monitoring
Rocky,Beagle,Dog,4,3.2,38.83,107,Normal,Active and Happy,Continue regular monitoring
Lucy,Ragdoll,Cat,5,14.4,37.58,151,Alert,Lethargic or Restless,"Monitor closely, consult vet if persists"
Molly,German Shepherd,Dog,14,32.9,38.53,78,Normal,Calm and Relaxed,Continue regular monitoring
Charlie,Chihuahua,Dog,8,4.4,37.99,175,Alert,Lethargic or Restless,"Monitor closely, consult vet if persists"
Toby,Beagle,Dog,13,5.1,38.77,94,Normal,Calm and Relaxed,Continue regular monitoring
Buddy,Ragdoll,Cat,9,17.9,40.1,185,Critical,Very Lethargic or Distressed,Immediate veterinary attention needed
Molly,Poodle,Dog,4,8.5,38.52,105,Normal,Active and Happy,Continue regular monitoring
Oscar,Ragdoll,Cat,15,22.3,38.59,112,Normal,Calm and Relaxed,Continue regular monitoring
Lucy,Siamese,Cat,4,4.7,38.78,131,Normal,Active and Happy,Continue regular monitoring
Ruby,Maine Coon,Cat,12,46.3,38.75,104,Normal,Active and Happy,Continue regular monitoring
Buddy,Beagle,Dog,13,3.7,38.91,89,Normal,Calm and Relaxed,Continue regular monitoring
Tiger,Maine Coon,Cat,11,19.9,38.1,130,Normal,Active and Happy,Continue regular monitoring
Toby,Golden Retriever,Dog,3,32.4,38.64,82,Normal,Active and Happy,Continue regular monitoring
Lucy,Labrador Retriever,Dog,17,42.3,38.63,86,Normal,Calm and Relaxed,Continue regular monitoring
Oscar,Labrador Retriever,Dog,13,39.7,38.43,96,Normal,Calm and Relaxed,Continue regular monitoring
Rocky,Golden Retriever,Dog,11,43.2,38.61,80,Normal,Active and Happy,Continue regular monitoring
Simba,Maine Coon,Cat,4,29.1,38.49,120,Normal,Active and Happy,Continue regular monitoring
Oscar,Poodle,Dog,7,19.2,38.82,112,Normal,Active and Happy,Continue regular monitoring
Toby,German Shepherd,Dog,5,46.1,38.71,86,Normal,Active and Happy,Continue regular monitoring
Bella,Poodle,Dog,14,20.2,38.36,96,Normal,Calm and Relaxed,Continue regular monitoring
Oscar,Chihuahua,Dog,7,5.3,38.92,136,Normal,Active and Happy,Continue regular monitoring
Tiger,Poodle,Dog,7,21.5,38.54,92,Normal,Active and Happy,Continue regular monitoring
Lucy,Ragdoll,Cat,8,20.5,38.49,127,Normal,Active and Happy,Continue regular monitoring
Cooper,Labrador Retriever,Dog,13,24.5,37.51,129,Alert,Lethargic or Restless,"Monitor closely, consult vet if persists"
Zoe,Bengal,Cat,10,14.3,38.91,127,Normal,Active and Happy,Continue regular monitoring
Cooper,Maine Coon,Cat,17,28.6,36.98,130,Critical,Very Lethargic or Distressed,Immediate veterinary attention needed
Daisy,Bulldog,Dog,7,17.0,38.33,83,Normal,Active and Happy,Continue regular monitoring
Milo,German Shepherd,Dog,16,33.6,38.44,89,Normal,Calm and Relaxed,Continue regular monitoring
Zoe,Domestic Shorthair,Cat,10,6.6,41.17,170,Critical,Very Lethargic or Distressed,Immediate veterinary attention needed
Rocky,Siamese,Cat,7,9.0,38.71,123,Normal,Active and Happy,Continue regular monitoring
Simba,Ragdoll,Cat,14,18.8,39.26,131,Alert,Lethargic or Restless,"Monitor closely, consult vet if persists"
Luna,Domestic Shorthair,Cat,6,7.4,38.7,125,Normal,Active and Happy,Continue regular monitoring
Molly,Labrador Retriever,Dog,6,25.6,38.68,112,Normal,Active and Happy,Continue regular monitoring
Max,Persian,Cat,16,1.5,37.11,176,Critical,Very Lethargic or Distressed,Immediate veterinary attention needed
Leo,Chihuahua,Dog,14,4.7,38.73,112,Normal,Calm and Relaxed,Continue regular monitoring
Toby,Golden Retriever,Dog,5,29.9,38.33,80,Normal,Active and Happy,Continue regular monitoring
Zoe,German Shepherd,Dog,11,26.7,38.44,83,Normal,Active and Happy,Continue regular monitoring
Oscar,Golden Retriever,Dog,2,19.4,38.47,92,Normal,Active and Happy,Continue regular monitoring
Cooper,Ragdoll,Cat,3,26.2,38.65,115,Normal,Active and Happy,Continue regular monitoring
Rocky,Bengal,Cat,2,2.0,38.73,136,Normal,Active and Happy,Continue regular monitoring
Zoe,Persian,Cat,3,4.3,38.52,136,Normal,Active and Happy,Continue regular monitoring
Zoe,Domestic Shorthair,Cat,5,4.1,38.38,134,Normal,Active and Happy,Continue regular monitoring
Max,Poodle,Dog,7,17.0,38.39,104,Normal,Active and Happy,Continue regular monitoring
Molly,Chihuahua,Dog,2,4.4,38.82,131,Normal,Active and Happy,Continue regular monitoring
Leo,Maine Coon,Cat,9,21.5,39.99,175,Critical,Very Lethargic or Distressed,Immediate veterinary attention needed
Buddy,Domestic Shorthair,Cat,17,8.8,37.61,171,Alert,Lethargic or Restless,"Monitor closely, consult vet if persists"
Rocky,Bengal,Cat,4,14.6,38.08,141,Alert,Lethargic or Restless,"Monitor closely, consult vet if persists"
Lucy,Ragdoll,Cat,3,34.0,39.46,165,Alert,Lethargic or Restless,"Monitor closely, consult vet if persists"
Molly,Domestic Shorthair,Cat,7,3.4,38.36,133,Normal,Active and Happy,Continue regular monitoring
Molly,Bulldog,Dog,4,11.1,40.58,135,Alert,Lethargic or Restless,"Monitor closely, consult vet if persists"
Tiger,Chihuahua,Dog,7,2.5,38.86,144,Normal,Active and Happy,Continue regular monitoring
Tiger,German Shepherd,Dog,15,31.5,37.53,148,Alert,Lethargic or Restless,"Monitor closely, consult vet if persists"
Molly,Persian,Cat,3,5.4,40.54,173,Critical,Very Lethargic or Distressed,Immediate veterinary attention needed
Toby,Ragdoll,Cat,8,12.7,39.84,144,Alert,Lethargic or Restless,"Monitor closely, consult vet if persists"
Max,Bulldog,Dog,11,16.5,37.73,139,Critical,Very Lethargic or Distressed,Immediate veterinary attention needed
Leo,Persian,Cat,1,8.8,39.29,151,Alert,Lethargic or Restless,"Monitor closely, consult vet if persists"
Tiger,Chihuahua,Dog,16,4.0,41.6,178,Critical,Very Lethargic or Distressed,Immediate veterinary attention needed
Simba,Bengal,Cat,9,4.4,38.75,122,Normal,Active and Happy,Continue regular monitoring
Coco,Siamese,Cat,14,5.7,38.75,123,Normal,Calm and Relaxed,Continue regular monitoring
Leo,Golden Retriever,Dog,16,28.3,40.49,167,Critical,Very Lethargic or Distressed,Immediate veterinary attention needed
Bella,Ragdoll,Cat,9,26.2,38.61,115,Normal,Active and Happy,Continue regular monitoring
Tiger,Labrador Retriever,Dog,8,33.9,40.56,131,Alert,Lethargic or Restless,"Monitor closely, consult vet if persists"
Molly,Bengal,Cat,11,24.2,38.74,120,Normal,Active and Happy,Continue regular monitoring
Leo,Poodle,Dog,1,19.4,38.53,91,Normal,Active and Happy,Continue regular monitoring
Ruby,Poodle,Dog,3,13.0,39.71,146,Alert,Lethargic or Restless,"Monitor closely, consult vet if persists"
Max,Ragdoll,Cat,5,26.3,38.72,100,Normal,Active and Happy,Continue regular monitoring
Molly,Domestic Shorthair,Cat,5,9.1,37.6,136,Alert,Lethargic or Restless,"Monitor closely, consult vet if persists"
Jack,Bulldog,Dog,2,19.1,38.78,93,Normal,Active and Happy,Continue regular monitoring
Toby,Siamese,Cat,6,4.1,38.33,136,Normal,Active and Happy,Continue regular monitoring
Luna,Beagle,Dog,13,6.0,38.96,110,Normal,Calm and Relaxed,Continue regular monitoring
Toby,Poodle,Dog,5,16.5,37.81,163,Alert,Lethargic or Restless,"Monitor closely, consult vet if persists"
Zoe,Golden Retriever,Dog,15,25.7,37.72,125,Alert,Lethargic or Restless,"Monitor closely, consult vet if persists"
Max,Ragdoll,Cat,8,23.4,39.52,163,Alert,Lethargic or Restless,"Monitor closely, consult vet if persists"
Charlie,Poodle,Dog,2,6.6,39.12,78,Normal,Active and Happy,Continue regular monitoring
Leo,Labrador Retriever,Dog,6,30.3,38.67,85,Normal,Active and Happy,Continue regular monitoring
Max,Chihuahua,Dog,5,7.9,38.86,144,Normal,Active and Happy,Continue regular monitoring
Molly,Labrador Retriever,Dog,5,35.7,38.62,112,Normal,Active and Happy,Continue regular monitoring
Rocky,Sphynx,Cat,15,7.8,39.16,136,Normal,Calm and Relaxed,Continue regular monitoring
Cooper,Maine Coon,Cat,3,21.8,38.33,127,Normal,Active and Happy,Continue regular monitoring
Charlie,Domestic Shorthair,Cat,15,5.5,38.66,109,Normal,Calm and Relaxed,Continue regular monitoring
Charlie,Persian,Cat,13,4.0,38.37,125,Normal,Calm and Relaxed,Continue regular monitoring
Rocky,Siamese,Cat,1,4.6,38.57,149,Normal,Active and Happy,Continue regular monitoring
Zoe,Sphynx,Cat,6,7.4,40.49,176,Alert,Lethargic or Restless,"Monitor closely, consult vet if persists"
Coco,Beagle,Dog,13,4.7,38.71,128,Normal,Calm and Relaxed,Continue regular monitoring
Lucy,German Shepherd,Dog,12,24.7,38.6,89,Normal,Active and Happy,Continue regular monitoring
Daisy,Bulldog,Dog,15,22.0,39.96,135,Alert,Lethargic or Restless,"Monitor closely, consult vet if persists"
Buddy,Sphynx,Cat,17,1.0,39.23,120,Normal,Calm and Relaxed,Continue regular monitoring
Max,Golden Retriever,Dog,9,25.4,38.48,102,Normal,Active and Happy,Continue regular monitoring
Zoe,Maine Coon,Cat,3,24.3,38.11,142,Normal,Active and Happy,Continue regular monitoring
Buddy,Maine Coon,Cat,9,27.0,38.24,108,Normal,Active and Happy,Continue regular monitoring
Milo,Chihuahua,Dog,2,4.9,38.68,126,Normal,Active and Happy,Continue regular monitoring
Ruby,Poodle,Dog,3,18.7,38.58,82,Normal,Active and Happy,Continue regular monitoring
Bella,German Shepherd,Dog,8,26.7,40.44,161,Critical,Very Lethargic or Distressed,Immediate veterinary attention needed
Buddy,Chihuahua,Dog,4,5.1,39.14,142,Normal,Active and Happy,Continue regular monitoring
Buddy,Labrador Retriever,Dog,10,28.0,38.26,94,Normal,Active and Happy,Continue regular monitoring
Oscar,Labrador Retriever,Dog,13,40.9,38.51,95,Normal,Calm and Relaxed,Continue regular monitoring
Milo,Siamese,Cat,14,2.7,38.69,128,Normal,Calm and Relaxed,Continue regular monitoring
Daisy,Labrador Retriever,Dog,3,39.1,38.56,95,Normal,Active and Happy,Continue regular monitoring
Simba,Poodle,Dog,2,24.6,38.48,84,Normal,Active and Happy,Continue regular monitoring
Oscar,Siamese,Cat,9,6.5,36.86,177,Critical,Very Lethargic or Distressed,Immediate veterinary attention needed
Lucy,Domestic Shorthair,Cat,15,2.1,38.48,128,Normal,Calm and Relaxed,Continue regular monitoring
Bella,Ragdoll,Cat,7,39.0,39.9,156,Alert,Lethargic or Restless,"Monitor closely, consult vet if persists"
Tiger,Sphynx,Cat,16,7.6,40.74,157,Alert,Lethargic or Restless,"Monitor closely, consult vet if persists"
Toby,Chihuahua,Dog,13,6.2,39.13,128,Normal,Calm and Relaxed,Continue regular monitoring
Coco,Bulldog,Dog,1,13.4,40.05,157,Alert,Lethargic or Restless,"Monitor closely, consult vet if persists"
Simba,German Shepherd,Dog,13,16.7,39.6,128,Alert,Lethargic or Restless,"Monitor closely, consult vet if persists"
Oscar,Golden Retriever,Dog,5,28.1,37.04,137,Alert,Lethargic or Restless,"Monitor closely, consult vet if persists"
Cooper,Domestic Shorthair,Cat,17,2.8,38.45,116,Normal,Calm and Relaxed,Continue regular monitoring
Milo,Beagle,Dog,16,1.4,39.03,98,Normal,Calm and Relaxed,Continue regular monitoring
Charlie,Beagle,Dog,5,4.7,38.74,125,Normal,Active and Happy,Continue regular monitoring
Buddy,Ragdoll,Cat,11,40.5,38.66,110,Normal,Active and Happy,Continue regular monitoring
Daisy,Labrador Retriever,Dog,3,33.4,38.36,102,Normal,Active and Happy,Continue regular monitoring
Ruby,Bengal,Cat,17,8.8,38.8,109,Normal,Calm and Relaxed,Continue regular monitoring
Daisy,German Shepherd,Dog,2,34.6,38.73,105,Normal,Active and Happy,Continue regular monitoring
Toby,Persian,Cat,9,4.6,38.51,127,Normal,Active and Happy,Continue regular monitoring
Luna,Persian,Cat,8,5.2,38.57,134,Normal,Active and Happy,Continue regular monitoring
Molly,Beagle,Dog,2,6.5,38.02,117,Normal,Active and Happy,Continue regular monitoring
Oscar,Siamese,Cat,1,6.1,38.64,133,Normal,Active and Happy,Continue regular monitoring
Rocky,Persian,Cat,16,5.3,38.76,130,Normal,Calm and Relaxed,Continue regular monitoring
Tiger,Beagle,Dog,1,1.0,38.96,123,Normal,Active and Happy,Continue regular monitoring
Leo,Bulldog,Dog,3,16.7,38.89,107,Normal,Active and Happy,Continue regular monitoring
Zoe,German Shepherd,Dog,17,45.8,39.69,111,Alert,Lethargic or Restless,"Monitor closely, consult vet if persists"
Daisy,Bengal,Cat,4,18.1,38.47,115,Normal,Active and Happy,Continue regular monitoring
Ruby,Siamese,Cat,5,5.8,37.64,182,Critical,Very Lethargic or Distressed,Immediate veterinary attention needed
Ruby,Chihuahua,Dog,4,5.0,37.89,193,Alert,Lethargic or Restless,"Monitor closely, consult vet if persists"
Lucy,Bulldog,Dog,2,21.0,38.92,82,Normal,Active and Happy,Continue regular monitoring
Lucy,Chihuahua,Dog,16,7.2,39.8,156,Alert,Lethargic or Restless,"Monitor closely, consult vet if persists"
Lucy,Golden Retriever,Dog,6,26.6,39.73,127,Alert,Lethargic or Restless,"Monitor closely, consult vet if persists"
Max,Chihuahua,Dog,9,6.4,38.94,109,Normal,Active and Happy,Continue regular monitoring
Max,Sphynx,Cat,8,6.1,40.92,177,Alert,Lethargic or Restless,"Monitor closely, consult vet if persists"
Molly,Poodle,Dog,16,9.6,38.65,93,Normal,Calm and Relaxed,Continue regular monitoring
Jack,Maine Coon,Cat,10,22.4,39.65,186,Critical,Very Lethargic or Distressed,Immediate veterinary attention needed
Simba,Ragdoll,Cat,5,32.3,38.4,108,Normal,Active and Happy,Continue regular monitoring
Luna,Beagle,Dog,4,8.6,38.08,169,Alert,Lethargic or Restless,"Monitor closely, consult vet if persists"
Cooper,Poodle,Dog,14,14.5,38.89,98,Normal,Calm and Relaxed,Continue regular monitoring
Luna,Siamese,Cat,4,6.3,39.11,138,Normal,Active and Happy,Continue regular monitoring
Jack,Sphynx,Cat,14,5.6,39.37,141,Normal,Calm and Relaxed,Continue regular monitoring
Toby,Sphynx,Cat,15,5.2,39.02,117,Normal,Calm and Relaxed,Continue regular monitoring
Zoe,Ragdoll,Cat,3,38.4,38.76,116,Normal,Active and Happy,Continue regular monitoring
Charlie,Poodle,Dog,5,18.3,40.31,176,Critical,Very Lethargic or Distressed,Immediate veterinary attention needed
Ruby,Ragdoll,Cat,9,36.9,38.86,118,Normal,Active and Happy,Continue regular monitoring
Buddy,Siamese,Cat,3,1.0,39.62,173,Alert,Lethargic or Restless,"Monitor closely, consult vet if persists"
Toby,Sphynx,Cat,3,5.5,38.97,130,Normal,Active and Happy,Continue regular monitoring
Oscar,Maine Coon,Cat,6,32.3,39.87,163,Alert,Lethargic or Restless,"Monitor closely, consult vet if persists"
Charlie,Siamese,Cat,4,8.9,38.79,127,Normal,Active and Happy,Continue regular monitoring
Cooper,Persian,Cat,17,6.3,38.08,128,Normal,Calm and Relaxed,Continue regular monitoring
Daisy,Siamese,Cat,10,4.4,38.87,137,Normal,Active and Happy,Continue regular monitoring
Tiger,Ragdoll,Cat,5,26.4,38.45,118,Normal,Active and Happy,Continue regular monitoring
Buddy,Persian,Cat,11,6.5,38.74,131,Normal,Active and Happy,Continue regular monitoring
Charlie,Golden Retriever,Dog,8,40.6,36.37,157,Critical,Very Lethargic or Distressed,Immediate veterinary attention needed
Oscar,Siamese,Cat,2,5.2,38.53,131,Normal,Active and Happy,Continue regular monitoring
Max,Sphynx,Cat,15,4.0,39.03,144,Normal,Calm and Relaxed,Continue regular monitoring
Simba,Poodle,Dog,6,14.3,38.8,90,Normal,Active and Happy,Continue regular monitoring
Leo,Domestic Shorthair,Cat,6,8.6,38.76,124,Normal,Active and Happy,Continue regular monitoring
Jack,Siamese,Cat,17,4.2,38.81,134,Normal,Calm and Relaxed,Continue regular monitoring
Charlie,German Shepherd,Dog,11,24.8,38.59,73,Normal,Active and Happy,Continue regular monitoring
Rocky,Chihuahua,Dog,6,3.3,38.92,127,Normal,Active and Happy,Continue regular monitoring
Leo,Maine Coon,Cat,9,30.1,37.4,139,Alert,Lethargic or Restless,"Monitor closely, consult vet if persists"
Coco,Siamese,Cat,7,2.8,38.54,122,Normal,Active and Happy,Continue regular monitoring
Jack,Domestic Shorthair,Cat,8,8.0,38.72,140,Normal,Active and Happy,Continue regular monitoring
Tiger,Siamese,Cat,4,10.8,38.85,134,Normal,Active and Happy,Continue regular monitoring
Tiger,Bulldog,Dog,17,3.7,37.95,110,Alert,Lethargic or Restless,"Monitor closely, consult vet if persists"
Jack,Bulldog,Dog,1,22.3,38.87,96,Normal,Active and Happy,Continue regular monitoring
Charlie,Labrador Retriever,Dog,6,21.3,38.44,97,Normal,Active and Happy,Continue regular monitoring
Simba,Chihuahua,Dog,7,7.9,39.18,132,Normal,Active and Happy,Continue regular monitoring
Tiger,Golden Retriever,Dog,2,19.0,38.36,95,Normal,Active and Happy,Continue regular monitoring
Zoe,Labrador Retriever,Dog,7,29.1,38.47,74,Normal,Active and Happy,Continue regular monitoring
Zoe,Labrador Retriever,Dog,11,33.6,38.64,87,Normal,Active and Happy,Continue regular monitoring
Milo,Poodle,Dog,7,4.9,38.72,98,Normal,Active and Happy,Continue regular monitoring
Oscar,Bulldog,Dog,6,8.5,38.9,91,Normal,Active and Happy,Continue regular monitoring
Bella,Bulldog,Dog,7,12.8,37.06,207,Critical,Very Lethargic or Distressed,Immediate veterinary attention needed
Charlie,Bulldog,Dog,2,14.7,38.91,104,Normal,Active and Happy,Continue regular monitoring
Simba,Bulldog,Dog,17,13.6,38.81,86,Normal,Calm and Relaxed,Continue regular monitoring
Simba,Labrador Retriever,Dog,1,13.5,38.62,95,Normal,Active and Happy,Continue regular monitoring
Oscar,Bengal,Cat,6,21.1,40.41,187,Critical,Very Lethargic or Distressed,Immediate veterinary attention needed
Toby,Siamese,Cat,5,8.5,40.07,150,Alert,Lethargic or Restless,"Monitor closely, consult vet if persists"
Coco,Domestic Shorthair,Cat,1,4.6,40.07,159,Critical,Very Lethargic or Distressed,Immediate veterinary attention needed
Max,Siamese,Cat,16,3.0,38.64,112,Normal,Calm and Relaxed,Continue regular monitoring
Jack,Siamese,Cat,1,2.8,38.48,127,Normal,Active and Happy,Continue regular monitoring
Buddy,German Shepherd,Dog,16,20.2,38.35,82,Normal,Calm and Relaxed,Continue regular monitoring
Rocky,Persian,Cat,17,6.0,38.6,106,Normal,Calm and Relaxed,Continue regular monitoring
Rocky,Persian,Cat,9,5.0,38.69,124,Normal,Active and Happy,Continue regular monitoring
Simba,Ragdoll,Cat,5,31.2,38.53,126,Normal,Active and Happy,Continue regular monitoring
Tiger,Bulldog,Dog,4,13.2,38.64,102,Normal,Active and Happy,Continue regular monitoring
Ruby,Domestic Shorthair,Cat,6,5.6,38.53,131,Normal,Active and Happy,Continue regular monitoring
Bella,Siamese,Cat,9,2.9,38.78,135,Normal,Active and Happy,Continue regular monitoring
Zoe,Ragdoll,Cat,4,37.1,38.48,112,Normal,Active and Happy,Continue regular monitoring
Daisy,Labrador Retriever,Dog,17,34.1,38.88,89,Normal,Calm and Relaxed,Continue regular monitoring
Ruby,Beagle,Dog,2,4.9,39.12,109,Normal,Active and Happy,Continue regular monitoring
Daisy,Ragdoll,Cat,1,32.6,37.52,142,Alert,Lethargic or Restless,"Monitor closely, consult vet if persists"
Max,Labrador Retriever,Dog,7,31.2,38.5,96,Normal,Active and Happy,Continue regular monitoring
Toby,Poodle,Dog,10,12.8,40.59,181,Critical,Very Lethargic or Distressed,Immediate veterinary attention needed
Rocky,Siamese,Cat,14,4.7,39.04,137,Normal,Calm and Relaxed,Continue regular monitoring
Toby,Golden Retriever,Dog,17,27.1,38.47,98,Normal,Calm and Relaxed,Continue regular monitoring
Leo,Ragdoll,Cat,10,36.1,39.42,137,Alert,Lethargic or Restless,"Monitor closely, consult vet if persists"
Rocky,Beagle,Dog,16,6.1,39.19,104,Normal,Calm and Relaxed,Continue regular monitoring
Buddy,Maine Coon,Cat,7,24.0,38.37,117,Normal,Active and Happy,Continue regular monitoring
Toby,Beagle,Dog,16,4.5,39.05,128,Normal,Calm and Relaxed,Continue regular monitoring
Ruby,Persian,Cat,5,3.1,37.13,169,Critical,Very Lethargic or Distressed,Immediate veterinary attention needed
Daisy,Domestic Shorthair,Cat,5,6.7,38.52,142,Normal,Active and Happy,Continue regular monitoring
Coco,Poodle,Dog,8,6.7,38.91,97,Normal,Active and Happy,Continue regular monitoring
Ruby,Siamese,Cat,16,2.8,38.82,128,Normal,Calm and Relaxed,Continue regular monitoring
Simba,Sphynx,Cat,3,4.4,39.26,154,Normal,Active and Happy,Continue regular monitoring
Tiger,Chihuahua,Dog,3,4.1,38.5,120,Normal,Active and Happy,Continue regular monitoring
Rocky,Labrador Retriever,Dog,15,24.9,40.3,142,Critical,Very Lethargic or Distressed,Immediate veterinary attention needed
Charlie,Ragdoll,Cat,1,35.6,39.06,125,Normal,Active and Happy,Continue regular monitoring
Daisy,Golden Retriever,Dog,2,30.4,40.07,151,Critical,Very Lethargic or Distressed,Immediate veterinary attention needed
Leo,German Shepherd,Dog,8,19.0,38.95,82,Normal,Active and Happy,Continue regular monitoring
Simba,Sphynx,Cat,2,2.1,41.38,205,Critical,Very Lethargic or Distressed,Immediate veterinary attention needed
Lucy,Golden Retriever,Dog,1,20.1,38.41,88,Normal,Active and Happy,Continue regular monitoring
Simba,Bulldog,Dog,6,14.3,38.62,100,Normal,Active and Happy,Continue regular monitoring
Zoe,Beagle,Dog,2,8.6,38.92,94,Normal,Active and Happy,Continue regular monitoring
Cooper,Siamese,Cat,7,2.7,38.47,129,Normal,Active and Happy,Continue regular monitoring
Luna,Poodle,Dog,5,12.8,40.83,157,Critical,Very Lethargic or Distressed,Immediate veterinary attention needed
Bella,Domestic Shorthair,Cat,4,4.6,37.07,206,Critical,Very Lethargic or Distressed,Immediate veterinary attention needed
Oscar,Ragdoll,Cat,1,17.4,38.55,126,Normal,Active and Happy,Continue regular monitoring
Zoe,Sphynx,Cat,9,2.6,40.29,157,Alert,Lethargic or Restless,"Monitor closely, consult vet if persists"
Toby,Bengal,Cat,6,12.9,38.96,128,Normal,Active and Happy,Continue regular monitoring
Buddy,Golden Retriever,Dog,3,37.4,38.72,85,Normal,Active and Happy,Continue regular monitoring
Max,Beagle,Dog,9,4.4,38.52,107,Normal,Active and Happy,Continue regular monitoring
Oscar,Domestic Shorthair,Cat,3,2.1,38.44,113,Normal,Active and Happy,Continue regular monitoring
Daisy,Beagle,Dog,1,5.1,38.45,114,Normal,Active and Happy,Continue regular monitoring
Bella,German Shepherd,Dog,16,31.4,38.54,84,Normal,Calm and Relaxed,Continue regular monitoring
Luna,Bulldog,Dog,12,12.4,38.7,108,Normal,Active and Happy,Continue regular monitoring
Rocky,Bengal,Cat,15,9.5,38.8,125,Normal,Calm and Relaxed,Continue regular monitoring
Charlie,Siamese,Cat,2,3.6,40.32,162,Alert,Lethargic or Restless,"Monitor closely, consult vet if persists"
Toby,Beagle,Dog,8,3.8,39.7,148,Alert,Lethargic or Restless,"Monitor closely, consult vet if persists"
Jack,German Shepherd,Dog,7,23.1,38.86,75,Normal,Active and Happy,Continue regular monitoring
Oscar,Poodle,Dog,16,15.4,38.52,100,Normal,Calm and Relaxed,Continue regular monitoring
Coco,Ragdoll,Cat,5,26.9,38.17,120,Normal,Active and Happy,Continue regular monitoring
Jack,Siamese,Cat,7,9.6,38.83,141,Normal,Active and Happy,Continue regular monitoring
Luna,Maine Coon,Cat,4,36.2,37.98,130,Normal,Active and Happy,Continue regular monitoring
Simba,Siamese,Cat,3,5.9,38.6,140,Normal,Active and Happy,Continue regular monitoring
Zoe,Maine Coon,Cat,14,28.2,38.45,109,Normal,Calm and Relaxed,Continue regular monitoring
Milo,Persian,Cat,17,4.7,38.17,126,Normal,Calm and Relaxed,Continue regular monitoring
Ruby,Bulldog,Dog,2,18.0,38.72,96,Normal,Active and Happy,Continue regular monitoring
Cooper,Bengal,Cat,2,18.6,38.95,114,Normal,Active and Happy,Continue regular monitoring
Molly,Ragdoll,Cat,17,39.8,38.91,117,Normal,Calm and Relaxed,Continue regular monitoring
Milo,Labrador Retriever,Dog,9,41.5,40.19,149,Alert,Lethargic or Restless,"Monitor closely, consult vet if persists"
Ruby,German Shepherd,Dog,6,11.9,39.77,155,Alert,Lethargic or Restless,"Monitor closely, consult vet if persists"
Max,German Shepherd,Dog,7,40.4,38.64,77,Normal,Active and Happy,Continue regular monitoring
Milo,German Shepherd,Dog,4,26.7,38.98,100,Normal,Active and Happy,Continue regular monitoring
Leo,Poodle,Dog,5,18.8,38.84,109,Normal,Active and Happy,Continue regular monitoring
Bella,Beagle,Dog,9,5.7,37.55,189,Critical,Very Lethargic or Distressed,Immediate veterinary attention needed
Ruby,Bengal,Cat,14,19.4,38.88,114,Normal,Calm and Relaxed,Continue regular monitoring
Milo,Maine Coon,Cat,14,25.4,38.02,113,Normal,Calm and Relaxed,Continue regular monitoring
Luna,Poodle,Dog,2,2.8,39.66,161,Alert,Lethargic or Restless,"Monitor closely, consult vet if persists"
Daisy,Siamese,Cat,5,4.9,38.31,131,Normal,Active and Happy,Continue regular monitoring
Milo,Bengal,Cat,17,13.2,38.57,136,Normal,Calm and Relaxed,Continue regular monitoring
Oscar,Siamese,Cat,4,4.3,38.34,115,Normal,Active and Happy,Continue regular monitoring
Rocky,Chihuahua,Dog,5,6.1,38.76,147,Normal,Active and Happy,Continue regular monitoring
Tiger,Golden Retriever,Dog,3,23.7,39.87,169,Alert,Lethargic or Restless,"Monitor closely, consult vet if persists"
Jack,Poodle,Dog,15,16.7,38.62,78,Normal,Calm and Relaxed,Continue regular monitoring
Lucy,Persian,Cat,6,4.5,37.45,145,Alert,Lethargic or Restless,"Monitor closely, consult vet if persists"
Max,Bulldog,Dog,2,17.3,38.68,110,Normal,Active and Happy,Continue regular monitoring
Bella,Domestic Shorthair,Cat,3,4.1,38.57,119,Normal,Active and Happy,Continue regular monitoring
Jack,Siamese,Cat,13,5.1,38.35,119,Normal,Calm and Relaxed,Continue regular monitoring
Molly,Poodle,Dog,10,11.5,37.87,134,Alert,Lethargic or Restless,"Monitor closely, consult vet if persists"
Daisy,Maine Coon,Cat,1,28.2,38.45,124,Normal,Active and Happy,Continue regular monitoring
Bella,German Shepherd,Dog,11,31.8,39.97,135,Alert,Lethargic or Restless,"Monitor closely, consult vet if persists"
Oscar,Beagle,Dog,10,6.5,38.72,127,Normal,Active and Happy,Continue regular monitoring
Zoe,Domestic Shorthair,Cat,8,7.9,39.27,180,Alert,Lethargic or Restless,"Monitor closely, consult vet if persists"
Ruby,Labrador Retriever,Dog,4,29.4,37.33,190,Critical,Very Lethargic or Distressed,Immediate veterinary attention needed
Coco,Golden Retriever,Dog,8,34.0,38.55,96,Normal,Active and Happy,Continue regular monitoring
Max,German Shepherd,Dog,2,24.3,37.29,146,Critical,Very Lethargic or Distressed,Immediate veterinary attention needed
Lucy,Golden Retriever,Dog,3,37.7,38.94,95,Normal,Active and Happy,Continue regular monitoring
Charlie,Beagle,Dog,3,5.7,38.99,116,Normal,Active and Happy,Continue regular monitoring
Ruby,Bengal,Cat,1,14.1,38.56,129,Normal,Active and Happy,Continue regular monitoring
Rocky,Bengal,Cat,15,12.4,40.2,178,Alert,Lethargic or Restless,"Monitor closely, consult vet if persists"
Molly,Siamese,Cat,17,4.7,38.63,137,Normal,Calm and Relaxed,Continue regular monitoring
Molly,Bulldog,Dog,5,21.3,38.78,90,Normal,Active and Happy,Continue regular monitoring
Toby,Bengal,Cat,2,15.0,38.33,126,Normal,Active and Happy,Continue regular monitoring
Lucy,Persian,Cat,7,6.3,38.3,138,Normal,Active and Happy,Continue regular monitoring
Lucy,Ragdoll,Cat,2,28.4,39.67,135,Alert,Lethargic or Restless,"Monitor closely, consult vet if persists"
Zoe,Domestic Shorthair,Cat,3,5.6,38.66,142,Normal,Active and Happy,Continue regular monitoring
Ruby,Beagle,Dog,8,7.3,38.79,105,Normal,Active and Happy,Continue regular monitoring
Oscar,Poodle,Dog,5,27.8,38.72,107,Normal,Active and Happy,Continue regular monitoring
Coco,Labrador Retriever,Dog,7,23.5,40.07,151,Alert,Lethargic or Restless,"Monitor closely, consult vet if persists"
Tiger,Bengal,Cat,15,15.0,38.64,119,Normal,Calm and Relaxed,Continue regular monitoring
Toby,Siamese,Cat,2,4.4,38.86,103,Normal,Active and Happy,Continue regular monitoring
Molly,Beagle,Dog,15,5.7,38.54,98,Normal,Calm and Relaxed,Continue regular monitoring
Charlie,Golden Retriever,Dog,6,27.0,38.51,82,Normal,Active and Happy,Continue regular monitoring
Bella,Maine Coon,Cat,17,32.1,37.66,118,Alert,Lethargic or Restless,"Monitor closely, consult vet if persists"
Jack,German Shepherd,Dog,12,32.6,38.34,85,Normal,Active and Happy,Continue regular monitoring
Simba,Chihuahua,Dog,7,5.9,37.07,183,Critical,Very Lethargic or Distressed,Immediate veterinary attention needed
Milo,Beagle,Dog,5,3.4,39.11,112,Normal,Active and Happy,Continue regular monitoring
Coco,Labrador Retriever,Dog,10,33.8,38.35,96,Normal,Active and Happy,Continue regular monitoring
Charlie,Golden Retriever,Dog,8,19.3,38.37,97,Normal,Active and Happy,Continue regular monitoring
Buddy,Beagle,Dog,10,3.1,38.94,101,Normal,Active and Happy,Continue regular monitoring
Molly,German Shepherd,Dog,2,37.1,40.16,161,Critical,Very Lethargic or Distressed,Immediate veterinary attention needed
Tiger,Persian,Cat,6,4.1,38.26,124,Normal,Active and Happy,Continue regular monitoring
Lucy,Poodle,Dog,2,14.7,38.68,99,Normal,Active and Happy,Continue regular monitoring
Max,Siamese,Cat,3,5.7,38.17,122,Normal,Active and Happy,Continue regular monitoring
Luna,Labrador Retriever,Dog,10,22.2,38.52,82,Normal,Active and Happy,Continue regular monitoring
Leo,Golden Retriever,Dog,1,35.7,38.59,87,Normal,Active and Happy,Continue regular monitoring
Cooper,Chihuahua,Dog,9,4.4,37.89,181,Alert,Lethargic or Restless,"Monitor closely, consult vet if persists"
Jack,Bengal,Cat,8,20.3,37.9,128,Alert,Lethargic or Restless,"Monitor closely, consult vet if persists"
Leo,Maine Coon,Cat,6,35.6,38.89,104,Normal,Active and Happy,Continue regular monitoring
Buddy,Bulldog,Dog,12,15.8,38.8,106,Normal,Active and Happy,Continue regular monitoring
Bella,Domestic Shorthair,Cat,7,6.4,38.84,124,Normal,Active and Happy,Continue regular monitoring
Tiger,Bulldog,Dog,1,14.7,38.91,103,Normal,Active and Happy,Continue regular monitoring
Charlie,Labrador Retriever,Dog,2,27.2,39.64,140,Alert,Lethargic or Restless,"Monitor closely, consult vet if persists"
Charlie,Siamese,Cat,17,7.5,38.66,123,Normal,Calm and Relaxed,Continue regular monitoring
Zoe,Bengal,Cat,4,15.3,39.6,169,Alert,Lethargic or Restless,"Monitor closely, consult vet if persists"
Coco,Poodle,Dog,2,14.1,38.79,99,Normal,Active and Happy,Continue regular monitoring
Leo,Beagle,Dog,15,5.1,38.78,99,Normal,Calm and Relaxed,Continue regular monitoring
Jack,German Shepherd,Dog,9,38.9,38.87,77,Normal,Active and Happy,Continue regular monitoring
Tiger,German Shepherd,Dog,7,38.8,39.06,133,Alert,Lethargic or Restless,"Monitor closely, consult vet if persists"
Luna,Beagle,Dog,8,5.5,38.94,116,Normal,Active and Happy,Continue regular monitoring
Toby,Siamese,Cat,10,6.3,38.41,127,Normal,Active and Happy,Continue regular monitoring
Ruby,Bulldog,Dog,11,18.6,38.71,101,Normal,Active and Happy,Continue regular monitoring
Rocky,Sphynx,Cat,5,3.2,37.5,193,Critical,Very Lethargic or Distressed,Immediate veterinary attention needed
Simba,Golden Retriever,Dog,3,24.1,38.55,98,Normal,Active and Happy,Continue regular monitoring
Milo,Maine Coon,Cat,15,15.9,38.35,123,Normal,Calm and Relaxed,Continue regular monitoring
Zoe,German Shepherd,Dog,10,35.2,38.45,87,Normal,Active and Happy,Continue regular monitoring
Tiger,Chihuahua,Dog,8,8.7,38.79,133,Normal,Active and Happy,Continue regular monitoring
Rocky,Poodle,Dog,1,8.9,38.65,124,Normal,Active and Happy,Continue regular monitoring
Jack,Beagle,Dog,11,3.4,38.45,114,Normal,Active and Happy,Continue regular monitoring
Cooper,German Shepherd,Dog,9,30.7,39.89,127,Alert,Lethargic or Restless,"Monitor closely, consult vet if persists"
Simba,Beagle,Dog,5,6.1,38.41,115,Normal,Active and Happy,Continue regular monitoring
Oscar,Beagle,Dog,7,4.3,39.12,184,Alert,Lethargic or Restless,"Monitor closely, consult vet if persists"
Zoe,Siamese,Cat,17,4.6,38.39,107,Normal,Calm and Relaxed,Continue regular monitoring
Simba,German Shepherd,Dog,11,31.8,39.5,116,Alert,Lethargic or Restless,"Monitor closely, consult vet if persists"
Toby,German Shepherd,Dog,1,25.2,38.49,81,Normal,Active and Happy,Continue regular monitoring
Buddy,Labrador Retriever,Dog,8,37.7,38.4,86,Normal,Active and Happy,Continue regular monitoring
Jack,Sphynx,Cat,8,6.3,39.21,130,Normal,Active and Happy,Continue regular monitoring
Charlie,Maine Coon,Cat,16,38.1,38.49,109,Normal,Calm and Relaxed,Continue regular monitoring
Coco,Sphynx,Cat,4,4.9,38.99,149,Normal,Active and Happy,Continue regular monitoring
Lucy,Bulldog,Dog,11,1.0,38.79,84,Normal,Active and Happy,Continue regular monitoring
Oscar,Poodle,Dog,1,24.3,38.64,95,Normal,Active and Happy,Continue regular monitoring
Lucy,Poodle,Dog,13,14.2,40.24,98,Alert,Lethargic or Restless,"Monitor closely, consult vet if persists"
Molly,Sphynx,Cat,5,4.9,37.94,181,Critical,Very Lethargic or Distressed,Immediate veterinary attention needed
Lucy,Chihuahua,Dog,9,4.5,39.99,182,Alert,Lethargic or Restless,"Monitor closely, consult vet if persists"
Max,Labrador Retriever,Dog,9,29.0,38.58,100,Normal,Active and Happy,Continue regular monitoring
Simba,Domestic Shorthair,Cat,9,6.1,38.62,127,Normal,Active and Happy,Continue regular monitoring
Lucy,Bulldog,Dog,6,11.7,39.36,149,Alert,Lethargic or Restless,"Monitor closely, consult vet if persists"
Coco,Bulldog,Dog,12,9.5,38.89,94,Normal,Active and Happy,Continue regular monitoring
Zoe,Sphynx,Cat,1,5.7,39.16,127,Normal,Active and Happy,Continue regular monitoring
Tiger,Bengal,Cat,9,11.1,38.52,130,Normal,Active and Happy,Continue regular monitoring
Jack,Golden Retriever,Dog,8,36.9,38.0,102,Normal,Active and Happy,Continue regular monitoring
Oscar,Maine Coon,Cat,6,52.8,38.72,134,Normal,Active and Happy,Continue regular monitoring
Max,Beagle,Dog,9,5.2,38.45,116,Normal,Active and Happy,Continue regular monitoring
Luna,Poodle,Dog,16,15.6,38.51,100,Normal,Calm and Relaxed,Continue regular monitoring
Leo,Maine Coon,Cat,9,34.8,38.36,129,Normal,Active and Happy,Continue regular monitoring
Max,Maine Coon,Cat,10,24.9,38.33,132,Normal,Active and Happy,Continue regular monitoring
Oscar,Bulldog,Dog,16,16.7,38.73,90,Normal,Calm and Relaxed,Continue regular monitoring
Zoe,Domestic Shorthair,Cat,7,4.9,38.66,149,Normal,Active and Happy,Continue regular monitoring
Luna,Bengal,Cat,4,22.1,38.95,148,Normal,Active and Happy,Continue regular monitoring
Simba,Sphynx,Cat,16,4.0,39.96,158,Alert,Lethargic or Restless,"Monitor closely, consult vet if persists"
Molly,Golden Retriever,Dog,14,38.2,38.7,74,Normal,Calm and Relaxed,Continue regular monitoring
Molly,German Shepherd,Dog,8,28.5,39.9,150,Alert,Lethargic or Restless,"Monitor closely, consult vet if persists"
Cooper,Persian,Cat,2,7.9,37.53,160,Alert,Lethargic or Restless,"Monitor closely, consult vet if persists"
Daisy,Bulldog,Dog,15,14.0,38.71,103,Normal,Calm and Relaxed,Continue regular monitoring
Ruby,Chihuahua,Dog,7,6.9,40.06,171,Alert,Lethargic or Restless,"Monitor closely, consult vet if persists"
Simba,Siamese,Cat,4,4.9,40.9,203,Critical,Very Lethargic or Distressed,Immediate veterinary attention needed
Toby,Maine Coon,Cat,13,26.1,38.12,97,Normal,Calm and Relaxed,Continue regular monitoring
Jack,Bengal,Cat,1,13.4,38.46,150,Normal,Active and Happy,Continue regular monitoring
Jack,Bengal,Cat,12,17.7,38.12,197,Critical,Very Lethargic or Distressed,Immediate veterinary attention needed
Cooper,Domestic Shorthair,Cat,17,3.4,38.55,135,Normal,Calm and Relaxed,Continue regular monitoring
Max,Ragdoll,Cat,12,31.1,38.69,122,Normal,Active and Happy,Continue regular monitoring
Daisy,Persian,Cat,10,4.4,38.62,137,Normal,Active and Happy,Continue regular monitoring
Molly,Bulldog,Dog,7,13.0,38.85,101,Normal,Active and Happy,Continue regular monitoring
Lucy,Chihuahua,Dog,1,5.1,38.8,130,Normal,Active and Happy,Continue regular monitoring
Milo,German Shepherd,Dog,9,19.3,38.71,103,Normal,Active and Happy,Continue regular monitoring
Cooper,Maine Coon,Cat,11,36.1,38.27,112,Normal,Active and Happy,Continue regular monitoring
Tiger,Maine Coon,Cat,7,36.1,38.55,111,Normal,Active and Happy,Continue regular monitoring
Daisy,German Shepherd,Dog,3,30.8,38.21,80,Normal,Active and Happy,Continue regular monitoring
Lucy,Bengal,Cat,4,16.2,38.7,138,Normal,Active and Happy,Continue regular monitoring
Daisy,Siamese,Cat,1,4.6,38.75,129,Normal,Active and Happy,Continue regular monitoring
Toby,Domestic Shorthair,Cat,9,4.2,37.34,187,Critical,Very Lethargic or Distressed,Immediate veterinary attention needed
Coco,Beagle,Dog,9,7.0,38.81,108,Normal,Active and Happy,Continue regular monitoring
Charlie,Domestic Shorthair,Cat,2,4.3,38.71,131,Normal,Active and Happy,Continue regular monitoring
Simba,German Shepherd,Dog,3,38.0,40.27,166,Critical,Very Lethargic or Distressed,Immediate veterinary attention needed
Milo,Beagle,Dog,6,3.5,40.46,150,Alert,Lethargic or Restless,"Monitor closely, consult vet if persists"
Ruby,Chihuahua,Dog,16,1.0,39.09,113,Normal,Calm and Relaxed,Continue regular monitoring
Daisy,Labrador Retriever,Dog,3,27.2,38.62,99,Normal,Active and Happy,Continue regular monitoring
Buddy,Domestic Shorthair,Cat,8,4.3,37.22,186,Critical,Very Lethargic or Distressed,Immediate veterinary attention needed
Zoe,Beagle,Dog,3,7.2,38.71,118,Normal,Active and Happy,Continue regular monitoring
Buddy,Sphynx,Cat,1,5.0,39.26,136,Normal,Active and Happy,Continue regular monitoring
Zoe,Persian,Cat,7,3.8,38.28,133,Normal,Active and Happy,Continue regular monitoring
Bella,Sphynx,Cat,3,1.0,39.22,134,Normal,Active and Happy,Continue regular monitoring
Rocky,Domestic Shorthair,Cat,6,3.0,38.68,141,Normal,Active and Happy,Continue regular monitoring
Luna,Maine Coon,Cat,8,28.9,38.26,134,Normal,Active and Happy,Continue regular monitoring
Molly,Sphynx,Cat,13,3.0,39.41,132,Normal,Calm and Relaxed,Continue regular monitoring
Zoe,Labrador Retriever,Dog,2,28.1,38.54,84,Normal,Active and Happy,Continue regular monitoring
Lucy,German Shepherd,Dog,9,23.5,39.85,143,Alert,Lethargic or Restless,"Monitor closely, consult vet if persists"
Simba,Golden Retriever,Dog,11,40.4,38.3,86,Normal,Active and Happy,Continue regular monitoring
Charlie,Siamese,Cat,9,4.5,39.67,168,Alert,Lethargic or Restless,"Monitor closely, consult vet if persists"
Daisy,Chihuahua,Dog,17,7.5,39.15,124,Normal,Calm and Relaxed,Continue regular monitoring
Toby,Domestic Shorthair,Cat,8,4.4,38.78,121,Normal,Active and Happy,Continue regular monitoring
Max,Golden Retriever,Dog,9,33.3,38.39,93,Normal,Active and Happy,Continue regular monitoring
Simba,Poodle,Dog,5,8.9,38.78,116,Normal,Active and Happy,Continue regular monitoring
Oscar,Sphynx,Cat,2,3.5,39.14,158,Normal,Active and Happy,Continue regular monitoring
Molly,Ragdoll,Cat,5,31.8,38.25,117,Normal,Active and Happy,Continue regular monitoring
Tiger,Beagle,Dog,4,8.8,38.24,107,Normal,Active and Happy,Continue regular monitoring
Buddy,Persian,Cat,13,2.8,38.47,126,Normal,Calm and Relaxed,Continue regular monitoring
Jack,Poodle,Dog,2,9.3,37.66,153,Alert,Lethargic or Restless,"Monitor closely, consult vet if persists"
Molly,German Shepherd,Dog,2,27.0,38.65,90,Normal,Active and Happy,Continue regular monitoring
Rocky,Bengal,Cat,16,13.9,38.78,121,Normal,Calm and Relaxed,Continue regular monitoring
Max,Siamese,Cat,15,6.0,38.54,118,Normal,Calm and Relaxed,Continue regular monitoring
Lucy,Ragdoll,Cat,2,22.5,37.76,202,Critical,Very Lethargic or Distressed,Immediate veterinary attention needed
Bella,Persian,Cat,1,11.2,38.53,124,Normal,Active and Happy,Continue regular monitoring
Milo,Bengal,Cat,2,14.4,37.26,206,Critical,Very Lethargic or Distressed,Immediate veterinary attention needed
Molly,Ragdoll,Cat,2,32.4,39.65,161,Alert,Lethargic or Restless,"Monitor closely, consult vet if persists"
Ruby,Sphynx,Cat,17,5.1,40.82,168,Critical,Very Lethargic or Distressed,Immediate veterinary attention needed
Milo,Beagle,Dog,6,4.3,40.27,155,Alert,Lethargic or Restless,"Monitor closely, consult vet if persists"
Milo,Domestic Shorthair,Cat,15,7.7,38.5,118,Normal,Calm and Relaxed,Continue regular monitoring
Milo,Labrador Retriever,Dog,4,30.8,38.86,99,Normal,Active and Happy,Continue regular monitoring
Toby,Poodle,Dog,3,15.9,38.77,99,Normal,Active and Happy,Continue regular monitoring
Max,Ragdoll,Cat,7,35.4,38.56,124,Normal,Active and Happy,Continue regular monitoring
Toby,Labrador Retriever,Dog,11,38.0,40.11,153,Critical,Very Lethargic or Distressed,Immediate veterinary attention needed
Buddy,German Shepherd,Dog,14,23.1,37.22,182,Critical,Very Lethargic or Distressed,Immediate veterinary attention needed
Coco,Chihuahua,Dog,5,2.1,38.83,117,Normal,Active and Happy,Continue regular monitoring
Cooper,Chihuahua,Dog,10,5.7,39.19,131,Normal,Active and Happy,Continue regular monitoring
Molly,Ragdoll,Cat,6,26.6,38.23,120,Normal,Active and Happy,Continue regular monitoring
Zoe,Siamese,Cat,8,1.0,38.71,118,Normal,Active and Happy,Continue regular monitoring
Toby,Bulldog,Dog,8,10.2,39.04,105,Normal,Active and Happy,Continue regular monitoring
Max,Labrador Retriever,Dog,7,25.2,39.33,141,Alert,Lethargic or Restless,"Monitor closely, consult vet if persists"
Molly,German Shepherd,Dog,16,31.8,38.69,70,Normal,Calm and Relaxed,Continue regular monitoring
Buddy,German Shepherd,Dog,14,21.6,38.46,86,Normal,Calm and Relaxed,Continue regular monitoring
Luna,German Shepherd,Dog,12,27.3,40.05,165,Alert,Lethargic or Restless,"Monitor closely, consult vet if persists"
Charlie,Labrador Retriever,Dog,5,38.8,38.73,81,Normal,Active and Happy,Continue regular monitoring
Milo,Golden Retriever,Dog,9,44.0,38.51,92,Normal,Active and Happy,Continue regular monitoring
Toby,Ragdoll,Cat,8,16.4,38.76,111,Normal,Active and Happy,Continue regular monitoring
Leo,Chihuahua,Dog,16,5.0,38.75,126,Normal,Calm and Relaxed,Continue regular monitoring
Buddy,Domestic Shorthair,Cat,15,5.1,38.5,124,Normal,Calm and Relaxed,Continue regular monitoring
Lucy,Domestic Shorthair,Cat,7,4.8,39.93,114,Alert,Lethargic or Restless,"Monitor closely, consult vet if persists"
Toby,Sphynx,Cat,7,6.3,39.44,142,Normal,Active and Happy,Continue regular monitoring
Zoe,Bulldog,Dog,6,13.1,41.1,220,Critical,Very Lethargic or Distressed,Immediate veterinary attention needed
Tiger,Beagle,Dog,6,6.7,38.83,117,Normal,Active and Happy,Continue regular monitoring
Lucy,German Shepherd,Dog,12,34.7,38.45,82,Normal,Active and Happy,Continue regular monitoring
Molly,Labrador Retriever,Dog,6,48.5,38.59,84,Normal,Active and Happy,Continue regular monitoring
Bella,Bulldog,Dog,14,14.6,38.91,105,Normal,Calm and Relaxed,Continue regular monitoring
Leo,German Shepherd,Dog,16,31.2,38.72,96,Normal,Calm and Relaxed,Continue regular monitoring
Coco,Labrador Retriever,Dog,13,30.1,36.95,146,Critical,Very Lethargic or Distressed,Immediate veterinary attention needed
Max,Maine Coon,Cat,5,22.2,38.27,137,Normal,Active and Happy,Continue regular monitoring
Coco,Sphynx,Cat,9,1.0,40.57,176,Alert,Lethargic or Restless,"Monitor closely, consult vet if persists"
Charlie,Labrador Retriever,Dog,1,41.4,38.44,78,Normal,Active and Happy,Continue regular monitoring
Zoe,Domestic Shorthair,Cat,4,6.6,38.54,123,Normal,Active and Happy,Continue regular monitoring
Jack,Golden Retriever,Dog,1,38.8,39.77,126,Alert,Lethargic or Restless,"Monitor closely, consult vet if persists"
Tiger,Persian,Cat,1,6.2,36.53,188,Critical,Very Lethargic or Distressed,Immediate veterinary attention needed
Lucy,Maine Coon,Cat,5,33.7,38.38,121,Normal,Active and Happy,Continue regular monitoring
Bella,Bengal,Cat,8,18.7,38.97,119,Normal,Active and Happy,Continue regular monitoring
Charlie,Maine Coon,Cat,14,29.6,38.2,112,Normal,Calm and Relaxed,Continue regular monitoring
Jack,Bulldog,Dog,3,22.7,39.81,156,Alert,Lethargic or Restless,"Monitor closely, consult vet if persists"
Daisy,Golden Retriever,Dog,1,38.7,38.18,96,Normal,Active and Happy,Continue regular monitoring
Rocky,Labrador Retriever,Dog,1,36.0,40.72,133,Critical,Very Lethargic or Distressed,Immediate veterinary attention needed
Rocky,Sphynx,Cat,4,7.1,39.19,129,Normal,Active and Happy,Continue regular monitoring
Ruby,Golden Retriever,Dog,2,31.2,38.42,111,Normal,Active and Happy,Continue regular monitoring
Simba,Sphynx,Cat,13,8.8,39.28,128,Normal,Calm and Relaxed,Continue regular monitoring
Charlie,Persian,Cat,3,4.9,38.44,119,Normal,Active and Happy,Continue regular monitoring
Bella,Labrador Retriever,Dog,6,33.3,38.6,95,Normal,Active and Happy,Continue regular monitoring
Cooper,Ragdoll,Cat,14,26.0,38.48,102,Normal,Calm and Relaxed,Continue regular monitoring
Lucy,Bengal,Cat,1,17.3,38.78,139,Normal,Active and Happy,Continue regular monitoring
Milo,Labrador Retriever,Dog,11,37.0,38.47,92,Normal,Active and Happy,Continue regular monitoring
Simba,Beagle,Dog,2,3.7,39.13,118,Normal,Active and Happy,Continue regular monitoring
Oscar,Maine Coon,Cat,3,24.8,38.13,128,Normal,Active and Happy,Continue regular monitoring
Zoe,Labrador Retriever,Dog,8,23.0,38.79,106,Normal,Active and Happy,Continue regular monitoring
Lucy,Golden Retriever,Dog,10,28.7,37.66,133,Alert,Lethargic or Restless,"Monitor closely, consult vet if persists"
Molly,Chihuahua,Dog,5,3.3,38.91,135,Normal,Active and Happy,Continue regular monitoring
Luna,Domestic Shorthair,Cat,7,3.8,38.8,139,Normal,Active and Happy,Continue regular monitoring
Coco,Golden Retriever,Dog,9,39.3,36.97,202,Critical,Very Lethargic or Distressed,Immediate veterinary attention needed
Ruby,Bulldog,Dog,4,18.3,38.93,107,Normal,Active and Happy,Continue regular monitoring
Leo,Golden Retriever,Dog,17,35.4,38.48,79,Normal,Calm and Relaxed,Continue regular monitoring
Lucy,Maine Coon,Cat,4,34.8,39.38,135,Alert,Lethargic or Restless,"Monitor closely, consult vet if persists"
Jack,Ragdoll,Cat,7,29.4,38.72,98,Normal,Active and Happy,Continue regular monitoring
Bella,Persian,Cat,5,3.5,39.42,185,Alert,Lethargic or Restless,"Monitor closely, consult vet if persists"
Toby,Beagle,Dog,17,3.7,38.97,95,Normal,Calm and Relaxed,Continue regular monitoring
Tiger,Labrador Retriever,Dog,12,30.6,38.57,97,Normal,Active and Happy,Continue regular monitoring
Simba,Bulldog,Dog,4,9.4,39.29,91,Normal,Active and Happy,Continue regular monitoring
Coco,Poodle,Dog,3,12.1,38.8,98,Normal,Active and Happy,Continue regular monitoring
Max,Bengal,Cat,6,9.8,38.82,124,Normal,Active and Happy,Continue regular monitoring
Coco,German Shepherd,Dog,1,23.0,38.77,100,Normal,Active and Happy,Continue regular monitoring
Luna,Sphynx,Cat,5,6.0,39.32,150,Normal,Active and Happy,Continue regular monitoring
Toby,Ragdoll,Cat,9,24.7,38.14,126,Normal,Active and Happy,Continue regular monitoring
Molly,Maine Coon,Cat,1,23.2,38.45,123,Normal,Active and Happy,Continue regular monitoring
Buddy,Golden Retriever,Dog,9,27.3,38.32,104,Normal,Active and Happy,Continue regular monitoring
Jack,Bulldog,Dog,6,15.2,38.72,90,Normal,Active and Happy,Continue regular monitoring
Oscar,Persian,Cat,7,2.5,38.7,130,Normal,Active and Happy,Continue regular monitoring
Molly,Golden Retriever,Dog,7,23.6,38.86,86,Normal,Active and Happy,Continue regular monitoring
Rocky,Siamese,Cat,2,7.3,38.7,124,Normal,Active and Happy,Continue regular monitoring
Leo,Maine Coon,Cat,6,18.2,38.38,150,Normal,Active and Happy,Continue regular monitoring
Lucy,Chihuahua,Dog,1,7.4,37.97,196,Alert,Lethargic or Restless,"Monitor closely, consult vet if persists"
Jack,Sphynx,Cat,3,8.0,39.36,141,Normal,Active and Happy,Continue regular monitoring
Jack,Maine Coon,Cat,12,27.4,38.57,130,Normal,Active and Happy,Continue regular monitoring
Molly,Persian,Cat,6,2.6,38.59,139,Normal,Active and Happy,Continue regular monitoring
Oscar,Labrador Retriever,Dog,14,29.4,38.2,89,Normal,Calm and Relaxed,Continue regular monitoring
Rocky,Bengal,Cat,14,7.5,38.74,139,Normal,Calm and Relaxed,Continue regular monitoring
Buddy,Chihuahua,Dog,6,5.0,38.97,146,Normal,Active and Happy,Continue regular monitoring
Simba,Beagle,Dog,8,4.4,38.65,105,Normal,Active and Happy,Continue regular monitoring
Bella,German Shepherd,Dog,2,27.8,38.65,82,Normal,Active and Happy,Continue regular monitoring
Leo,Bengal,Cat,4,12.9,38.89,130,Normal,Active and Happy,Continue regular monitoring
Luna,Persian,Cat,3,5.6,37.58,161,Alert,Lethargic or Restless,"Monitor closely, consult vet if persists"
Bella,Domestic Shorthair,Cat,9,5.5,37.27,220,Critical,Very Lethargic or Distressed,Immediate veterinary attention needed
Bella,Labrador Retriever,Dog,11,27.8,37.7,168,Alert,Lethargic or Restless,"Monitor closely, consult vet if persists"
Milo,Domestic Shorthair,Cat,16,7.6,39.87,159,Critical,Very Lethargic or Distressed,Immediate veterinary attention needed
Rocky,Domestic Shorthair,Cat,2,5.2,40.27,144,Alert,Lethargic or Restless,"Monitor closely, consult vet if persists"
Ruby,Domestic Shorthair,Cat,2,8.0,40.03,179,Alert,Lethargic or Restless,"Monitor closely, consult vet if persists"
Zoe,Persian,Cat,9,2.8,39.19,157,Alert,Lethargic or Restless,"Monitor closely, consult vet if persists"
Zoe,Ragdoll,Cat,1,37.5,38.59,107,Normal,Active and Happy,Continue regular monitoring
Coco,Chihuahua,Dog,8,6.3,39.17,116,Normal,Active and Happy,Continue regular monitoring
Coco,Domestic Shorthair,Cat,8,6.7,38.53,126,Normal,Active and Happy,Continue regular monitoring
Charlie,Sphynx,Cat,14,5.3,40.77,209,Alert,Lethargic or Restless,"Monitor closely, consult vet if persists"
Leo,Chihuahua,Dog,13,4.5,37.37,204,Critical,Very Lethargic or Distressed,Immediate veterinary attention needed
Rocky,Poodle,Dog,4,25.5,40.25,175,Alert,Lethargic or Restless,"Monitor closely, consult vet if persists"
Molly,German Shepherd,Dog,15,41.1,37.04,151,Critical,Very Lethargic or Distressed,Immediate veterinary attention needed
Lucy,Labrador Retriever,Dog,16,42.3,40.76,142,Critical,Very Lethargic or Distressed,Immediate veterinary attention needed
Tiger,Sphynx,Cat,3,3.2,39.06,141,Normal,Active and Happy,Continue regular monitoring
Charlie,Beagle,Dog,2,7.1,37.21,179,Critical,Very Lethargic or Distressed,Immediate veterinary attention needed
Ruby,Domestic Shorthair,Cat,15,8.3,39.42,108,Alert,Lethargic or Restless,"Monitor closely, consult vet if persists"
Oscar,Bulldog,Dog,2,16.3,39.0,112,Normal,Active and Happy,Continue regular monitoring
Jack,German Shepherd,Dog,9,33.8,38.73,92,Normal,Active and Happy,Continue regular monitoring
Molly,Maine Coon,Cat,17,29.4,38.21,118,Normal,Calm and Relaxed,Continue regular monitoring
Daisy,Ragdoll,Cat,16,22.8,38.73,111,Normal,Calm and Relaxed,Continue regular monitoring
Cooper,Golden Retriever,Dog,3,36.0,38.62,88,Normal,Active and Happy,Continue regular monitoring
Charlie,Golden Retriever,Dog,4,22.5,38.8,66,Normal,Active and Happy,Continue regular monitoring
Cooper,Bulldog,Dog,5,14.9,38.81,95,Normal,Active and Happy,Continue regular monitoring
Jack,Poodle,Dog,16,9.5,38.82,118,Normal,Calm and Relaxed,Continue regular monitoring
Ruby,Persian,Cat,5,7.5,38.3,137,Normal,Active and Happy,Continue regular monitoring
Tiger,German Shepherd,Dog,5,27.7,38.15,105,Normal,Active and Happy,Continue regular monitoring
Molly,Persian,Cat,16,6.4,38.47,121,Normal,Calm and Relaxed,Continue regular monitoring
Rocky,Bengal,Cat,9,17.6,40.4,194,Critical,Very Lethargic or Distressed,Immediate veterinary attention needed
Rocky,German Shepherd,Dog,3,16.5,39.07,81,Normal,Active and Happy,Continue regular monitoring
Luna,Golden Retriever,Dog,6,34.3,38.36,87,Normal,Active and Happy,Continue regular monitoring
Molly,Bengal,Cat,12,12.7,38.75,126,Normal,Active and Happy,Continue regular monitoring
Max,Golden Retriever,Dog,6,35.7,38.54,93,Normal,Active and Happy,Continue regular monitoring
Oscar,Bulldog,Dog,17,27.7,40.3,185,Critical,Very Lethargic or Distressed,Immediate veterinary attention needed
Tiger,Persian,Cat,10,6.8,38.29,128,Normal,Active and Happy,Continue regular monitoring
Max,Maine Coon,Cat,7,25.6,37.9,121,Normal,Active and Happy,Continue regular monitoring
Zoe,Poodle,Dog,16,14.3,38.79,113,Normal,Calm and Relaxed,Continue regular monitoring
Luna,Sphynx,Cat,8,5.7,39.51,127,Normal,Active and Happy,Continue regular monitoring
Charlie,Siamese,Cat,10,5.9,38.84,126,Normal,Active and Happy,Continue regular monitoring
Oscar,Siamese,Cat,6,3.8,40.17,171,Alert,Lethargic or Restless,"Monitor closely, consult vet if persists"
Simba,Bulldog,Dog,9,18.3,38.85,102,Normal,Active and Happy,Continue regular monitoring
Daisy,Maine Coon,Cat,9,24.8,38.11,107,Normal,Active and Happy,Continue regular monitoring
Milo,Labrador Retriever,Dog,9,34.4,38.44,84,Normal,Active and Happy,Continue regular monitoring
Jack,Sphynx,Cat,4,2.6,39.25,123,Normal,Active and Happy,Continue regular monitoring
Coco,Sphynx,Cat,7,5.5,38.24,192,Alert,Lethargic or Restless,"Monitor closely, consult vet if persists"
Buddy,Labrador Retriever,Dog,2,36.1,38.5,94,Normal,Active and Happy,Continue regular monitoring
Max,Sphynx,Cat,6,5.5,40.22,159,Alert,Lethargic or Restless,"Monitor closely, consult vet if persists"
Zoe,Bulldog,Dog,13,17.8,38.85,91,Normal,Calm and Relaxed,Continue regular monitoring
Oscar,Bengal,Cat,3,18.5,38.77,125,Normal,Active and Happy,Continue regular monitoring
Charlie,Bengal,Cat,11,14.3,39.25,143,Normal,Active and Happy,Continue regular monitoring
Max,Labrador Retriever,Dog,9,28.5,38.61,88,Normal,Active and Happy,Continue regular monitoring
Jack,Domestic Shorthair,Cat,12,7.3,40.67,147,Critical,Very Lethargic or Distressed,Immediate veterinary attention needed
Leo,Poodle,Dog,16,8.8,39.85,171,Alert,Lethargic or Restless,"Monitor closely, consult vet if persists"
Luna,Siamese,Cat,4,3.4,38.25,130,Normal,Active and Happy,Continue regular monitoring
Toby,Bengal,Cat,10,1.7,38.71,125,Normal,Active and Happy,Continue regular monitoring
Tiger,Golden Retriever,Dog,5,22.1,39.5,137,Alert,Lethargic or Restless,"Monitor closely, consult vet if persists"
Luna,Domestic Shorthair,Cat,2,3.3,38.51,126,Normal,Active and Happy,Continue regular monitoring
Ruby,Labrador Retriever,Dog,13,26.6,38.74,67,Normal,Calm and Relaxed,Continue regular monitoring
Charlie,Domestic Shorthair,Cat,7,7.5,39.89,156,Alert,Lethargic or Restless,"Monitor closely, consult vet if persists"
Zoe,Beagle,Dog,3,4.9,38.72,113,Normal,Active and Happy,Continue regular monitoring
Lucy,Domestic Shorthair,Cat,12,4.2,37.12,214,Critical,Very Lethargic or Distressed,Immediate veterinary attention needed
Molly,Domestic Shorthair,Cat,5,6.1,38.56,123,Normal,Active and Happy,Continue regular monitoring
Bella,Poodle,Dog,6,12.9,38.56,94,Normal,Active and Happy,Continue regular monitoring
Leo,German Shepherd,Dog,7,43.4,38.77,73,Normal,Active and Happy,Continue regular monitoring
Max,Poodle,Dog,6,24.5,39.93,144,Alert,Lethargic or Restless,"Monitor closely, consult vet if persists"
Bella,Labrador Retriever,Dog,7,33.1,39.18,144,Alert,Lethargic or Restless,"Monitor closely, consult vet if persists"
Bella,Chihuahua,Dog,3,5.0,39.86,184,Alert,Lethargic or Restless,"Monitor closely, consult vet if persists"
Charlie,Labrador Retriever,Dog,16,23.4,37.06,124,Critical,Very Lethargic or Distressed,Immediate veterinary attention needed
Rocky,Bengal,Cat,1,23.0,38.95,107,Normal,Active and Happy,Continue regular monitoring
Luna,Persian,Cat,14,2.8,38.73,105,Normal,Calm and Relaxed,Continue regular monitoring
Charlie,Poodle,Dog,6,10.0,38.79,98,Normal,Active and Happy,Continue regular monitoring
Molly,Bulldog,Dog,4,11.4,39.74,146,Alert,Lethargic or Restless,"Monitor closely, consult vet if persists"
Lucy,Persian,Cat,10,2.9,39.86,151,Alert,Lethargic or Restless,"Monitor closely, consult vet if persists"
Buddy,German Shepherd,Dog,1,38.9,39.78,137,Alert,Lethargic or Restless,"Monitor closely, consult vet if persists"
Milo,Labrador Retriever,Dog,2,31.1,38.49,89,Normal,Active and Happy,Continue regular monitoring
Leo,Golden Retriever,Dog,11,28.5,40.41,151,Alert,Lethargic or Restless,"Monitor closely, consult vet if persists"
Coco,Persian,Cat,13,1.8,38.52,127,Normal,Calm and Relaxed,Continue regular monitoring
Bella,Ragdoll,Cat,8,39.5,38.79,109,Normal,Active and Happy,Continue regular monitoring
Zoe,Persian,Cat,4,9.9,38.59,131,Normal,Active and Happy,Continue regular monitoring
Milo,Labrador Retriever,Dog,11,22.1,38.48,78,Normal,Active and Happy,Continue regular monitoring
Charlie,Chihuahua,Dog,8,1.0,38.44,129,Normal,Active and Happy,Continue regular monitoring
Molly,Persian,Cat,10,5.3,38.33,116,Normal,Active and Happy,Continue regular monitoring
Lucy,Siamese,Cat,9,6.5,38.6,131,Normal,Active and Happy,Continue regular monitoring
Zoe,Siamese,Cat,7,5.2,38.75,129,Normal,Active and Happy,Continue regular monitoring
Oscar,German Shepherd,Dog,3,29.8,38.71,96,Normal,Active and Happy,Continue regular monitoring
Max,Bengal,Cat,12,20.0,38.79,134,Normal,Active and Happy,Continue regular monitoring
Jack,Bengal,Cat,7,16.4,39.05,120,Normal,Active and Happy,Continue regular monitoring
Rocky,Maine Coon,Cat,12,26.2,38.34,122,Normal,Active and Happy,Continue regular monitoring
Milo,Siamese,Cat,11,5.6,40.17,157,Alert,Lethargic or Restless,"Monitor closely, consult vet if persists"
Leo,Maine Coon,Cat,13,19.4,38.12,126,Normal,Calm and Relaxed,Continue regular monitoring
Rocky,Siamese,Cat,9,6.3,39.89,153,Alert,Lethargic or Restless,"Monitor closely, consult vet if persists"
Daisy,Bengal,Cat,8,10.2,41.0,157,Critical,Very Lethargic or Distressed,Immediate veterinary attention needed
Luna,Persian,Cat,10,5.9,38.39,131,Normal,Active and Happy,Continue regular monitoring
Bella,Bulldog,Dog,16,12.7,39.04,114,Normal,Calm and Relaxed,Continue regular monitoring
Zoe,Persian,Cat,11,4.6,39.66,181,Critical,Very Lethargic or Distressed,Immediate veterinary attention needed
Daisy,Poodle,Dog,10,17.1,39.04,96,Normal,Active and Happy,Continue regular monitoring
Ruby,Maine Coon,Cat,1,31.6,38.07,135,Normal,Active and Happy,Continue regular monitoring
Zoe,Ragdoll,Cat,6,21.9,38.39,133,Normal,Active and Happy,Continue regular monitoring
Daisy,Bulldog,Dog,17,20.6,38.64,109,Normal,Calm and Relaxed,Continue regular monitoring
Molly,Labrador Retriever,Dog,6,38.1,38.41,91,Normal,Active and Happy,Continue regular monitoring
Bella,Beagle,Dog,9,4.7,37.95,175,Alert,Lethargic or Restless,"Monitor closely, consult vet if persists"
Zoe,Sphynx,Cat,3,5.1,40.45,153,Alert,Lethargic or Restless,"Monitor closely, consult vet if persists"
Max,Labrador Retriever,Dog,12,34.2,37.5,123,Alert,Lethargic or Restless,"Monitor closely, consult vet if persists"
Molly,Bengal,Cat,2,11.3,38.58,145,Normal,Active and Happy,Continue regular monitoring
Luna,Chihuahua,Dog,3,4.3,38.85,143,Normal,Active and Happy,Continue regular monitoring
Jack,Chihuahua,Dog,5,4.4,38.9,124,Normal,Active and Happy,Continue regular monitoring
Lucy,Golden Retriever,Dog,12,28.5,38.61,103,Normal,Active and Happy,Continue regular monitoring
Cooper,Domestic Shorthair,Cat,6,6.5,38.7,134,Normal,Active and Happy,Continue regular monitoring
Coco,Siamese,Cat,17,1.7,37.05,160,Critical,Very Lethargic or Distressed,Immediate veterinary attention needed
Buddy,Maine Coon,Cat,6,34.4,38.32,129,Normal,Active and Happy,Continue regular monitoring
Leo,Sphynx,Cat,11,1.4,40.6,179,Alert,Lethargic or Restless,"Monitor closely, consult vet if persists"
Tiger,German Shepherd,Dog,14,26.6,38.51,69,Normal,Calm and Relaxed,Continue regular monitoring
Buddy,Bulldog,Dog,8,17.7,38.77,97,Normal,Active and Happy,Continue regular monitoring
Luna,Bengal,Cat,2,14.6,38.53,128,Normal,Active and Happy,Continue regular monitoring
Rocky,Siamese,Cat,13,5.2,38.6,134,Normal,Calm and Relaxed,Continue regular monitoring
Toby,Labrador Retriever,Dog,4,17.8,38.86,81,Normal,Active and Happy,Continue regular monitoring
Toby,Poodle,Dog,3,11.4,38.57,97,Normal,Active and Happy,Continue regular monitoring
Ruby,Ragdoll,Cat,10,35.3,38.63,121,Normal,Active and Happy,Continue regular monitoring
Luna,Bulldog,Dog,16,10.7,39.75,127,Alert,Lethargic or Restless,"Monitor closely, consult vet if persists"
Coco,Bengal,Cat,10,19.5,38.93,136,Normal,Active and Happy,Continue regular monitoring
Zoe,Domestic Shorthair,Cat,6,7.1,38.88,115,Normal,Active and Happy,Continue regular monitoring
Zoe,Maine Coon,Cat,6,25.0,38.56,114,Normal,Active and Happy,Continue regular monitoring
Max,Labrador Retriever,Dog,4,23.9,40.69,147,Critical,Very Lethargic or Distressed,Immediate veterinary attention needed
Cooper,Golden Retriever,Dog,14,27.1,38.73,80,Normal,Calm and Relaxed,Continue regular monitoring
Cooper,Siamese,Cat,3,6.2,38.8,130,Normal,Active and Happy,Continue regular monitoring
Jack,Poodle,Dog,3,14.3,38.69,109,Normal,Active and Happy,Continue regular monitoring
Leo,Poodle,Dog,12,22.1,38.56,85,Normal,Active and Happy,Continue regular monitoring
Milo,Chihuahua,Dog,9,5.0,39.01,131,Normal,Active and Happy,Continue regular monitoring
Charlie,Domestic Shorthair,Cat,8,6.3,38.58,137,Normal,Active and Happy,Continue regular monitoring
Zoe,Sphynx,Cat,16,8.0,38.91,128,Normal,Calm and Relaxed,Continue regular monitoring
Leo,Chihuahua,Dog,17,4.7,38.6,111,Normal,Calm and Relaxed,Continue regular monitoring
Milo,Poodle,Dog,1,18.6,38.8,94,Normal,Active and Happy,Continue regular monitoring
Lucy,Bengal,Cat,6,24.3,38.62,115,Normal,Active and Happy,Continue regular monitoring
Rocky,Poodle,Dog,7,20.2,38.94,104,Normal,Active and Happy,Continue regular monitoring
Daisy,Poodle,Dog,8,25.3,38.82,96,Normal,Active and Happy,Continue regular monitoring
Rocky,Chihuahua,Dog,14,5.0,37.72,175,Alert,Lethargic or Restless,"Monitor closely, consult vet if persists"
Coco,Ragdoll,Cat,6,33.8,36.99,160,Critical,Very Lethargic or Distressed,Immediate veterinary attention needed
Max,Persian,Cat,5,3.9,37.98,160,Alert,Lethargic or Restless,"Monitor closely, consult vet if persists"
Rocky,Chihuahua,Dog,1,7.1,38.83,116,Normal,Active and Happy,Continue regular monitoring
Lucy,Ragdoll,Cat,9,17.9,38.24,134,Normal,Active and Happy,Continue regular monitoring
Jack,Ragdoll,Cat,14,26.1,40.12,177,Alert,Lethargic or Restless,"Monitor closely, consult vet if persists"
Coco,Ragdoll,Cat,8,38.8,38.24,121,Normal,Active and Happy,Continue regular monitoring
Charlie,Bulldog,Dog,9,20.3,39.04,92,Normal,Active and Happy,Continue regular monitoring
Leo,Golden Retriever,Dog,6,36.6,38.73,93,Normal,Active and Happy,Continue regular monitoring
Jack,Bulldog,Dog,2,13.7,39.29,103,Normal,Active and Happy,Continue regular monitoring
Buddy,Labrador Retriever,Dog,7,10.2,40.5,133,Alert,Lethargic or Restless,"Monitor closely, consult vet if persists"
Leo,Bengal,Cat,5,17.4,40.48,220,Critical,Very Lethargic or Distressed,Immediate veterinary attention needed
Rocky,Siamese,Cat,9,5.1,38.53,134,Normal,Active and Happy,Continue regular monitoring
Jack,Maine Coon,Cat,8,33.1,39.78,190,Critical,Very Lethargic or Distressed,Immediate veterinary attention needed
Ruby,Labrador Retriever,Dog,16,15.8,38.55,98,Normal,Calm and Relaxed,Continue regular monitoring
Max,German Shepherd,Dog,17,35.4,38.57,75,Normal,Calm and Relaxed,Continue regular monitoring
Coco,Bengal,Cat,1,10.9,39.72,167,Alert,Lethargic or Restless,"Monitor closely, consult vet if persists"
Max,Siamese,Cat,17,8.2,38.75,120,Normal,Calm and Relaxed,Continue regular monitoring
Simba,Ragdoll,Cat,2,49.5,40.34,175,Critical,Very Lethargic or Distressed,Immediate veterinary attention needed
Jack,Poodle,Dog,6,8.8,38.57,98,Normal,Active and Happy,Continue regular monitoring
Max,Domestic Shorthair,Cat,9,7.8,38.84,133,Normal,Active and Happy,Continue regular monitoring
Toby,Beagle,Dog,2,3.8,38.95,114,Normal,Active and Happy,Continue regular monitoring
Milo,Ragdoll,Cat,3,43.5,38.57,106,Normal,Active and Happy,Continue regular monitoring
Luna,Chihuahua,Dog,2,6.5,39.26,136,Normal,Active and Happy,Continue regular monitoring
Rocky,Persian,Cat,16,3.2,38.59,127,Normal,Calm and Relaxed,Continue regular monitoring
Tiger,Bulldog,Dog,3,11.2,38.78,126,Normal,Active and Happy,Continue regular monitoring
Luna,Ragdoll,Cat,1,28.6,40.0,195,Critical,Very Lethargic or Distressed,Immediate veterinary attention needed
Daisy,Ragdoll,Cat,7,28.2,38.45,113,Normal,Active and Happy,Continue regular monitoring
Lucy,Bulldog,Dog,9,15.7,37.46,160,Critical,Very Lethargic or Distressed,Immediate veterinary attention needed
Bella,Ragdoll,Cat,13,28.4,38.56,115,Normal,Calm and Relaxed,Continue regular monitoring
Oscar,Sphynx,Cat,5,3.6,40.27,179,Alert,Lethargic or Restless,"Monitor closely, consult vet if persists"
Molly,Siamese,Cat,16,9.4,38.89,136,Normal,Calm and Relaxed,Continue regular monitoring
Luna,Bulldog,Dog,7,16.3,38.67,90,Normal,Active and Happy,Continue regular monitoring
Leo,Golden Retriever,Dog,11,35.8,38.82,95,Normal,Active and Happy,Continue regular monitoring
Oscar,Sphynx,Cat,3,7.1,39.52,135,Normal,Active and Happy,Continue regular monitoring
Max,Persian,Cat,7,3.9,38.62,118,Normal,Active and Happy,Continue regular monitoring
Ruby,German Shepherd,Dog,1,22.7,38.45,90,Normal,Active and Happy,Continue regular monitoring
Molly,Chihuahua,Dog,2,9.7,38.98,115,Normal,Active and Happy,Continue regular monitoring
Daisy,Domestic Shorthair,Cat,13,4.3,38.49,134,Normal,Calm and Relaxed,Continue regular monitoring
Max,Domestic Shorthair,Cat,7,6.1,38.38,140,Normal,Active and Happy,Continue regular monitoring
Oscar,German Shepherd,Dog,5,40.1,37.66,122,Alert,Lethargic or Restless,"Monitor closely, consult vet if persists"
Ruby,German Shepherd,Dog,6,38.4,38.58,92,Normal,Active and Happy,Continue regular monitoring
Coco,Bulldog,Dog,7,21.3,38.15,157,Alert,Lethargic or Restless,"Monitor closely, consult vet if persists"
Max,Chihuahua,Dog,11,8.9,37.52,190,Critical,Very Lethargic or Distressed,Immediate veterinary attention needed
Oscar,Golden Retriever,Dog,6,22.0,38.52,77,Normal,Active and Happy,Continue regular monitoring
Coco,Sphynx,Cat,2,8.5,39.17,136,Normal,Active and Happy,Continue regular monitoring
Buddy,Persian,Cat,9,1.0,40.45,185,Critical,Very Lethargic or Distressed,Immediate veterinary attention needed
Milo,German Shepherd,Dog,1,29.5,38.83,89,Normal,Active and Happy,Continue regular monitoring
Simba,Bulldog,Dog,14,10.8,39.02,84,Normal,Calm and Relaxed,Continue regular monitoring
Leo,Domestic Shorthair,Cat,12,5.0,38.45,108,Normal,Active and Happy,Continue regular monitoring
Tiger,Bengal,Cat,13,14.6,38.54,115,Normal,Calm and Relaxed,Continue regular monitoring
Simba,German Shepherd,Dog,16,33.4,37.49,161,Critical,Very Lethargic or Distressed,Immediate veterinary attention needed
Ruby,Bengal,Cat,1,7.9,38.34,119,Normal,Active and Happy,Continue regular monitoring
Rocky,Persian,Cat,10,3.2,40.24,209,Critical,Very Lethargic or Distressed,Immediate veterinary attention needed
Lucy,Poodle,Dog,16,20.6,37.74,116,Alert,Lethargic or Restless,"Monitor closely, consult vet if persists"
Bella,Bulldog,Dog,17,21.4,38.89,96,Normal,Calm and Relaxed,Continue regular monitoring
Leo,Chihuahua,Dog,1,2.4,38.06,219,Alert,Lethargic or Restless,"Monitor closely, consult vet if persists"
Simba,Chihuahua,Dog,13,3.2,39.01,116,Normal,Calm and Relaxed,Continue regular monitoring
Luna,German Shepherd,Dog,9,22.2,38.97,71,Normal,Active and Happy,Continue regular monitoring
Rocky,Ragdoll,Cat,15,30.7,38.46,115,Normal,Calm and Relaxed,Continue regular monitoring
Tiger,Persian,Cat,2,4.6,38.55,137,Normal,Active and Happy,Continue regular monitoring
Cooper,Domestic Shorthair,Cat,12,5.7,38.69,122,Normal,Active and Happy,Continue regular monitoring
Molly,Ragdoll,Cat,9,32.2,38.81,121,Normal,Active and Happy,Continue regular monitoring
Charlie,Persian,Cat,12,3.3,38.6,133,Normal,Active and Happy,Continue regular monitoring
Molly,Bengal,Cat,3,20.0,38.3,129,Normal,Active and Happy,Continue regular monitoring
Luna,Bengal,Cat,14,13.8,38.66,115,Normal,Calm and Relaxed,Continue regular monitoring
Bella,Ragdoll,Cat,13,24.2,38.33,117,Normal,Calm and Relaxed,Continue regular monitoring
Coco,Bengal,Cat,5,17.8,38.49,147,Normal,Active and Happy,Continue regular monitoring
Cooper,Ragdoll,Cat,15,34.5,40.8,172,Critical,Very Lethargic or Distressed,Immediate veterinary attention needed
Charlie,Bengal,Cat,6,6.2,38.88,121,Normal,Active and Happy,Continue regular monitoring
Simba,Ragdoll,Cat,15,41.2,38.97,122,Normal,Calm and Relaxed,Continue regular monitoring
Ruby,Golden Retriever,Dog,10,27.6,38.49,102,Normal,Active and Happy,Continue regular monitoring
Rocky,Chihuahua,Dog,7,3.7,39.23,119,Normal,Active and Happy,Continue regular monitoring
Jack,German Shepherd,Dog,3,35.1,40.7,122,Critical,Very Lethargic or Distressed,Immediate veterinary attention needed
Charlie,Poodle,Dog,9,13.1,37.14,159,Critical,Very Lethargic or Distressed,Immediate veterinary attention needed
Oscar,Beagle,Dog,7,3.7,38.73,109,Normal,Active and Happy,Continue regular monitoring
Leo,Ragdoll,Cat,7,26.4,38.73,122,Normal,Active and Happy,Continue regular monitoring
Buddy,Maine Coon,Cat,16,23.5,38.51,113,Normal,Calm and Relaxed,Continue regular monitoring
Leo,Golden Retriever,Dog,1,38.4,38.49,93,Normal,Active and Happy,Continue regular monitoring
Charlie,Beagle,Dog,2,5.3,38.63,124,Normal,Active and Happy,Continue regular monitoring
Molly,Golden Retriever,Dog,7,36.4,38.64,106,Normal,Active and Happy,Continue regular monitoring
Oscar,Maine Coon,Cat,9,26.4,37.24,148,Alert,Lethargic or Restless,"Monitor closely, consult vet if persists"
Max,Persian,Cat,6,8.8,38.47,108,Normal,Active and Happy,Continue regular monitoring
Charlie,Bengal,Cat,2,21.3,38.74,143,Normal,Active and Happy,Continue regular monitoring
Simba,Ragdoll,Cat,7,40.1,38.4,102,Normal,Active and Happy,Continue regular monitoring
Charlie,Siamese,Cat,10,2.4,38.51,146,Normal,Active and Happy,Continue regular monitoring
Rocky,Ragdoll,Cat,15,30.9,38.81,110,Normal,Calm and Relaxed,Continue regular monitoring
Toby,Sphynx,Cat,4,6.5,38.96,153,Normal,Active and Happy,Continue regular monitoring
Ruby,German Shepherd,Dog,14,28.2,38.55,87,Normal,Calm and Relaxed,Continue regular monitoring
Ruby,Labrador Retriever,Dog,3,24.6,40.17,143,Alert,Lethargic or Restless,"Monitor closely, consult vet if persists"
Daisy,Domestic Shorthair,Cat,1,5.2,40.05,163,Alert,Lethargic or Restless,"Monitor closely, consult vet if persists"
Rocky,Golden Retriever,Dog,5,30.0,39.65,152,Alert,Lethargic or Restless,"Monitor closely, consult vet if persists"
Rocky,German Shepherd,Dog,7,24.4,38.44,83,Normal,Active and Happy,Continue regular monitoring
Charlie,Sphynx,Cat,1,6.7,39.48,159,Normal,Active and Happy,Continue regular monitoring
Simba,Poodle,Dog,7,6.2,39.76,139,Alert,Lethargic or Restless,"Monitor closely, consult vet if persists"
Cooper,Poodle,Dog,1,5.0,38.67,90,Normal,Active and Happy,Continue regular monitoring
Buddy,Maine Coon,Cat,13,36.7,38.51,109,Normal,Calm and Relaxed,Continue regular monitoring
Molly,Beagle,Dog,2,6.6,37.71,127,Alert,Lethargic or Restless,"Monitor closely, consult vet if persists"
Charlie,Labrador Retriever,Dog,2,30.1,38.37,102,Normal,Active and Happy,Continue regular monitoring
Tiger,Bengal,Cat,4,12.8,37.81,159,Critical,Very Lethargic or Distressed,Immediate veterinary attention needed
Leo,Poodle,Dog,16,17.1,38.78,114,Normal,Calm and Relaxed,Continue regular monitoring
Charlie,Maine Coon,Cat,13,17.1,38.31,110,Normal,Calm and Relaxed,Continue regular monitoring
Leo,Persian,Cat,17,3.8,38.27,128,Normal,Calm and Relaxed,Continue regular monitoring
Leo,German Shepherd,Dog,10,30.4,38.2,86,Normal,Active and Happy,Continue regular monitoring
Daisy,Golden Retriever,Dog,1,31.5,38.05,85,Normal,Active and Happy,Continue regular monitoring
Jack,Golden Retriever,Dog,17,37.8,38.66,65,Normal,Calm and Relaxed,Continue regular monitoring
Daisy,Bulldog,Dog,7,14.0,38.62,100,Normal,Active and Happy,Continue regular monitoring
Milo,Chihuahua,Dog,5,6.9,38.63,120,Normal,Active and Happy,Continue regular monitoring
Milo,Bulldog,Dog,5,13.2,38.66,110,Normal,Active and Happy,Continue regular monitoring
Molly,Sphynx,Cat,9,4.4,39.07,122,Normal,Active and Happy,Continue regular monitoring
Simba,Poodle,Dog,4,19.7,38.51,80,Normal,Active and Happy,Continue regular monitoring
Luna,Labrador Retriever,Dog,6,30.9,38.2,85,Normal,Active and Happy,Continue regular monitoring
Zoe,Sphynx,Cat,2,9.9,40.41,151,Alert,Lethargic or Restless,"Monitor closely, consult vet if persists"
Simba,Maine Coon,Cat,8,32.0,38.51,127,Normal,Active and Happy,Continue regular monitoring
Cooper,German Shepherd,Dog,3,18.0,37.82,186,Critical,Very Lethargic or Distressed,Immediate veterinary attention needed
Toby,Sphynx,Cat,16,3.8,40.47,165,Alert,Lethargic or Restless,"Monitor closely, consult vet if persists"
Oscar,Persian,Cat,4,5.1,37.66,126,Alert,Lethargic or Restless,"Monitor closely, consult vet if persists"
Molly,Ragdoll,Cat,6,37.3,38.68,121,Normal,Active and Happy,Continue regular monitoring
Molly,Chihuahua,Dog,6,7.3,38.84,129,Normal,Active and Happy,Continue regular monitoring
Max,Bengal,Cat,15,15.6,38.82,116,Normal,Calm and Relaxed,Continue regular monitoring
Toby,Bulldog,Dog,9,15.6,40.04,141,Alert,Lethargic or Restless,"Monitor closely, consult vet if persists"
Charlie,Golden Retriever,Dog,2,31.0,38.5,81,Normal,Active and Happy,Continue regular monitoring
Simba,Beagle,Dog,6,4.5,38.4,123,Normal,Active and Happy,Continue regular monitoring
Molly,Poodle,Dog,9,15.0,38.93,111,Normal,Active and Happy,Continue regular monitoring
Bella,Bulldog,Dog,12,12.6,38.8,89,Normal,Active and Happy,Continue regular monitoring
Leo,Maine Coon,Cat,10,9.5,38.19,118,Normal,Active and Happy,Continue regular monitoring
Zoe,Labrador Retriever,Dog,3,26.6,37.7,119,Alert,Lethargic or Restless,"Monitor closely, consult vet if persists"
Zoe,German Shepherd,Dog,5,29.9,38.66,97,Normal,Active and Happy,Continue regular monitoring
Cooper,Bulldog,Dog,6,25.1,38.83,84,Normal,Active and Happy,Continue regular monitoring
Jack,German Shepherd,Dog,2,32.8,38.33,82,Normal,Active and Happy,Continue regular monitoring
Leo,German Shepherd,Dog,7,19.3,37.56,146,Alert,Lethargic or Restless,"Monitor closely, consult vet if persists"
Buddy,Labrador Retriever,Dog,9,6.4,40.29,142,Critical,Very Lethargic or Distressed,Immediate veterinary attention needed
Oscar,Bulldog,Dog,9,16.7,38.67,103,Normal,Active and Happy,Continue regular monitoring
Charlie,Domestic Shorthair,Cat,3,8.1,37.81,166,Alert,Lethargic or Restless,"Monitor closely, consult vet if persists"
Daisy,Bulldog,Dog,8,15.4,38.0,145,Alert,Lethargic or Restless,"Monitor closely, consult vet if persists"
Toby,Poodle,Dog,7,15.7,38.78,100,Normal,Active and Happy,Continue regular monitoring
Rocky,Bulldog,Dog,5,9.0,38.93,104,Normal,Active and Happy,Continue regular monitoring
Tiger,Sphynx,Cat,4,2.4,38.92,148,Normal,Active and Happy,Continue regular monitoring
Rocky,Persian,Cat,5,5.5,39.53,156,Alert,Lethargic or Restless,"Monitor closely, consult vet if persists"
Coco,Ragdoll,Cat,1,24.1,39.65,151,Alert,Lethargic or Restless,"Monitor closely, consult vet if persists"
Milo,Siamese,Cat,4,1.0,38.58,129,Normal,Active and Happy,Continue regular monitoring
Tiger,Poodle,Dog,9,12.0,38.62,91,Normal,Active and Happy,Continue regular monitoring
Tiger,Beagle,Dog,7,7.1,38.46,102,Normal,Active and Happy,Continue regular monitoring
Luna,Ragdoll,Cat,4,38.9,38.65,108,Normal,Active and Happy,Continue regular monitoring
Milo,Golden Retriever,Dog,7,32.7,38.67,98,Normal,Active and Happy,Continue regular monitoring
Charlie,Persian,Cat,4,7.6,38.29,111,Normal,Active and Happy,Continue regular monitoring
Jack,Maine Coon,Cat,6,44.1,39.35,141,Alert,Lethargic or Restless,"Monitor closely, consult vet if persists"
Tiger,Sphynx,Cat,5,4.2,39.07,138,Normal,Active and Happy,Continue regular monitoring
Simba,Maine Coon,Cat,2,32.5,38.06,117,Normal,Active and Happy,Continue regular monitoring
Zoe,Maine Coon,Cat,6,29.1,38.31,119,Normal,Active and Happy,Continue regular monitoring
Tiger,Domestic Shorthair,Cat,15,2.9,39.07,126,Normal,Calm and Relaxed,Continue regular monitoring
Ruby,Bulldog,Dog,1,10.3,38.94,113,Normal,Active and Happy,Continue regular monitoring
Milo,Siamese,Cat,6,2.5,38.36,132,Normal,Active and Happy,Continue regular monitoring
Leo,Ragdoll,Cat,11,31.1,38.44,123,Normal,Active and Happy,Continue regular monitoring
Daisy,Bulldog,Dog,4,19.5,38.56,101,Normal,Active and Happy,Continue regular monitoring
Tiger,Persian,Cat,2,3.4,37.51,156,Alert,Lethargic or Restless,"Monitor closely, consult vet if persists"
Rocky,Golden Retriever,Dog,7,26.1,40.89,141,Critical,Very Lethargic or Distressed,Immediate veterinary attention needed
Rocky,Golden Retriever,Dog,4,8.6,38.49,89,Normal,Active and Happy,Continue regular monitoring
Coco,Labrador Retriever,Dog,6,41.1,40.26,154,Critical,Very Lethargic or Distressed,Immediate veterinary attention needed
Simba,Siamese,Cat,1,6.5,38.68,138,Normal,Active and Happy,Continue regular monitoring
Zoe,Golden Retriever,Dog,12,32.2,38.34,73,Normal,Active and Happy,Continue regular monitoring
Buddy,Persian,Cat,5,4.7,38.52,123,Normal,Active and Happy,Continue regular monitoring
Toby,Bengal,Cat,17,23.8,38.77,131,Normal,Calm and Relaxed,Continue regular monitoring
Charlie,Labrador Retriever,Dog,1,38.5,39.71,124,Alert,Lethargic or Restless,"Monitor closely, consult vet if persists"
Jack,Siamese,Cat,10,5.4,39.65,164,Alert,Lethargic or Restless,"Monitor closely, consult vet if persists"
Rocky,Labrador Retriever,Dog,6,33.5,39.89,141,Alert,Lethargic or Restless,"Monitor closely, consult vet if persists"
Max,Bulldog,Dog,4,17.2,40.13,147,Alert,Lethargic or Restless,"Monitor closely, consult vet if persists"
Charlie,German Shepherd,Dog,14,23.0,38.46,53,Normal,Calm and Relaxed,Continue regular monitoring
Luna,Chihuahua,Dog,5,3.3,38.71,144,Normal,Active and Happy,Continue regular monitoring
Daisy,Chihuahua,Dog,1,3.6,39.01,132,Normal,Active and Happy,Continue regular monitoring
Toby,Ragdoll,Cat,15,25.0,38.51,107,Normal,Calm and Relaxed,Continue regular monitoring
Molly,Persian,Cat,2,6.5,40.03,173,Alert,Lethargic or Restless,"Monitor closely, consult vet if persists"
Milo,Siamese,Cat,3,6.1,39.54,141,Alert,Lethargic or Restless,"Monitor closely, consult vet if persists"
Luna,Poodle,Dog,8,17.8,38.85,100,Normal,Active and Happy,Continue regular monitoring
Toby,Labrador Retriever,Dog,9,38.5,38.74,80,Normal,Active and Happy,Continue regular monitoring
Cooper,Ragdoll,Cat,3,44.3,38.71,107,Normal,Active and Happy,Continue regular monitoring
Coco,German Shepherd,Dog,15,36.9,38.6,96,Normal,Calm and Relaxed,Continue regular monitoring
Buddy,Sphynx,Cat,15,3.6,40.28,170,Alert,Lethargic or Restless,"Monitor closely, consult vet if persists"
Molly,Siamese,Cat,16,4.2,37.86,133,Alert,Lethargic or Restless,"Monitor closely, consult vet if persists"
Rocky,Chihuahua,Dog,4,3.5,39.03,137,Normal,Active and Happy,Continue regular monitoring
Simba,Ragdoll,Cat,3,32.2,37.77,166,Alert,Lethargic or Restless,"Monitor closely, consult vet if persists"
Max,Beagle,Dog,1,2.1,38.63,123,Normal,Active and Happy,Continue regular monitoring
Toby,Labrador Retriever,Dog,14,28.7,38.56,89,Normal,Calm and Relaxed,Continue regular monitoring
Leo,Siamese,Cat,9,3.9,37.31,158,Critical,Very Lethargic or Distressed,Immediate veterinary attention needed
Ruby,Ragdoll,Cat,2,31.9,38.4,126,Normal,Active and Happy,Continue regular monitoring
Max,Labrador Retriever,Dog,2,41.0,38.51,92,Normal,Active and Happy,Continue regular monitoring
Luna,Siamese,Cat,7,5.5,38.76,120,Normal,Active and Happy,Continue regular monitoring
Toby,German Shepherd,Dog,11,7.5,38.56,67,Normal,Active and Happy,Continue regular monitoring
Luna,Chihuahua,Dog,13,5.2,40.69,181,Critical,Very Lethargic or Distressed,Immediate veterinary attention needed
Lucy,Poodle,Dog,14,14.3,39.74,166,Alert,Lethargic or Restless,"Monitor closely, consult vet if persists"
Zoe,Siamese,Cat,15,7.4,38.51,106,Normal,Calm and Relaxed,Continue regular monitoring
Oscar,Labrador Retriever,Dog,14,35.4,40.13,145,Alert,Lethargic or Restless,"Monitor closely, consult vet if persists"
Daisy,Labrador Retriever,Dog,13,38.5,38.34,87,Normal,Calm and Relaxed,Continue regular monitoring
Oscar,Persian,Cat,6,4.5,38.54,117,Normal,Active and Happy,Continue regular monitoring
Leo,German Shepherd,Dog,1,39.6,39.97,161,Critical,Very Lethargic or Distressed,Immediate veterinary attention needed
Daisy,Domestic Shorthair,Cat,1,9.5,38.55,150,Normal,Active and Happy,Continue regular monitoring
Luna,Bengal,Cat,9,12.4,38.65,118,Normal,Active and Happy,Continue regular monitoring
Ruby,Domestic Shorthair,Cat,2,8.5,38.79,124,Normal,Active and Happy,Continue regular monitoring
Bella,Domestic Shorthair,Cat,3,5.3,38.7,132,Normal,Active and Happy,Continue regular monitoring
Zoe,Siamese,Cat,16,4.2,38.46,123,Normal,Calm and Relaxed,Continue regular monitoring
Buddy,Bulldog,Dog,11,14.5,38.45,111,Normal,Active and Happy,Continue regular monitoring
Zoe,Chihuahua,Dog,1,6.2,39.05,135,Normal,Active and Happy,Continue regular monitoring
Oscar,Chihuahua,Dog,11,4.9,37.91,167,Alert,Lethargic or Restless,"Monitor closely, consult vet if persists"
Coco,Persian,Cat,7,5.0,38.47,114,Normal,Active and Happy,Continue regular monitoring
Toby,Siamese,Cat,11,4.7,38.59,118,Normal,Active and Happy,Continue regular monitoring
Charlie,Beagle,Dog,3,4.2,38.61,111,Normal,Active and Happy,Continue regular monitoring
Max,Bengal,Cat,12,13.9,38.81,142,Normal,Active and Happy,Continue regular monitoring
Lucy,Bengal,Cat,5,4.4,38.59,134,Normal,Active and Happy,Continue regular monitoring
Oscar,Chihuahua,Dog,12,7.0,39.17,132,Normal,Active and Happy,Continue regular monitoring
Jack,Bulldog,Dog,9,20.0,38.82,91,Normal,Active and Happy,Continue regular monitoring
Oscar,German Shepherd,Dog,2,38.4,38.43,94,Normal,Active and Happy,Continue regular monitoring
Charlie,Poodle,Dog,1,17.6,38.76,97,Normal,Active and Happy,Continue regular monitoring
Leo,Persian,Cat,6,3.9,38.54,128,Normal,Active and Happy,Continue regular monitoring
Daisy,Chihuahua,Dog,2,9.4,39.07,135,Normal,Active and Happy,Continue regular monitoring
Luna,Bengal,Cat,9,18.4,39.42,153,Alert,Lethargic or Restless,"Monitor closely, consult vet if persists"
Zoe,Golden Retriever,Dog,6,38.5,37.51,155,Critical,Very Lethargic or Distressed,Immediate veterinary attention needed
Cooper,Siamese,Cat,1,1.0,38.46,124,Normal,Active and Happy,Continue regular monitoring
Coco,Sphynx,Cat,9,5.2,39.02,139,Normal,Active and Happy,Continue regular monitoring
Simba,Golden Retriever,Dog,16,21.1,38.79,98,Normal,Calm and Relaxed,Continue regular monitoring
Toby,Domestic Shorthair,Cat,6,6.6,39.03,136,Normal,Active and Happy,Continue regular monitoring
Cooper,Golden Retriever,Dog,6,24.6,38.35,88,Normal,Active and Happy,Continue regular monitoring
Molly,Golden Retriever,Dog,4,35.3,38.91,80,Normal,Active and Happy,Continue regular monitoring
Leo,Labrador Retriever,Dog,17,33.7,38.79,69,Normal,Calm and Relaxed,Continue regular monitoring
Max,Bulldog,Dog,13,13.8,38.17,155,Alert,Lethargic or Restless,"Monitor closely, consult vet if persists"
Zoe,Maine Coon,Cat,8,24.2,38.18,118,Normal,Active and Happy,Continue regular monitoring
Luna,Labrador Retriever,Dog,2,31.2,38.3,87,Normal,Active and Happy,Continue regular monitoring
Buddy,Persian,Cat,6,3.4,37.72,163,Alert,Lethargic or Restless,"Monitor closely, consult vet if persists"
Coco,Bulldog,Dog,16,8.3,38.75,97,Normal,Calm and Relaxed,Continue regular monitoring
Milo,Beagle,Dog,13,2.6,40.64,182,Critical,Very Lethargic or Distressed,Immediate veterinary attention needed
Toby,Maine Coon,Cat,13,34.3,36.93,172,Critical,Very Lethargic or Distressed,Immediate veterinary attention needed
Zoe,Bengal,Cat,4,12.3,39.95,188,Critical,Very Lethargic or Distressed,Immediate veterinary attention needed
Toby,Sphynx,Cat,3,7.2,39.27,134,Normal,Active and Happy,Continue regular monitoring
Tiger,Ragdoll,Cat,2,37.4,38.6,141,Normal,Active and Happy,Continue regular monitoring
Cooper,Chihuahua,Dog,15,5.3,38.91,130,Normal,Calm and Relaxed,Continue regular monitoring
Daisy,Ragdoll,Cat,16,26.0,39.44,146,Alert,Lethargic or Restless,"Monitor closely, consult vet if persists"
Lucy,Ragdoll,Cat,1,29.6,40.13,145,Alert,Lethargic or Restless,"Monitor closely, consult vet if persists"
Buddy,Sphynx,Cat,15,2.8,39.13,137,Normal,Calm and Relaxed,Continue regular monitoring
Jack,Bengal,Cat,1,25.2,38.8,132,Normal,Active and Happy,Continue regular monitoring
Toby,Golden Retriever,Dog,6,18.1,38.49,96,Normal,Active and Happy,Continue regular monitoring
Ruby,Sphynx,Cat,15,5.6,37.99,167,Alert,Lethargic or Restless,"Monitor closely, consult vet if persists"
Milo,Poodle,Dog,7,17.4,38.62,102,Normal,Active and Happy,Continue regular monitoring
Charlie,Poodle,Dog,12,16.1,38.52,91,Normal,Active and Happy,Continue regular monitoring
Toby,Beagle,Dog,7,5.6,40.03,192,Alert,Lethargic or Restless,"Monitor closely, consult vet if persists"
Tiger,Labrador Retriever,Dog,6,30.1,38.19,104,Normal,Active and Happy,Continue regular monitoring
Cooper,German Shepherd,Dog,10,36.8,38.7,96,Normal,Active and Happy,Continue regular monitoring
Toby,German Shepherd,Dog,5,26.3,38.48,96,Normal,Active and Happy,Continue regular monitoring
Milo,Domestic Shorthair,Cat,2,6.6,38.46,117,Normal,Active and Happy,Continue regular monitoring
Max,Chihuahua,Dog,4,4.9,38.41,145,Normal,Active and Happy,Continue regular monitoring
Max,Bengal,Cat,5,24.5,38.86,143,Normal,Active and Happy,Continue regular monitoring
Rocky,Bulldog,Dog,2,22.9,39.08,105,Normal,Active and Happy,Continue regular monitoring
Oscar,Golden Retriever,Dog,8,29.9,38.39,87,Normal,Active and Happy,Continue regular monitoring
Bella,Bengal,Cat,15,9.1,39.57,186,Alert,Lethargic or Restless,"Monitor closely, consult vet if persists"
Milo,Maine Coon,Cat,8,31.9,38.41,121,Normal,Active and Happy,Continue regular monitoring
Milo,German Shepherd,Dog,7,33.0,38.67,100,Normal,Active and Happy,Continue regular monitoring
Simba,Golden Retriever,Dog,3,37.4,39.94,141,Alert,Lethargic or Restless,"Monitor closely, consult vet if persists"
Toby,Golden Retriever,Dog,9,30.9,38.34,89,Normal,Active and Happy,Continue regular monitoring
Leo,German Shepherd,Dog,1,32.1,37.63,162,Alert,Lethargic or Restless,"Monitor closely, consult vet if persists"
Zoe,Chihuahua,Dog,10,6.6,39.19,123,Normal,Active and Happy,Continue regular monitoring
Jack,Labrador Retriever,Dog,13,33.5,38.63,90,Normal,Calm and Relaxed,Continue regular monitoring
Lucy,Ragdoll,Cat,2,27.2,38.87,121,Normal,Active and Happy,Continue regular monitoring
Coco,Golden Retriever,Dog,9,39.3,37.57,132,Alert,Lethargic or Restless,"Monitor closely, consult vet if persists"
Oscar,Beagle,Dog,14,4.2,38.61,106,Normal,Calm and Relaxed,Continue regular monitoring
Daisy,Siamese,Cat,12,8.1,38.62,128,Normal,Active and Happy,Continue regular monitoring
Daisy,Sphynx,Cat,12,6.3,39.19,138,Normal,Active and Happy,Continue regular monitoring
Cooper,Poodle,Dog,2,19.9,39.64,166,Alert,Lethargic or Restless,"Monitor closely, consult vet if persists"
Jack,Persian,Cat,15,2.9,37.51,128,Alert,Lethargic or Restless,"Monitor closely, consult vet if persists"
Lucy,Bulldog,Dog,15,17.3,38.71,98,Normal,Calm and Relaxed,Continue regular monitoring
Zoe,Persian,Cat,1,2.7,36.83,168,Critical,Very Lethargic or Distressed,Immediate veterinary attention needed
Molly,Poodle,Dog,13,9.6,37.24,190,Critical,Very Lethargic or Distressed,Immediate veterinary attention needed
Toby,Beagle,Dog,16,4.1,38.61,108,Normal,Calm and Relaxed,Continue regular monitoring
Milo,Bengal,Cat,12,9.8,38.93,127,Normal,Active and Happy,Continue regular monitoring
Oscar,Siamese,Cat,4,8.5,40.02,160,Alert,Lethargic or Restless,"Monitor closely, consult vet if persists"
Coco,Maine Coon,Cat,8,33.4,39.27,170,Alert,Lethargic or Restless,"Monitor closely, consult vet if persists"
Cooper,Golden Retriever,Dog,5,37.3,39.85,122,Alert,Lethargic or Restless,"Monitor closely, consult vet if persists"
Luna,Ragdoll,Cat,1,27.9,38.73,118,Normal,Active and Happy,Continue regular monitoring
Tiger,Sphynx,Cat,11,4.6,39.13,151,Normal,Active and Happy,Continue regular monitoring
Leo,Ragdoll,Cat,1,21.8,37.61,140,Alert,Lethargic or Restless,"Monitor closely, consult vet if persists"
Tiger,Bengal,Cat,14,16.8,37.86,193,Critical,Very Lethargic or Distressed,Immediate veterinary attention needed
Buddy,Chihuahua,Dog,4,3.2,38.79,134,Normal,Active and Happy,Continue regular monitoring
Lucy,Golden Retriever,Dog,4,29.3,40.33,173,Critical,Very Lethargic or Distressed,Immediate veterinary attention needed
Coco,Bulldog,Dog,3,6.4,38.55,96,Normal,Active and Happy,Continue regular monitoring
Jack,Poodle,Dog,16,16.8,38.48,83,Normal,Calm and Relaxed,Continue regular monitoring
Tiger,Chihuahua,Dog,7,6.4,40.49,167,Alert,Lethargic or Restless,"Monitor closely, consult vet if persists"
Rocky,Persian,Cat,6,11.3,38.42,141,Normal,Active and Happy,Continue regular monitoring
Daisy,Golden Retriever,Dog,15,40.9,38.71,84,Normal,Calm and Relaxed,Continue regular monitoring
Buddy,Ragdoll,Cat,3,25.4,38.69,110,Normal,Active and Happy,Continue regular monitoring
Tiger,Bengal,Cat,3,17.2,38.97,124,Normal,Active and Happy,Continue regular monitoring
Tiger,Siamese,Cat,16,5.3,40.07,160,Alert,Lethargic or Restless,"Monitor closely, consult vet if persists"
Daisy,Labrador Retriever,Dog,3,19.8,38.7,88,Normal,Active and Happy,Continue regular monitoring
Ruby,Domestic Shorthair,Cat,7,5.5,39.91,172,Alert,Lethargic or Restless,"Monitor closely, consult vet if persists"
Lucy,Persian,Cat,6,5.0,38.4,114,Normal,Active and Happy,Continue regular monitoring
Max,Ragdoll,Cat,16,24.9,39.71,151,Alert,Lethargic or Restless,"Monitor closely, consult vet if persists"
Milo,Beagle,Dog,5,6.6,38.84,100,Normal,Active and Happy,Continue regular monitoring
Buddy,Bulldog,Dog,7,16.2,38.68,91,Normal,Active and Happy,Continue regular monitoring
Jack,Siamese,Cat,6,3.3,38.69,132,Normal,Active and Happy,Continue regular monitoring
Max,Chihuahua,Dog,4,6.8,38.98,121,Normal,Active and Happy,Continue regular monitoring
Milo,Labrador Retriever,Dog,5,28.8,38.4,81,Normal,Active and Happy,Continue regular monitoring
Milo,Bulldog,Dog,17,22.4,38.86,93,Normal,Calm and Relaxed,Continue regular monitoring
Lucy,Siamese,Cat,7,5.2,38.94,143,Normal,Active and Happy,Continue regular monitoring
Cooper,Sphynx,Cat,17,3.0,39.11,136,Normal,Calm and Relaxed,Continue regular monitoring
Rocky,Domestic Shorthair,Cat,12,6.8,38.46,133,Normal,Active and Happy,Continue regular monitoring
Simba,Bulldog,Dog,4,8.8,38.56,105,Normal,Active and Happy,Continue regular monitoring
Buddy,Domestic Shorthair,Cat,5,8.5,37.41,202,Critical,Very Lethargic or Distressed,Immediate veterinary attention needed
Tiger,Labrador Retriever,Dog,14,16.4,38.38,84,Normal,Calm and Relaxed,Continue regular monitoring
Buddy,Bulldog,Dog,1,18.5,38.85,93,Normal,Active and Happy,Continue regular monitoring
Molly,Beagle,Dog,4,5.4,39.23,102,Normal,Active and Happy,Continue regular monitoring
Milo,German Shepherd,Dog,1,41.4,38.7,88,Normal,Active and Happy,Continue regular monitoring
Zoe,Labrador Retriever,Dog,15,42.7,38.56,76,Normal,Calm and Relaxed,Continue regular monitoring
Tiger,German Shepherd,Dog,16,32.2,38.47,75,Normal,Calm and Relaxed,Continue regular monitoring
Toby,Ragdoll,Cat,8,23.0,38.6,103,Normal,Active and Happy,Continue regular monitoring
Toby,Bengal,Cat,14,20.2,38.76,126,Normal,Calm and Relaxed,Continue regular monitoring
Daisy,Bengal,Cat,8,15.9,39.01,138,Normal,Active and Happy,Continue regular monitoring
Bella,Ragdoll,Cat,4,36.8,38.69,121,Normal,Active and Happy,Continue regular monitoring
Daisy,Maine Coon,Cat,11,38.4,36.72,170,Critical,Very Lethargic or Distressed,Immediate veterinary attention needed
Cooper,Domestic Shorthair,Cat,9,6.4,38.79,130,Normal,Active and Happy,Continue regular monitoring
Buddy,Bengal,Cat,2,15.0,40.75,210,Critical,Very Lethargic or Distressed,Immediate veterinary attention needed
Simba,Sphynx,Cat,7,6.5,37.52,177,Critical,Very Lethargic or Distressed,Immediate veterinary attention needed
Zoe,Bengal,Cat,9,25.8,38.39,140,Normal,Active and Happy,Continue regular monitoring
Lucy,Bulldog,Dog,9,18.2,37.6,189,Critical,Very Lethargic or Distressed,Immediate veterinary attention needed
Leo,Chihuahua,Dog,12,5.8,38.44,133,Normal,Active and Happy,Continue regular monitoring
Coco,Bengal,Cat,6,23.9,39.03,136,Normal,Active and Happy,Continue regular monitoring
Max,Bengal,Cat,5,17.9,39.6,134,Alert,Lethargic or Restless,"Monitor closely, consult vet if persists"
Cooper,Poodle,Dog,16,16.6,38.69,100,Normal,Calm and Relaxed,Continue regular monitoring
Simba,Golden Retriever,Dog,14,42.1,40.34,166,Critical,Very Lethargic or Distressed,Immediate veterinary attention needed
Bella,Sphynx,Cat,14,4.8,39.18,148,Normal,Calm and Relaxed,Continue regular monitoring
Luna,Beagle,Dog,6,2.9,38.88,115,Normal,Active and Happy,Continue regular monitoring
Leo,Bulldog,Dog,2,8.7,40.33,144,Alert,Lethargic or Restless,"Monitor closely, consult vet if persists"
Leo,Bengal,Cat,8,26.0,40.85,187,Critical,Very Lethargic or Distressed,Immediate veterinary attention needed
Daisy,Persian,Cat,6,6.0,38.38,136,Normal,Active and Happy,Continue regular monitoring
Luna,Labrador Retriever,Dog,9,27.8,40.4,183,Critical,Very Lethargic or Distressed,Immediate veterinary attention needed
Simba,Bengal,Cat,8,18.5,38.91,129,Normal,Active and Happy,Continue regular monitoring
Oscar,Beagle,Dog,4,5.2,38.89,124,Normal,Active and Happy,Continue regular monitoring
Leo,Bulldog,Dog,6,18.8,38.8,100,Normal,Active and Happy,Continue regular monitoring
Daisy,Bengal,Cat,14,28.5,38.73,134,Normal,Calm and Relaxed,Continue regular monitoring
Buddy,Siamese,Cat,16,6.2,38.86,120,Normal,Calm and Relaxed,Continue regular monitoring
Ruby,Bulldog,Dog,10,21.0,38.87,93,Normal,Active and Happy,Continue regular monitoring
Cooper,Maine Coon,Cat,8,20.9,38.29,110,Normal,Active and Happy,Continue regular monitoring
Max,Ragdoll,Cat,5,23.7,38.57,128,Normal,Active and Happy,Continue regular monitoring
Oscar,Chihuahua,Dog,14,5.4,38.86,114,Normal,Calm and Relaxed,Continue regular monitoring
Charlie,Sphynx,Cat,8,3.8,39.26,143,Normal,Active and Happy,Continue regular monitoring
Rocky,German Shepherd,Dog,12,19.4,40.72,146,Critical,Very Lethargic or Distressed,Immediate veterinary attention needed
Simba,German Shepherd,Dog,13,28.7,38.53,69,Normal,Calm and Relaxed,Continue regular monitoring
Leo,Persian,Cat,14,3.8,38.43,124,Normal,Calm and Relaxed,Continue regular monitoring
Jack,Labrador Retriever,Dog,13,19.8,37.5,139,Alert,Lethargic or Restless,"Monitor closely, consult vet if persists"
Tiger,Chihuahua,Dog,1,7.8,38.92,132,Normal,Active and Happy,Continue regular monitoring
Ruby,Domestic Shorthair,Cat,4,5.4,38.7,143,Normal,Active and Happy,Continue regular monitoring
Max,Persian,Cat,7,5.9,38.2,137,Normal,Active and Happy,Continue regular monitoring
Oscar,Labrador Retriever,Dog,1,30.6,37.81,139,Alert,Lethargic or Restless,"Monitor closely, consult vet if persists"
Ruby,Domestic Shorthair,Cat,5,6.2,39.96,166,Alert,Lethargic or Restless,"Monitor closely, consult vet if persists"
Rocky,Chihuahua,Dog,3,3.8,38.52,126,Normal,Active and Happy,Continue regular monitoring
Cooper,Chihuahua,Dog,14,8.0,38.9,132,Normal,Calm and Relaxed,Continue regular monitoring
Milo,German Shepherd,Dog,4,36.0,38.58,83,Normal,Active and Happy,Continue regular monitoring
Bella,Persian,Cat,1,3.4,38.72,119,Normal,Active and Happy,Continue regular monitoring
Buddy,Chihuahua,Dog,14,4.3,38.86,132,Normal,Calm and Relaxed,Continue regular monitoring
Lucy,Chihuahua,Dog,10,6.9,39.63,155,Alert,Lethargic or Restless,"Monitor closely, consult vet if persists"
Buddy,Chihuahua,Dog,12,4.9,38.8,136,Normal,Active and Happy,Continue regular monitoring
Coco,Labrador Retriever,Dog,3,36.7,38.47,86,Normal,Active and Happy,Continue regular monitoring
Zoe,Beagle,Dog,8,3.3,38.47,133,Normal,Active and Happy,Continue regular monitoring
Coco,Bulldog,Dog,6,10.3,38.88,117,Normal,Active and Happy,Continue regular monitoring
Toby,Labrador Retriever,Dog,2,39.3,37.83,150,Alert,Lethargic or Restless,"Monitor closely, consult vet if persists"
Luna,Golden Retriever,Dog,4,21.0,38.62,113,Normal,Active and Happy,Continue regular monitoring
Oscar,Bengal,Cat,12,11.8,38.88,100,Normal,Active and Happy,Continue regular monitoring
Daisy,Sphynx,Cat,3,8.9,39.56,122,Normal,Active and Happy,Continue regular monitoring
Coco,Golden Retriever,Dog,14,26.9,37.3,144,Alert,Lethargic or Restless,"Monitor closely, consult vet if persists"
Milo,Siamese,Cat,3,5.9,38.97,115,Normal,Active and Happy,Continue regular monitoring
Molly,Chihuahua,Dog,9,3.7,38.82,126,Normal,Active and Happy,Continue regular monitoring
Buddy,Bulldog,Dog,6,17.0,37.75,151,Alert,Lethargic or Restless,"Monitor closely, consult vet if persists"
Leo,Persian,Cat,17,8.3,38.44,127,Normal,Calm and Relaxed,Continue regular monitoring
Molly,Siamese,Cat,16,4.2,38.47,133,Normal,Calm and Relaxed,Continue regular monitoring
Tiger,Golden Retriever,Dog,9,30.8,38.55,99,Normal,Active and Happy,Continue regular monitoring
Leo,Bengal,Cat,8,20.5,38.91,118,Normal,Active and Happy,Continue regular monitoring
Lucy,Bengal,Cat,3,14.8,37.87,136,Alert,Lethargic or Restless,"Monitor closely, consult vet if persists"
Luna,Maine Coon,Cat,1,36.2,38.52,113,Normal,Active and Happy,Continue regular monitoring
Simba,Domestic Shorthair,Cat,5,7.4,38.87,121,Normal,Active and Happy,Continue regular monitoring
Coco,Golden Retriever,Dog,5,28.5,38.28,81,Normal,Active and Happy,Continue regular monitoring
Buddy,German Shepherd,Dog,17,33.4,38.54,104,Normal,Calm and Relaxed,Continue regular monitoring
Coco,Labrador Retriever,Dog,2,28.6,39.62,166,Alert,Lethargic or Restless,"Monitor closely, consult vet if persists"
Daisy,Golden Retriever,Dog,6,25.8,40.37,146,Alert,Lethargic or Restless,"Monitor closely, consult vet if persists"
Cooper,Sphynx,Cat,6,4.9,38.94,139,Normal,Active and Happy,Continue regular monitoring
Tiger,Poodle,Dog,6,20.9,38.95,96,Normal,Active and Happy,Continue regular monitoring
Bella,Poodle,Dog,4,8.2,40.88,141,Critical,Very Lethargic or Distressed,Immediate veterinary attention needed
Molly,Labrador Retriever,Dog,2,29.5,39.74,137,Alert,Lethargic or Restless,"Monitor closely, consult vet if persists"
Leo,Persian,Cat,8,6.1,38.78,138,Normal,Active and Happy,Continue regular monitoring
Daisy,Golden Retriever,Dog,5,20.4,38.47,93,Normal,Active and Happy,Continue regular monitoring
Coco,Beagle,Dog,4,7.3,38.62,112,Normal,Active and Happy,Continue regular monitoring
Daisy,Chihuahua,Dog,14,8.9,38.83,135,Normal,Calm and Relaxed,Continue regular monitoring
Toby,Beagle,Dog,12,4.5,38.94,126,Normal,Active and Happy,Continue regular monitoring
Oscar,Bengal,Cat,9,4.8,38.51,149,Normal,Active and Happy,Continue regular monitoring
Luna,Beagle,Dog,5,5.6,37.77,155,Alert,Lethargic or Restless,"Monitor closely, consult vet if persists"
Tiger,Beagle,Dog,4,9.3,38.86,111,Normal,Active and Happy,Continue regular monitoring
Max,German Shepherd,Dog,8,34.7,38.85,87,Normal,Active and Happy,Continue regular monitoring
Max,Persian,Cat,3,5.5,38.3,130,Normal,Active and Happy,Continue regular monitoring
Oscar,Bulldog,Dog,8,13.3,40.01,134,Alert,Lethargic or Restless,"Monitor closely, consult vet if persists"
Bella,Persian,Cat,3,7.7,38.59,118,Normal,Active and Happy,Continue regular monitoring
Molly,Beagle,Dog,1,5.9,38.51,120,Normal,Active and Happy,Continue regular monitoring
Max,Bulldog,Dog,6,12.6,37.41,158,Critical,Very Lethargic or Distressed,Immediate veterinary attention needed
Jack,Beagle,Dog,6,8.6,39.07,100,Normal,Active and Happy,Continue regular monitoring
Milo,Labrador Retriever,Dog,10,22.2,38.86,74,Normal,Active and Happy,Continue regular monitoring
Luna,Golden Retriever,Dog,16,31.5,37.11,130,Critical,Very Lethargic or Distressed,Immediate veterinary attention needed
Daisy,Bengal,Cat,12,13.1,37.47,166,Alert,Lethargic or Restless,"Monitor closely, consult vet if persists"
Tiger,Labrador Retriever,Dog,14,19.0,38.27,79,Normal,Calm and Relaxed,Continue regular monitoring
Daisy,Chihuahua,Dog,1,6.7,38.54,120,Normal,Active and Happy,Continue regular monitoring
Rocky,Bengal,Cat,5,16.1,40.11,128,Alert,Lethargic or Restless,"Monitor closely, consult vet if persists"
Coco,Bulldog,Dog,7,13.9,38.67,92,Normal,Active and Happy,Continue regular monitoring
Lucy,German Shepherd,Dog,2,25.7,40.82,160,Critical,Very Lethargic or Distressed,Immediate veterinary attention needed
Simba,Golden Retriever,Dog,11,33.8,37.91,127,Alert,Lethargic or Restless,"Monitor closely, consult vet if persists"
Charlie,Ragdoll,Cat,3,37.4,38.71,126,Normal,Active and Happy,Continue regular monitoring
Rocky,Siamese,Cat,3,3.9,37.01,172,Critical,Very Lethargic or Distressed,Immediate veterinary attention needed
Zoe,Labrador Retriever,Dog,2,28.3,37.4,123,Critical,Very Lethargic or Distressed,Immediate veterinary attention needed
Max,Chihuahua,Dog,8,6.9,38.94,126,Normal,Active and Happy,Continue regular monitoring
Leo,Poodle,Dog,10,12.0,39.22,108,Normal,Active and Happy,Continue regular monitoring
Toby,Bengal,Cat,12,13.7,39.0,122,Normal,Active and Happy,Continue regular monitoring
Leo,Chihuahua,Dog,7,4.0,40.41,205,Critical,Very Lethargic or Distressed,Immediate veterinary attention needed
Oscar,Labrador Retriever,Dog,17,34.5,38.36,85,Normal,Calm and Relaxed,Continue regular monitoring
Cooper,Chihuahua,Dog,4,5.9,39.06,125,Normal,Active and Happy,Continue regular monitoring
Simba,Siamese,Cat,1,4.4,38.61,129,Normal,Active and Happy,Continue regular monitoring
Max,Bulldog,Dog,9,19.9,39.44,136,Alert,Lethargic or Restless,"Monitor closely, consult vet if persists"
Oscar,Siamese,Cat,10,5.0,40.14,178,Critical,Very Lethargic or Distressed,Immediate veterinary attention needed
Simba,Domestic Shorthair,Cat,6,4.6,39.72,157,Alert,Lethargic or Restless,"Monitor closely, consult vet if persists"
Oscar,Persian,Cat,3,3.0,38.6,118,Normal,Active and Happy,Continue regular monitoring
Milo,Persian,Cat,6,2.4,38.3,118,Normal,Active and Happy,Continue regular monitoring
Ruby,Chihuahua,Dog,2,3.4,38.84,137,Normal,Active and Happy,Continue regular monitoring
Bella,Poodle,Dog,10,9.2,38.86,109,Normal,Active and Happy,Continue regular monitoring
Jack,Sphynx,Cat,6,6.7,39.35,130,Normal,Active and Happy,Continue regular monitoring
Coco,Persian,Cat,14,3.8,39.82,159,Alert,Lethargic or Restless,"Monitor closely, consult vet if persists"
Luna,Golden Retriever,Dog,17,24.4,38.93,93,Normal,Calm and Relaxed,Continue regular monitoring
Tiger,German Shepherd,Dog,5,35.9,39.84,125,Alert,Lethargic or Restless,"Monitor closely, consult vet if persists"
Max,Bengal,Cat,15,19.9,38.88,121,Normal,Calm and Relaxed,Continue regular monitoring
Zoe,Ragdoll,Cat,6,20.6,38.48,99,Normal,Active and Happy,Continue regular monitoring
Tiger,German Shepherd,Dog,7,37.9,39.7,163,Critical,Very Lethargic or Distressed,Immediate veterinary attention needed
Charlie,Sphynx,Cat,1,3.7,40.97,220,Critical,Very Lethargic or Distressed,Immediate veterinary attention needed
Bella,Persian,Cat,9,6.0,38.66,149,Normal,Active and Happy,Continue regular monitoring
Toby,Sphynx,Cat,8,5.0,39.11,133,Normal,Active and Happy,Continue regular monitoring
Luna,Bulldog,Dog,13,20.7,38.39,100,Normal,Calm and Relaxed,Continue regular monitoring
Jack,Persian,Cat,5,5.3,38.31,124,Normal,Active and Happy,Continue regular monitoring
Daisy,Chihuahua,Dog,4,6.9,38.99,117,Normal,Active and Happy,Continue regular monitoring
Buddy,Maine Coon,Cat,14,34.7,38.08,122,Normal,Calm and Relaxed,Continue regular monitoring
Coco,Bengal,Cat,2,17.5,37.95,141,Alert,Lethargic or Restless,"Monitor closely, consult vet if persists"
Max,Beagle,Dog,9,8.3,38.73,104,Normal,Active and Happy,Continue regular monitoring
Simba,Chihuahua,Dog,15,5.5,38.87,105,Normal,Calm and Relaxed,Continue regular monitoring
Zoe,Bulldog,Dog,3,7.5,38.95,90,Normal,Active and Happy,Continue regular monitoring
Cooper,Ragdoll,Cat,1,29.9,38.46,130,Normal,Active and Happy,Continue regular monitoring
Ruby,Siamese,Cat,3,4.5,38.41,129,Normal,Active and Happy,Continue regular monitoring
Charlie,Siamese,Cat,16,6.9,38.98,117,Normal,Calm and Relaxed,Continue regular monitoring
Ruby,Domestic Shorthair,Cat,4,2.6,37.4,199,Critical,Very Lethargic or Distressed,Immediate veterinary attention needed
Daisy,Poodle,Dog,8,16.3,39.91,157,Alert,Lethargic or Restless,"Monitor closely, consult vet if persists"
Coco,Golden Retriever,Dog,17,35.0,37.78,124,Alert,Lethargic or Restless,"Monitor closely, consult vet if persists"
Daisy,Poodle,Dog,17,12.6,38.54,92,Normal,Calm and Relaxed,Continue regular monitoring
Toby,Poodle,Dog,4,17.6,38.82,95,Normal,Active and Happy,Continue regular monitoring
Cooper,Domestic Shorthair,Cat,2,5.1,37.63,184,Critical,Very Lethargic or Distressed,Immediate veterinary attention needed
Jack,Persian,Cat,7,3.2,38.52,142,Normal,Active and Happy,Continue regular monitoring
Rocky,Maine Coon,Cat,5,32.4,38.19,102,Normal,Active and Happy,Continue regular monitoring
Oscar,Maine Coon,Cat,10,28.3,38.25,104,Normal,Active and Happy,Continue regular monitoring
Toby,Beagle,Dog,16,1.7,39.06,116,Normal,Calm and Relaxed,Continue regular monitoring
Simba,Bengal,Cat,16,16.3,38.81,125,Normal,Calm and Relaxed,Continue regular monitoring
Milo,Bulldog,Dog,12,10.7,39.08,112,Normal,Active and Happy,Continue regular monitoring
Ruby,German Shepherd,Dog,7,31.1,38.53,80,Normal,Active and Happy,Continue regular monitoring
Oscar,Poodle,Dog,1,15.2,38.73,108,Normal,Active and Happy,Continue regular monitoring
Zoe,Golden Retriever,Dog,4,28.1,39.4,147,Alert,Lethargic or Restless,"Monitor closely, consult vet if persists"
Jack,Chihuahua,Dog,14,4.8,38.9,120,Normal,Calm and Relaxed,Continue regular monitoring
Luna,Labrador Retriever,Dog,8,39.6,38.41,89,Normal,Active and Happy,Continue regular monitoring
Ruby,Siamese,Cat,1,5.3,38.5,135,Normal,Active and Happy,Continue regular monitoring
Lucy,Chihuahua,Dog,4,4.3,37.61,189,Critical,Very Lethargic or Distressed,Immediate veterinary attention needed
Bella,Sphynx,Cat,6,3.3,39.09,137,Normal,Active and Happy,Continue regular monitoring
Lucy,German Shepherd,Dog,2,41.3,39.48,124,Alert,Lethargic or Restless,"Monitor closely, consult vet if persists"
Rocky,Bulldog,Dog,7,15.7,37.63,183,Critical,Very Lethargic or Distressed,Immediate veterinary attention needed
Molly,Sphynx,Cat,16,4.2,39.23,145,Normal,Calm and Relaxed,Continue regular monitoring
Cooper,Ragdoll,Cat,1,32.1,38.28,134,Normal,Active and Happy,Continue regular monitoring
Tiger,Chihuahua,Dog,4,2.6,38.82,133,Normal,Active and Happy,Continue regular monitoring
Tiger,Siamese,Cat,14,1.6,36.69,180,Critical,Very Lethargic or Distressed,Immediate veterinary attention needed
Jack,Siamese,Cat,6,8.0,38.48,105,Normal,Active and Happy,Continue regular monitoring
Charlie,Poodle,Dog,4,19.2,38.6,90,Normal,Active and Happy,Continue regular monitoring
Ruby,Bengal,Cat,1,10.1,38.84,126,Normal,Active and Happy,Continue regular monitoring
Molly,German Shepherd,Dog,2,30.6,38.65,104,Normal,Active and Happy,Continue regular monitoring
Jack,Persian,Cat,6,7.9,38.38,121,Normal,Active and Happy,Continue regular monitoring
Toby,Beagle,Dog,5,5.2,38.71,119,Normal,Active and Happy,Continue regular monitoring
Coco,Labrador Retriever,Dog,8,37.4,37.59,157,Alert,Lethargic or Restless,"Monitor closely, consult vet if persists"
Molly,Bulldog,Dog,5,18.2,38.93,94,Normal,Active and Happy,Continue regular monitoring
Leo,Poodle,Dog,9,25.0,38.7,92,Normal,Active and Happy,Continue regular monitoring
Ruby,German Shepherd,Dog,6,9.1,38.99,93,Normal,Active and Happy,Continue regular monitoring
Max,Persian,Cat,9,6.1,40.79,182,Critical,Very Lethargic or Distressed,Immediate veterinary attention needed
Milo,Sphynx,Cat,11,4.2,39.01,131,Normal,Active and Happy,Continue regular monitoring
Bella,Beagle,Dog,8,6.1,38.95,128,Normal,Active and Happy,Continue regular monitoring
Jack,Beagle,Dog,10,3.3,39.13,107,Normal,Active and Happy,Continue regular monitoring
Toby,Domestic Shorthair,Cat,9,3.8,39.89,143,Alert,Lethargic or Restless,"Monitor closely, consult vet if persists"
Jack,Golden Retriever,Dog,14,20.9,38.81,96,Normal,Calm and Relaxed,Continue regular monitoring
Zoe,Labrador Retriever,Dog,7,22.0,38.54,84,Normal,Active and Happy,Continue regular monitoring
Luna,Poodle,Dog,8,12.4,38.82,97,Normal,Active and Happy,Continue regular monitoring
Rocky,Siamese,Cat,14,2.0,40.14,156,Alert,Lethargic or Restless,"Monitor closely, consult vet if persists"
Ruby,Bulldog,Dog,5,24.8,37.3,180,Critical,Very Lethargic or Distressed,Immediate veterinary attention needed
Oscar,Labrador Retriever,Dog,9,27.1,38.47,86,Normal,Active and Happy,Continue regular monitoring
Jack,Beagle,Dog,6,2.4,39.08,117,Normal,Active and Happy,Continue regular monitoring
Buddy,Labrador Retriever,Dog,4,36.1,37.05,92,Critical,Very Lethargic or Distressed,Immediate veterinary attention needed
Rocky,Bengal,Cat,4,14.0,37.19,168,Critical,Very Lethargic or Distressed,Immediate veterinary attention needed
Coco,Golden Retriever,Dog,2,32.4,38.62,89,Normal,Active and Happy,Continue regular monitoring
Zoe,Maine Coon,Cat,14,20.4,38.08,113,Normal,Calm and Relaxed,Continue regular monitoring
Daisy,Poodle,Dog,6,13.8,40.28,144,Alert,Lethargic or Restless,"Monitor closely, consult vet if persists"
Toby,Persian,Cat,12,4.3,38.51,123,Normal,Active and Happy,Continue regular monitoring
Luna,Persian,Cat,6,4.0,38.43,140,Normal,Active and Happy,Continue regular monitoring
Lucy,Beagle,Dog,1,5.9,38.58,113,Normal,Active and Happy,Continue regular monitoring
Rocky,Bengal,Cat,9,14.0,39.16,126,Normal,Active and Happy,Continue regular monitoring
Cooper,Bengal,Cat,5,16.9,38.95,141,Normal,Active and Happy,Continue regular monitoring
Bella,Bulldog,Dog,13,10.5,38.51,86,Normal,Calm and Relaxed,Continue regular monitoring
Zoe,Poodle,Dog,7,13.3,38.85,102,Normal,Active and Happy,Continue regular monitoring
Zoe,Ragdoll,Cat,16,32.7,38.54,110,Normal,Calm and Relaxed,Continue regular monitoring
Zoe,Ragdoll,Cat,5,29.2,38.6,143,Normal,Active and Happy,Continue regular monitoring
Rocky,Bulldog,Dog,4,1.9,38.58,121,Normal,Active and Happy,Continue regular monitoring
Max,Poodle,Dog,7,15.0,38.83,80,Normal,Active and Happy,Continue regular monitoring
Bella,Bulldog,Dog,7,12.0,38.99,113,Normal,Active and Happy,Continue regular monitoring
Luna,Golden Retriever,Dog,10,22.3,38.43,99,Normal,Active and Happy,Continue regular monitoring
Zoe,Golden Retriever,Dog,1,29.4,38.28,78,Normal,Active and Happy,Continue regular monitoring
Simba,Labrador Retriever,Dog,10,35.8,38.47,68,Normal,Active and Happy,Continue regular monitoring
Cooper,German Shepherd,Dog,10,22.5,39.03,86,Normal,Active and Happy,Continue regular monitoring
Molly,Ragdoll,Cat,4,28.0,38.55,103,Normal,Active and Happy,Continue regular monitoring
Simba,Maine Coon,Cat,2,35.7,39.5,133,Alert,Lethargic or Restless,"Monitor closely, consult vet if persists"
Charlie,Domestic Shorthair,Cat,6,4.5,38.74,117,Normal,Active and Happy,Continue regular monitoring
Lucy,Persian,Cat,3,5.7,38.63,146,Normal,Active and Happy,Continue regular monitoring
Molly,German Shepherd,Dog,2,28.1,38.64,68,Normal,Active and Happy,Continue regular monitoring
Bella,Labrador Retriever,Dog,1,28.2,38.63,82,Normal,Active and Happy,Continue regular monitoring
Toby,Maine Coon,Cat,5,20.5,38.54,116,Normal,Active and Happy,Continue regular monitoring
Simba,Ragdoll,Cat,6,26.1,37.23,190,Critical,Very Lethargic or Distressed,Immediate veterinary attention needed
Jack,Bengal,Cat,16,19.2,38.84,128,Normal,Calm and Relaxed,Continue regular monitoring
Ruby,German Shepherd,Dog,5,14.0,38.64,74,Normal,Active and Happy,Continue regular monitoring
Lucy,Labrador Retriever,Dog,1,43.6,38.39,88,Normal,Active and Happy,Continue regular monitoring
Ruby,Domestic Shorthair,Cat,8,6.4,40.23,186,Critical,Very Lethargic or Distressed,Immediate veterinary attention needed
Simba,Ragdoll,Cat,12,30.3,38.77,112,Normal,Active and Happy,Continue regular monitoring
Max,Beagle,Dog,14,5.2,37.7,145,Critical,Very Lethargic or Distressed,Immediate veterinary attention needed
Buddy,Poodle,Dog,11,13.6,38.87,96,Normal,Active and Happy,Continue regular monitoring
Bella,Domestic Shorthair,Cat,14,4.8,38.6,127,Normal,Calm and Relaxed,Continue regular monitoring
Molly,Persian,Cat,9,3.3,38.83,154,Normal,Active and Happy,Continue regular monitoring
Oscar,Siamese,Cat,12,4.8,37.27,160,Critical,Very Lethargic or Distressed,Immediate veterinary attention needed
Lucy,Ragdoll,Cat,4,28.2,38.73,131,Normal,Active and Happy,Continue regular monitoring
Charlie,German Shepherd,Dog,15,44.5,39.84,135,Alert,Lethargic or Restless,"Monitor closely, consult vet if persists"
Charlie,Poodle,Dog,8,17.2,38.06,177,Critical,Very Lethargic or Distressed,Immediate veterinary attention needed
Leo,Bulldog,Dog,8,17.1,38.62,104,Normal,Active and Happy,Continue regular monitoring
Buddy,Ragdoll,Cat,7,29.4,40.43,165,Critical,Very Lethargic or Distressed,Immediate veterinary attention needed
Daisy,Maine Coon,Cat,7,34.5,38.18,137,Normal,Active and Happy,Continue regular monitoring
Milo,Sphynx,Cat,11,3.7,39.48,128,Normal,Active and Happy,Continue regular monitoring
Tiger,Persian,Cat,6,2.7,39.77,138,Alert,Lethargic or Restless,"Monitor closely, consult vet if persists"
Buddy,German Shepherd,Dog,4,22.8,38.54,100,Normal,Active and Happy,Continue regular monitoring
Daisy,Bulldog,Dog,16,6.3,38.11,120,Alert,Lethargic or Restless,"Monitor closely, consult vet if persists"
Ruby,Domestic Shorthair,Cat,2,3.4,38.75,110,Normal,Active and Happy,Continue regular monitoring
Milo,Domestic Shorthair,Cat,14,4.6,38.69,143,Normal,Calm and Relaxed,Continue regular monitoring
Leo,Golden Retriever,Dog,14,41.8,38.2,73,Normal,Calm and Relaxed,Continue regular monitoring
Lucy,Maine Coon,Cat,3,38.9,39.27,154,Alert,Lethargic or Restless,"Monitor closely, consult vet if persists"
Oscar,Chihuahua,Dog,8,4.9,38.93,132,Normal,Active and Happy,Continue regular monitoring
Max,Chihuahua,Dog,17,3.2,40.62,212,Critical,Very Lethargic or Distressed,Immediate veterinary attention needed
Oscar,Siamese,Cat,4,7.7,38.32,115,Normal,Active and Happy,Continue regular monitoring
Coco,Siamese,Cat,5,7.6,38.88,136,Normal,Active and Happy,Continue regular monitoring
Milo,Beagle,Dog,1,4.8,40.43,189,Critical,Very Lethargic or Distressed,Immediate veterinary attention needed
Coco,Maine Coon,Cat,8,28.3,38.38,128,Normal,Active and Happy,Continue regular monitoring
Zoe,Ragdoll,Cat,8,28.9,36.78,214,Critical,Very Lethargic or Distressed,Immediate veterinary attention needed
Tiger,Bulldog,Dog,3,13.2,38.88,91,Normal,Active and Happy,Continue regular monitoring
Luna,Domestic Shorthair,Cat,5,3.8,38.69,127,Normal,Active and Happy,Continue regular monitoring
Daisy,Bengal,Cat,1,9.3,38.85,134,Normal,Active and Happy,Continue regular monitoring
Zoe,Maine Coon,Cat,4,26.8,36.65,145,Critical,Very Lethargic or Distressed,Immediate veterinary attention needed
Simba,Chihuahua,Dog,13,2.6,38.01,154,Alert,Lethargic or Restless,"Monitor closely, consult vet if persists"
Luna,Ragdoll,Cat,16,33.3,38.59,104,Normal,Calm and Relaxed,Continue regular monitoring
Jack,Bulldog,Dog,8,18.5,38.72,85,Normal,Active and Happy,Continue regular monitoring
Simba,Domestic Shorthair,Cat,16,1.4,38.91,104,Normal,Calm and Relaxed,Continue regular monitoring
Ruby,German Shepherd,Dog,17,29.2,38.59,84,Normal,Calm and Relaxed,Continue regular monitoring
Molly,Sphynx,Cat,2,3.6,39.48,142,Normal,Active and Happy,Continue regular monitoring
Jack,Bengal,Cat,8,13.8,38.6,139,Normal,Active and Happy,Continue regular monitoring
Luna,Beagle,Dog,14,4.0,40.16,148,Alert,Lethargic or Restless,"Monitor closely, consult vet if persists"
Zoe,German Shepherd,Dog,6,31.9,38.34,88,Normal,Active and Happy,Continue regular monitoring
Buddy,Golden Retriever,Dog,13,16.3,38.59,83,Normal,Calm and Relaxed,Continue regular monitoring
Luna,Bengal,Cat,4,17.8,40.09,166,Alert,Lethargic or Restless,"Monitor closely, consult vet if persists"
Luna,Domestic Shorthair,Cat,1,2.9,38.62,121,Normal,Active and Happy,Continue regular monitoring
Daisy,Golden Retriever,Dog,11,45.7,38.38,73,Normal,Active and Happy,Continue regular monitoring
Tiger,Beagle,Dog,8,7.2,37.37,176,Critical,Very Lethargic or Distressed,Immediate veterinary attention needed
Lucy,Maine Coon,Cat,15,17.8,38.43,140,Normal,Calm and Relaxed,Continue regular monitoring
Luna,Maine Coon,Cat,2,36.2,38.48,119,Normal,Active and Happy,Continue regular monitoring
Charlie,Ragdoll,Cat,7,36.1,38.65,135,Normal,Active and Happy,Continue regular monitoring
Tiger,Bulldog,Dog,11,17.4,38.57,98,Normal,Active and Happy,Continue regular monitoring
Coco,Beagle,Dog,2,5.1,38.93,121,Normal,Active and Happy,Continue regular monitoring
Luna,Maine Coon,Cat,3,22.2,38.25,126,Normal,Active and Happy,Continue regular monitoring
Jack,Siamese,Cat,3,10.1,38.92,130,Normal,Active and Happy,Continue regular monitoring
Oscar,Siamese,Cat,12,4.3,39.84,181,Alert,Lethargic or Restless,"Monitor closely, consult vet if persists"
Milo,Beagle,Dog,15,4.9,38.65,122,Normal,Calm and Relaxed,Continue regular monitoring
Charlie,Bulldog,Dog,5,9.5,39.27,95,Normal,Active and Happy,Continue regular monitoring
Daisy,Persian,Cat,16,7.4,38.33,117,Normal,Calm and Relaxed,Continue regular monitoring
Bella,Ragdoll,Cat,9,22.2,38.33,113,Normal,Active and Happy,Continue regular monitoring
Buddy,Bulldog,Dog,7,20.4,38.99,101,Normal,Active and Happy,Continue regular monitoring
Leo,Bulldog,Dog,5,11.6,38.64,93,Normal,Active and Happy,Continue regular monitoring
Daisy,Maine Coon,Cat,12,42.2,38.41,143,Normal,Active and Happy,Continue regular monitoring
Rocky,Sphynx,Cat,11,8.0,39.2,142,Normal,Active and Happy,Continue regular monitoring
Leo,Golden Retriever,Dog,9,15.1,38.53,98,Normal,Active and Happy,Continue regular monitoring
Simba,Labrador Retriever,Dog,4,33.4,40.23,148,Alert,Lethargic or Restless,"Monitor closely, consult vet if persists"
Zoe,Golden Retriever,Dog,3,16.7,37.67,144,Alert,Lethargic or Restless,"Monitor closely, consult vet if persists"
Cooper,Persian,Cat,3,2.2,38.65,132,Normal,Active and Happy,Continue regular monitoring
Jack,Labrador Retriever,Dog,16,30.9,37.01,168,Critical,Very Lethargic or Distressed,Immediate veterinary attention needed
Tiger,Labrador Retriever,Dog,13,23.7,38.83,91,Normal,Calm and Relaxed,Continue regular monitoring
Oscar,Ragdoll,Cat,6,23.5,37.28,189,Critical,Very Lethargic or Distressed,Immediate veterinary attention needed
Max,Bengal,Cat,3,15.8,40.13,164,Alert,Lethargic or Restless,"Monitor closely, consult vet if persists"
Buddy,Beagle,Dog,2,2.6,38.48,115,Normal,Active and Happy,Continue regular monitoring
Zoe,Sphynx,Cat,8,5.7,38.96,148,Normal,Active and Happy,Continue regular monitoring
Cooper,Chihuahua,Dog,10,6.9,38.06,175,Alert,Lethargic or Restless,"Monitor closely, consult vet if persists"
Leo,Maine Coon,Cat,13,32.4,38.37,94,Normal,Calm and Relaxed,Continue regular monitoring
Rocky,Sphynx,Cat,4,5.1,39.26,143,Normal,Active and Happy,Continue regular monitoring
Lucy,Beagle,Dog,8,4.0,38.86,122,Normal,Active and Happy,Continue regular monitoring
Zoe,Domestic Shorthair,Cat,8,6.8,38.59,136,Normal,Active and Happy,Continue regular monitoring
Oscar,Siamese,Cat,8,6.1,38.58,118,Normal,Active and Happy,Continue regular monitoring
Rocky,Bengal,Cat,4,22.2,38.6,132,Normal,Active and Happy,Continue regular monitoring
Cooper,Labrador Retriever,Dog,11,23.7,38.58,85,Normal,Active and Happy,Continue regular monitoring
Cooper,Domestic Shorthair,Cat,11,7.5,38.69,130,Normal,Active and Happy,Continue regular monitoring
Ruby,Bengal,Cat,9,17.4,40.14,169,Alert,Lethargic or Restless,"Monitor closely, consult vet if persists"
Molly,Domestic Shorthair,Cat,2,8.8,40.65,175,Critical,Very Lethargic or Distressed,Immediate veterinary attention needed
Simba,Ragdoll,Cat,4,22.1,38.66,131,Normal,Active and Happy,Continue regular monitoring
Daisy,Beagle,Dog,2,2.0,38.71,116,Normal,Active and Happy,Continue regular monitoring
Daisy,Golden Retriever,Dog,8,20.8,38.64,104,Normal,Active and Happy,Continue regular monitoring
Bella,Siamese,Cat,9,7.5,38.69,139,Normal,Active and Happy,Continue regular monitoring
Ruby,Bulldog,Dog,8,13.3,38.84,99,Normal,Active and Happy,Continue regular monitoring
Molly,German Shepherd,Dog,7,40.0,38.4,100,Normal,Active and Happy,Continue regular monitoring
Charlie,Domestic Shorthair,Cat,2,5.0,38.58,134,Normal,Active and Happy,Continue regular monitoring
Leo,Bulldog,Dog,9,13.2,40.26,150,Alert,Lethargic or Restless,"Monitor closely, consult vet if persists"
Charlie,Maine Coon,Cat,5,27.6,38.25,116,Normal,Active and Happy,Continue regular monitoring
Simba,Poodle,Dog,8,17.4,38.62,102,Normal,Active and Happy,Continue regular monitoring
Toby,German Shepherd,Dog,1,37.0,38.54,83,Normal,Active and Happy,Continue regular monitoring
Lucy,Chihuahua,Dog,17,2.9,38.69,131,Normal,Calm and Relaxed,Continue regular monitoring
Oscar,Persian,Cat,2,6.4,36.82,172,Critical,Very Lethargic or Distressed,Immediate veterinary attention needed
Lucy,Sphynx,Cat,8,4.5,39.07,163,Normal,Active and Happy,Continue regular monitoring
Luna,Labrador Retriever,Dog,1,19.4,40.89,143,Critical,Very Lethargic or Distressed,Immediate veterinary attention needed
Rocky,Chihuahua,Dog,17,2.1,40.48,165,Alert,Lethargic or Restless,"Monitor closely, consult vet if persists"
Leo,Bulldog,Dog,8,16.8,38.89,93,Normal,Active and Happy,Continue regular monitoring
Charlie,Chihuahua,Dog,9,6.3,38.84,147,Normal,Active and Happy,Continue regular monitoring
Cooper,Siamese,Cat,5,9.4,40.54,179,Critical,Very Lethargic or Distressed,Immediate veterinary attention needed
Buddy,Poodle,Dog,4,16.4,40.48,145,Alert,Lethargic or Restless,"Monitor closely, consult vet if persists"
Milo,Maine Coon,Cat,5,38.6,37.92,110,Normal,Active and Happy,Continue regular monitoring
Oscar,Bulldog,Dog,6,14.3,39.05,85,Normal,Active and Happy,Continue regular monitoring
Oscar,Labrador Retriever,Dog,14,28.6,36.93,111,Critical,Very Lethargic or Distressed,Immediate veterinary attention needed
Leo,Chihuahua,Dog,15,5.8,38.64,139,Normal,Calm and Relaxed,Continue regular monitoring
Charlie,Labrador Retriever,Dog,6,30.1,40.38,173,Critical,Very Lethargic or Distressed,Immediate veterinary attention needed
Bella,Bulldog,Dog,12,13.9,38.81,108,Normal,Active and Happy,Continue regular monitoring
Charlie,Chihuahua,Dog,1,4.3,39.93,172,Alert,Lethargic or Restless,"Monitor closely, consult vet if persists"
Bella,German Shepherd,Dog,10,30.3,38.73,84,Normal,Active and Happy,Continue regular monitoring
Max,Domestic Shorthair,Cat,9,3.3,38.56,128,Normal,Active and Happy,Continue regular monitoring
Toby,Bulldog,Dog,2,14.8,38.69,98,Normal,Active and Happy,Continue regular monitoring
Jack,Chihuahua,Dog,1,3.9,38.59,136,Normal,Active and Happy,Continue regular monitoring
Charlie,Chihuahua,Dog,2,1.5,38.85,105,Normal,Active and Happy,Continue regular monitoring
Leo,Poodle,Dog,8,13.6,38.74,101,Normal,Active and Happy,Continue regular monitoring
Cooper,Bulldog,Dog,4,14.6,39.93,162,Alert,Lethargic or Restless,"Monitor closely, consult vet if persists"
Toby,Bengal,Cat,5,20.8,39.07,130,Normal,Active and Happy,Continue regular monitoring
Ruby,Sphynx,Cat,4,6.6,38.85,134,Normal,Active and Happy,Continue regular monitoring
Cooper,Siamese,Cat,13,4.9,38.47,135,Normal,Calm and Relaxed,Continue regular monitoring
Lucy,Chihuahua,Dog,12,6.3,38.94,136,Normal,Active and Happy,Continue regular monitoring
Oscar,Bengal,Cat,9,18.8,38.83,142,Normal,Active and Happy,Continue regular monitoring
Leo,Maine Coon,Cat,7,36.8,38.35,132,Normal,Active and Happy,Continue regular monitoring
Daisy,Chihuahua,Dog,8,3.9,38.8,137,Normal,Active and Happy,Continue regular monitoring
Cooper,Chihuahua,Dog,3,5.2,38.79,147,Normal,Active and Happy,Continue regular monitoring
Ruby,Domestic Shorthair,Cat,13,7.4,40.57,187,Critical,Very Lethargic or Distressed,Immediate veterinary attention needed
Tiger,German Shepherd,Dog,7,35.3,38.72,93,Normal,Active and Happy,Continue regular monitoring
Coco,Golden Retriever,Dog,6,29.6,38.26,96,Normal,Active and Happy,Continue regular monitoring
Zoe,Poodle,Dog,1,17.3,38.72,107,Normal,Active and Happy,Continue regular monitoring
Milo,Poodle,Dog,8,14.4,38.57,84,Normal,Active and Happy,Continue regular monitoring
Ruby,Maine Coon,Cat,8,35.3,38.75,125,Normal,Active and Happy,Continue regular monitoring
Max,Bulldog,Dog,7,21.9,39.09,88,Normal,Active and Happy,Continue regular monitoring
Charlie,Bengal,Cat,3,24.4,39.11,114,Normal,Active and Happy,Continue regular monitoring
Buddy,Domestic Shorthair,Cat,1,1.2,38.63,122,Normal,Active and Happy,Continue regular monitoring
Charlie,Domestic Shorthair,Cat,13,6.8,38.82,132,Normal,Calm and Relaxed,Continue regular monitoring
Jack,Poodle,Dog,14,15.0,36.38,123,Critical,Very Lethargic or Distressed,Immediate veterinary attention needed
Cooper,Golden Retriever,Dog,9,30.4,39.21,77,Normal,Active and Happy,Continue regular monitoring
Simba,Siamese,Cat,9,7.8,38.64,130,Normal,Active and Happy,Continue regular monitoring
Toby,Poodle,Dog,10,10.4,39.87,167,Alert,Lethargic or Restless,"Monitor closely, consult vet if persists"
Oscar,Labrador Retriever,Dog,16,35.1,38.47,86,Normal,Calm and Relaxed,Continue regular monitoring
Max,Golden Retriever,Dog,8,24.1,38.52,111,Normal,Active and Happy,Continue regular monitoring
Lucy,Maine Coon,Cat,7,19.1,38.43,118,Normal,Active and Happy,Continue regular monitoring
Bella,Ragdoll,Cat,1,36.3,38.54,119,Normal,Active and Happy,Continue regular monitoring
Daisy,German Shepherd,Dog,12,35.2,38.64,96,Normal,Active and Happy,Continue regular monitoring
Ruby,Bengal,Cat,3,15.6,38.82,139,Normal,Active and Happy,Continue regular monitoring
Toby,Maine Coon,Cat,3,13.9,38.41,110,Normal,Active and Happy,Continue regular monitoring
Buddy,Labrador Retriever,Dog,7,46.8,37.08,162,Critical,Very Lethargic or Distressed,Immediate veterinary attention needed
Simba,Bulldog,Dog,17,22.5,38.95,98,Normal,Calm and Relaxed,Continue regular monitoring
Coco,Chihuahua,Dog,17,3.7,38.81,113,Normal,Calm and Relaxed,Continue regular monitoring
Milo,Domestic Shorthair,Cat,2,2.8,39.8,156,Alert,Lethargic or Restless,"Monitor closely, consult vet if persists"
Cooper,Labrador Retriever,Dog,9,42.2,38.55,95,Normal,Active and Happy,Continue regular monitoring
Tiger,Siamese,Cat,3,2.3,39.49,174,Alert,Lethargic or Restless,"Monitor closely, consult vet if persists"
Coco,German Shepherd,Dog,9,38.0,38.75,74,Normal,Active and Happy,Continue regular monitoring
Ruby,Sphynx,Cat,8,6.4,39.2,122,Normal,Active and Happy,Continue regular monitoring
Jack,Sphynx,Cat,3,5.6,40.42,170,Critical,Very Lethargic or Distressed,Immediate veterinary attention needed
Zoe,Golden Retriever,Dog,5,41.1,38.57,89,Normal,Active and Happy,Continue regular monitoring
Leo,Maine Coon,Cat,5,18.7,37.08,173,Critical,Very Lethargic or Distressed,Immediate veterinary attention needed
Buddy,Poodle,Dog,14,13.8,37.42,158,Critical,Very Lethargic or Distressed,Immediate veterinary attention needed
Zoe,Ragdoll,Cat,9,41.1,38.5,110,Normal,Active and Happy,Continue regular monitoring
Simba,Labrador Retriever,Dog,5,30.1,37.52,119,Alert,Lethargic or Restless,"Monitor closely, consult vet if persists"
Cooper,Ragdoll,Cat,5,12.4,38.66,123,Normal,Active and Happy,Continue regular monitoring
Buddy,Persian,Cat,7,6.7,38.28,115,Normal,Active and Happy,Continue regular monitoring
Leo,Bengal,Cat,2,21.3,38.39,119,Normal,Active and Happy,Continue regular monitoring
Daisy,Sphynx,Cat,16,4.3,39.08,128,Normal,Calm and Relaxed,Continue regular monitoring
Ruby,Ragdoll,Cat,2,36.8,40.9,176,Critical,Very Lethargic or Distressed,Immediate veterinary attention needed
Zoe,Bengal,Cat,3,6.1,40.3,180,Critical,Very Lethargic or Distressed,Immediate veterinary attention needed
Molly,German Shepherd,Dog,5,22.8,39.94,167,Alert,Lethargic or Restless,"Monitor closely, consult vet if persists"
Molly,Persian,Cat,16,9.4,40.65,140,Critical,Very Lethargic or Distressed,Immediate veterinary attention needed
Lucy,Persian,Cat,8,6.2,39.03,152,Alert,Lethargic or Restless,"Monitor closely, consult vet if persists"
Charlie,Poodle,Dog,13,18.6,38.79,84,Normal,Calm and Relaxed,Continue regular monitoring
Molly,Maine Coon,Cat,3,30.0,37.41,161,Alert,Lethargic or Restless,"Monitor closely, consult vet if persists"
Bella,Golden Retriever,Dog,6,31.9,38.4,85,Normal,Active and Happy,Continue regular monitoring
Simba,Labrador Retriever,Dog,5,40.0,38.57,93,Normal,Active and Happy,Continue regular monitoring
Toby,Bengal,Cat,14,12.0,38.94,123,Normal,Calm and Relaxed,Continue regular monitoring
Buddy,Golden Retriever,Dog,5,27.2,38.48,90,Normal,Active and Happy,Continue regular monitoring
Bella,Bengal,Cat,16,19.2,38.72,117,Normal,Calm and Relaxed,Continue regular monitoring
Oscar,Domestic Shorthair,Cat,8,2.0,39.54,125,Alert,Lethargic or Restless,"Monitor closely, consult vet if persists"
Coco,Bengal,Cat,6,16.3,37.85,156,Alert,Lethargic or Restless,"Monitor closely, consult vet if persists"
Milo,Maine Coon,Cat,6,33.6,38.63,124,Normal,Active and Happy,Continue regular monitoring
Oscar,Bengal,Cat,10,13.0,38.79,110,Normal,Active and Happy,Continue regular monitoring
Luna,Labrador Retriever,Dog,5,28.7,38.65,86,Normal,Active and Happy,Continue regular monitoring
Jack,Beagle,Dog,9,4.6,38.95,129,Normal,Active and Happy,Continue regular monitoring
Oscar,Sphynx,Cat,6,6.3,39.09,143,Normal,Active and Happy,Continue regular monitoring
Buddy,Labrador Retriever,Dog,3,27.1,38.46,80,Normal,Active and Happy,Continue regular monitoring
Jack,Beagle,Dog,13,4.5,39.09,111,Normal,Calm and Relaxed,Continue regular monitoring
Ruby,Beagle,Dog,16,2.0,39.22,104,Normal,Calm and Relaxed,Continue regular monitoring
Zoe,Golden Retriever,Dog,3,36.4,40.55,149,Critical,Very Lethargic or Distressed,Immediate veterinary attention needed
Charlie,Poodle,Dog,9,8.8,38.47,86,Normal,Active and Happy,Continue regular monitoring
Toby,German Shepherd,Dog,6,33.1,38.3,87,Normal,Active and Happy,Continue regular monitoring
Luna,Labrador Retriever,Dog,17,16.8,38.65,91,Normal,Calm and Relaxed,Continue regular monitoring
Rocky,Maine Coon,Cat,16,24.3,39.57,143,Alert,Lethargic or Restless,"Monitor closely, consult vet if persists"
Luna,Chihuahua,Dog,1,5.9,38.99,142,Normal,Active and Happy,Continue regular monitoring
Toby,Ragdoll,Cat,11,19.3,38.44,129,Normal,Active and Happy,Continue regular monitoring
Rocky,Bulldog,Dog,3,11.7,38.82,103,Normal,Active and Happy,Continue regular monitoring
Max,Siamese,Cat,11,3.6,40.02,199,Critical,Very Lethargic or Distressed,Immediate veterinary attention needed
Leo,Sphynx,Cat,16,4.4,40.42,169,Alert,Lethargic or Restless,"Monitor closely, consult vet if persists"
Buddy,Chihuahua,Dog,5,4.1,39.12,136,Normal,Active and Happy,Continue regular monitoring
Ruby,Domestic Shorthair,Cat,8,4.2,38.49,114,Normal,Active and Happy,Continue regular monitoring
Simba,Siamese,Cat,7,7.6,38.59,124,Normal,Active and Happy,Continue regular monitoring
Buddy,Chihuahua,Dog,15,4.3,38.82,145,Normal,Calm and Relaxed,Continue regular monitoring
Ruby,Bengal,Cat,8,21.8,41.35,158,Critical,Very Lethargic or Distressed,Immediate veterinary attention needed
Daisy,Sphynx,Cat,9,6.9,39.04,148,Normal,Active and Happy,Continue regular monitoring
Jack,Domestic Shorthair,Cat,11,3.7,39.98,171,Alert,Lethargic or Restless,"Monitor closely, consult vet if persists"
Cooper,German Shepherd,Dog,4,27.6,39.79,207,Critical,Very Lethargic or Distressed,Immediate veterinary attention needed
Zoe,Bulldog,Dog,8,13.6,38.58,80,Normal,Active and Happy,Continue regular monitoring
Charlie,Domestic Shorthair,Cat,3,2.7,40.02,134,Alert,Lethargic or Restless,"Monitor closely, consult vet if persists"
Rocky,Siamese,Cat,6,4.1,38.86,136,Normal,Active and Happy,Continue regular monitoring
Ruby,Poodle,Dog,3,12.1,40.6,184,Critical,Very Lethargic or Distressed,Immediate veterinary attention needed
Cooper,Domestic Shorthair,Cat,5,8.0,38.47,114,Normal,Active and Happy,Continue regular monitoring
Max,Ragdoll,Cat,9,44.9,37.71,126,Alert,Lethargic or Restless,"Monitor closely, consult vet if persists"
Simba,Maine Coon,Cat,4,30.2,38.8,120,Normal,Active and Happy,Continue regular monitoring
Leo,Beagle,Dog,7,5.0,38.34,171,Alert,Lethargic or Restless,"Monitor closely, consult vet if persists"
Zoe,Bengal,Cat,7,9.7,37.75,188,Alert,Lethargic or Restless,"Monitor closely, consult vet if persists"
Buddy,Sphynx,Cat,6,5.9,39.29,133,Normal,Active and Happy,Continue regular monitoring
Rocky,Beagle,Dog,5,3.0,38.67,117,Normal,Active and Happy,Continue regular monitoring
Lucy,Beagle,Dog,15,6.0,38.87,112,Normal,Calm and Relaxed,Continue regular monitoring
Oscar,Golden Retriever,Dog,6,29.5,38.84,94,Normal,Active and Happy,Continue regular monitoring
Cooper,Beagle,Dog,1,5.8,38.86,109,Normal,Active and Happy,Continue regular monitoring
Daisy,Persian,Cat,17,6.5,38.57,134,Normal,Calm and Relaxed,Continue regular monitoring
Zoe,Poodle,Dog,12,16.8,39.98,160,Alert,Lethargic or Restless,"Monitor closely, consult vet if persists"
Luna,Labrador Retriever,Dog,15,28.6,38.87,102,Normal,Calm and Relaxed,Continue regular monitoring
Leo,German Shepherd,Dog,4,23.6,38.46,81,Normal,Active and Happy,Continue regular monitoring
Oscar,Poodle,Dog,7,10.8,39.77,138,Alert,Lethargic or Restless,"Monitor closely, consult vet if persists"
Ruby,Sphynx,Cat,2,4.0,40.33,183,Alert,Lethargic or Restless,"Monitor closely, consult vet if persists"
Zoe,Bulldog,Dog,8,18.4,38.66,102,Normal,Active and Happy,Continue regular monitoring
Oscar,German Shepherd,Dog,7,28.9,38.46,94,Normal,Active and Happy,Continue regular monitoring
Toby,Golden Retriever,Dog,16,27.6,39.0,86,Normal,Calm and Relaxed,Continue regular monitoring
Cooper,Labrador Retriever,Dog,10,40.8,40.8,155,Critical,Very Lethargic or Distressed,Immediate veterinary attention needed
Toby,German Shepherd,Dog,15,30.1,36.3,154,Critical,Very Lethargic or Distressed,Immediate veterinary attention needed
Jack,Domestic Shorthair,Cat,4,3.8,38.57,137,Normal,Active and Happy,Continue regular monitoring
Oscar,Poodle,Dog,15,8.3,39.38,132,Alert,Lethargic or Restless,"Monitor closely, consult vet if persists"
Milo,Chihuahua,Dog,5,5.2,39.18,130,Normal,Active and Happy,Continue regular monitoring
Milo,Siamese,Cat,5,6.7,38.82,132,Normal,Active and Happy,Continue regular monitoring
Oscar,Siamese,Cat,2,6.0,38.48,123,Normal,Active and Happy,Continue regular monitoring
Oscar,Labrador Retriever,Dog,1,33.6,38.4,90,Normal,Active and Happy,Continue regular monitoring
Tiger,Persian,Cat,6,2.2,38.42,129,Normal,Active and Happy,Continue regular monitoring
Ruby,Labrador Retriever,Dog,3,18.4,37.53,146,Alert,Lethargic or Restless,"Monitor closely, consult vet if persists"
Simba,Persian,Cat,5,7.2,38.34,130,Normal,Active and Happy,Continue regular monitoring
Coco,Chihuahua,Dog,6,3.0,38.88,129,Normal,Active and Happy,Continue regular monitoring
Lucy,Bengal,Cat,12,21.2,38.81,150,Normal,Active and Happy,Continue regular monitoring
Leo,Domestic Shorthair,Cat,2,2.6,38.71,124,Normal,Active and Happy,Continue regular monitoring
Tiger,Bulldog,Dog,2,15.8,40.59,157,Alert,Lethargic or Restless,"Monitor closely, consult vet if persists"
Ruby,Bengal,Cat,5,21.6,37.64,174,Alert,Lethargic or Restless,"Monitor closely, consult vet if persists"
Jack,Maine Coon,Cat,6,34.7,40.22,162,Critical,Very Lethargic or Distressed,Immediate veterinary attention needed
Bella,Labrador Retriever,Dog,4,27.2,38.69,94,Normal,Active and Happy,Continue regular monitoring
Ruby,Beagle,Dog,5,2.4,38.63,109,Normal,Active and Happy,Continue regular monitoring
Zoe,German Shepherd,Dog,15,26.8,38.62,74,Normal,Calm and Relaxed,Continue regular monitoring
Rocky,Ragdoll,Cat,6,28.2,38.76,102,Normal,Active and Happy,Continue regular monitoring
Simba,German Shepherd,Dog,4,36.1,38.55,99,Normal,Active and Happy,Continue regular monitoring
Luna,German Shepherd,Dog,1,21.4,38.35,87,Normal,Active and Happy,Continue regular monitoring
Molly,Golden Retriever,Dog,3,33.2,39.64,136,Alert,Lethargic or Restless,"Monitor closely, consult vet if persists"
Milo,Sphynx,Cat,6,6.5,39.04,134,Normal,Active and Happy,Continue regular monitoring
Bella,Labrador Retriever,Dog,6,32.0,38.77,86,Normal,Active and Happy,Continue regular monitoring
Simba,Maine Coon,Cat,7,36.3,37.17,172,Critical,Very Lethargic or Distressed,Immediate veterinary attention needed
Charlie,Sphynx,Cat,1,4.6,38.24,158,Alert,Lethargic or Restless,"Monitor closely, consult vet if persists"
Molly,Ragdoll,Cat,11,23.6,38.71,114,Normal,Active and Happy,Continue regular monitoring
Charlie,Sphynx,Cat,17,3.3,40.41,156,Alert,Lethargic or Restless,"Monitor closely, consult vet if persists"
Zoe,Golden Retriever,Dog,3,37.4,38.41,97,Normal,Active and Happy,Continue regular monitoring
Molly,Persian,Cat,6,3.6,37.42,149,Alert,Lethargic or Restless,"Monitor closely, consult vet if persists"
Luna,Maine Coon,Cat,17,43.7,39.68,141,Alert,Lethargic or Restless,"Monitor closely, consult vet if persists"
Lucy,Beagle,Dog,7,3.9,39.73,164,Alert,Lethargic or Restless,"Monitor closely, consult vet if persists"
Bella,Domestic Shorthair,Cat,14,1.0,40.62,184,Critical,Very Lethargic or Distressed,Immediate veterinary attention needed
Simba,Siamese,Cat,8,2.0,40.35,174,Critical,Very Lethargic or Distressed,Immediate veterinary attention needed
Charlie,Bulldog,Dog,8,20.4,38.82,96,Normal,Active and Happy,Continue regular monitoring
Luna,Poodle,Dog,15,19.1,40.33,152,Alert,Lethargic or Restless,"Monitor closely, consult vet if persists"
Coco,Beagle,Dog,3,3.4,38.83,126,Normal,Active and Happy,Continue regular monitoring
Max,Siamese,Cat,17,4.4,38.52,131,Normal,Calm and Relaxed,Continue regular monitoring
Lucy,Bulldog,Dog,8,13.0,39.16,88,Normal,Active and Happy,Continue regular monitoring
Charlie,Chihuahua,Dog,8,6.6,39.84,200,Alert,Lethargic or Restless,"Monitor closely, consult vet if persists"
Bella,Persian,Cat,16,7.8,38.67,123,Normal,Calm and Relaxed,Continue regular monitoring
Charlie,German Shepherd,Dog,2,41.5,38.46,87,Normal,Active and Happy,Continue regular monitoring
Cooper,Bulldog,Dog,13,15.7,39.88,126,Alert,Lethargic or Restless,"Monitor closely, consult vet if persists"
Cooper,Domestic Shorthair,Cat,2,3.4,38.67,105,Normal,Active and Happy,Continue regular monitoring
Toby,Bulldog,Dog,14,12.3,38.82,80,Normal,Calm and Relaxed,Continue regular monitoring
Molly,Domestic Shorthair,Cat,4,3.8,38.23,127,Normal,Active and Happy,Continue regular monitoring
Rocky,Labrador Retriever,Dog,13,26.9,37.16,132,Critical,Very Lethargic or Distressed,Immediate veterinary attention needed
Tiger,Golden Retriever,Dog,9,30.6,37.77,150,Alert,Lethargic or Restless,"Monitor closely, consult vet if persists"
Simba,Beagle,Dog,7,8.5,38.69,117,Normal,Active and Happy,Continue regular monitoring
Bella,Beagle,Dog,12,1.0,38.79,107,Normal,Active and Happy,Continue regular monitoring
Luna,Beagle,Dog,8,1.0,38.88,113,Normal,Active and Happy,Continue regular monitoring
Jack,Beagle,Dog,6,4.0,40.07,157,Alert,Lethargic or Restless,"Monitor closely, consult vet if persists"
Tiger,Ragdoll,Cat,2,25.0,38.63,116,Normal,Active and Happy,Continue regular monitoring
Lucy,Poodle,Dog,5,12.5,38.56,97,Normal,Active and Happy,Continue regular monitoring
Jack,Golden Retriever,Dog,1,44.3,38.44,101,Normal,Active and Happy,Continue regular monitoring
Oscar,Bengal,Cat,4,23.7,38.65,146,Normal,Active and Happy,Continue regular monitoring
Leo,Siamese,Cat,9,6.7,38.59,126,Normal,Active and Happy,Continue regular monitoring
Rocky,Siamese,Cat,12,4.1,37.24,176,Critical,Very Lethargic or Distressed,Immediate veterinary attention needed
Rocky,Persian,Cat,3,4.0,38.52,132,Normal,Active and Happy,Continue regular monitoring
Charlie,Sphynx,Cat,2,2.3,38.28,220,Critical,Very Lethargic or Distressed,Immediate veterinary attention needed
Simba,Bulldog,Dog,10,8.3,38.91,93,Normal,Active and Happy,Continue regular monitoring
Ruby,Golden Retriever,Dog,4,25.9,36.98,172,Critical,Very Lethargic or Distressed,Immediate veterinary attention needed
Cooper,Labrador Retriever,Dog,11,32.2,38.86,100,Normal,Active and Happy,Continue regular monitoring
Jack,German Shepherd,Dog,12,17.1,38.67,98,Normal,Active and Happy,Continue regular monitoring
Buddy,Golden Retriever,Dog,6,38.9,38.81,98,Normal,Active and Happy,Continue regular monitoring
Rocky,Chihuahua,Dog,5,2.0,39.05,135,Normal,Active and Happy,Continue regular monitoring
Coco,Chihuahua,Dog,9,8.2,39.84,198,Alert,Lethargic or Restless,"Monitor closely, consult vet if persists"
Ruby,Poodle,Dog,3,13.3,38.88,107,Normal,Active and Happy,Continue regular monitoring
Buddy,Bengal,Cat,6,5.7,38.97,112,Normal,Active and Happy,Continue regular monitoring
Molly,Poodle,Dog,17,12.5,38.61,91,Normal,Calm and Relaxed,Continue regular monitoring
Coco,Domestic Shorthair,Cat,12,2.0,38.73,130,Normal,Active and Happy,Continue regular monitoring
Jack,Poodle,Dog,11,13.8,38.75,76,Normal,Active and Happy,Continue regular monitoring
Oscar,Beagle,Dog,15,3.4,40.05,130,Alert,Lethargic or Restless,"Monitor closely, consult vet if persists"
Milo,Golden Retriever,Dog,11,29.4,39.6,116,Alert,Lethargic or Restless,"Monitor closely, consult vet if persists"
Cooper,Golden Retriever,Dog,8,5.7,37.27,150,Alert,Lethargic or Restless,"Monitor closely, consult vet if persists"
Coco,Bulldog,Dog,2,22.1,38.93,97,Normal,Active and Happy,Continue regular monitoring
Ruby,Maine Coon,Cat,12,52.8,38.26,118,Normal,Active and Happy,Continue regular monitoring
Rocky,Beagle,Dog,12,3.5,38.13,144,Alert,Lethargic or Restless,"Monitor closely, consult vet if persists"
Milo,Sphynx,Cat,7,4.5,39.36,152,Normal,Active and Happy,Continue regular monitoring
Tiger,Siamese,Cat,17,5.7,40.6,197,Critical,Very Lethargic or Distressed,Immediate veterinary attention needed
Ruby,Chihuahua,Dog,17,4.4,38.56,110,Normal,Calm and Relaxed,Continue regular monitoring
Max,Persian,Cat,8,4.3,38.29,134,Normal,Active and Happy,Continue regular monitoring
Lucy,Domestic Shorthair,Cat,9,3.7,38.57,126,Normal,Active and Happy,Continue regular monitoring
Milo,Chihuahua,Dog,11,5.3,38.91,140,Normal,Active and Happy,Continue regular monitoring
Zoe,Labrador Retriever,Dog,17,30.7,38.23,80,Normal,Calm and Relaxed,Continue regular monitoring
Jack,Sphynx,Cat,14,6.5,41.4,203,Critical,Very Lethargic or Distressed,Immediate veterinary attention needed
Lucy,Ragdoll,Cat,1,32.3,38.54,122,Normal,Active and Happy,Continue regular monitoring
Cooper,Maine Coon,Cat,7,44.4,38.58,124,Normal,Active and Happy,Continue regular monitoring
Bella,Labrador Retriever,Dog,14,29.5,38.9,90,Normal,Calm and Relaxed,Continue regular monitoring
Cooper,Golden Retriever,Dog,6,28.0,41.1,134,Critical,Very Lethargic or Distressed,Immediate veterinary attention needed
Luna,Golden Retriever,Dog,4,50.1,38.41,101,Normal,Active and Happy,Continue regular monitoring
Ruby,Ragdoll,Cat,10,18.9,37.55,142,Critical,Very Lethargic or Distressed,Immediate veterinary attention needed
Simba,Domestic Shorthair,Cat,6,6.2,38.63,119,Normal,Active and Happy,Continue regular monitoring
Max,Domestic Shorthair,Cat,3,9.4,38.56,138,Normal,Active and Happy,Continue regular monitoring
Luna,Domestic Shorthair,Cat,7,3.3,38.52,127,Normal,Active and Happy,Continue regular monitoring
Coco,Bengal,Cat,6,10.8,38.57,112,Normal,Active and Happy,Continue regular monitoring
Cooper,Bengal,Cat,8,13.3,38.39,125,Normal,Active and Happy,Continue regular monitoring
Bella,Siamese,Cat,10,6.3,38.57,145,Normal,Active and Happy,Continue regular monitoring
Zoe,German Shepherd,Dog,6,33.2,38.19,84,Normal,Active and Happy,Continue regular monitoring
Bella,Sphynx,Cat,1,4.6,39.03,128,Normal,Active and Happy,Continue regular monitoring
Luna,Maine Coon,Cat,6,35.0,38.35,114,Normal,Active and Happy,Continue regular monitoring
Jack,Chihuahua,Dog,7,8.4,39.92,169,Alert,Lethargic or Restless,"Monitor closely, consult vet if persists"
Oscar,Sphynx,Cat,6,3.7,39.11,151,Normal,Active and Happy,Continue regular monitoring
Tiger,German Shepherd,Dog,5,38.3,39.04,70,Normal,Active and Happy,Continue regular monitoring
Rocky,Poodle,Dog,15,20.4,39.96,139,Alert,Lethargic or Restless,"Monitor closely, consult vet if persists"
Jack,Bulldog,Dog,2,16.5,38.36,133,Alert,Lethargic or Restless,"Monitor closely, consult vet if persists"
Oscar,Golden Retriever,Dog,14,26.7,38.82,92,Normal,Calm and Relaxed,Continue regular monitoring
Molly,Domestic Shorthair,Cat,6,4.8,38.63,151,Normal,Active and Happy,Continue regular monitoring
Max,Maine Coon,Cat,2,30.7,39.03,155,Alert,Lethargic or Restless,"Monitor closely, consult vet if persists"
Toby,Sphynx,Cat,5,2.9,39.0,130,Normal,Active and Happy,Continue regular monitoring
Cooper,Bengal,Cat,2,14.9,39.1,140,Normal,Active and Happy,Continue regular monitoring
Jack,Golden Retriever,Dog,15,33.2,38.33,86,Normal,Calm and Relaxed,Continue regular monitoring
Charlie,Maine Coon,Cat,6,32.9,36.94,164,Critical,Very Lethargic or Distressed,Immediate veterinary attention needed
Tiger,Beagle,Dog,7,2.1,38.73,110,Normal,Active and Happy,Continue regular monitoring
Cooper,Poodle,Dog,3,17.5,38.64,80,Normal,Active and Happy,Continue regular monitoring
Lucy,Persian,Cat,3,7.6,39.98,151,Alert,Lethargic or Restless,"Monitor closely, consult vet if persists"
Charlie,Maine Coon,Cat,9,26.7,39.9,135,Alert,Lethargic or Restless,"Monitor closely, consult vet if persists"
Charlie,Poodle,Dog,13,9.6,40.25,149,Alert,Lethargic or Restless,"Monitor closely, consult vet if persists"
Daisy,Bengal,Cat,5,14.1,38.73,122,Normal,Active and Happy,Continue regular monitoring
Max,Chihuahua,Dog,11,3.4,38.75,122,Normal,Active and Happy,Continue regular monitoring
Tiger,Maine Coon,Cat,8,41.6,38.13,110,Normal,Active and Happy,Continue regular monitoring
Jack,Ragdoll,Cat,5,40.5,38.65,127,Normal,Active and Happy,Continue regular monitoring
Oscar,Bulldog,Dog,6,9.0,38.77,94,Normal,Active and Happy,Continue regular monitoring
Tiger,Beagle,Dog,14,2.6,38.92,122,Normal,Calm and Relaxed,Continue regular monitoring
Milo,Labrador Retriever,Dog,4,39.0,38.06,86,Normal,Active and Happy,Continue regular monitoring
Charlie,Maine Coon,Cat,6,32.7,38.64,153,Normal,Active and Happy,Continue regular monitoring
Luna,Domestic Shorthair,Cat,13,2.4,38.45,120,Normal,Calm and Relaxed,Continue regular monitoring
Milo,Beagle,Dog,3,7.4,39.27,115,Normal,Active and Happy,Continue regular monitoring
Lucy,Golden Retriever,Dog,6,16.4,38.7,86,Normal,Active and Happy,Continue regular monitoring
Tiger,Bengal,Cat,3,21.2,39.58,143,Alert,Lethargic or Restless,"Monitor closely, consult vet if persists"
Leo,Labrador Retriever,Dog,16,26.9,38.51,80,Normal,Calm and Relaxed,Continue regular monitoring
Simba,German Shepherd,Dog,15,26.1,38.8,90,Normal,Calm and Relaxed,Continue regular monitoring
Oscar,Labrador Retriever,Dog,2,39.0,38.62,108,Normal,Active and Happy,Continue regular monitoring
Charlie,Domestic Shorthair,Cat,4,4.2,40.18,146,Alert,Lethargic or Restless,"Monitor closely, consult vet if persists"
Buddy,Maine Coon,Cat,7,19.5,38.2,110,Normal,Active and Happy,Continue regular monitoring
Charlie,Beagle,Dog,7,2.0,38.55,125,Normal,Active and Happy,Continue regular monitoring
Luna,Sphynx,Cat,4,5.6,41.17,161,Critical,Very Lethargic or Distressed,Immediate veterinary attention needed
Simba,Domestic Shorthair,Cat,17,4.8,38.96,129,Normal,Calm and Relaxed,Continue regular monitoring
Simba,Ragdoll,Cat,16,63.2,38.39,121,Normal,Calm and Relaxed,Continue regular monitoring
Max,German Shepherd,Dog,2,25.9,38.55,85,Normal,Active and Happy,Continue regular monitoring
Molly,Labrador Retriever,Dog,16,43.8,38.68,76,Normal,Calm and Relaxed,Continue regular monitoring
Oscar,Domestic Shorthair,Cat,7,2.7,38.71,145,Normal,Active and Happy,Continue regular monitoring
Luna,Chihuahua,Dog,1,1.1,38.7,149,Normal,Active and Happy,Continue regular monitoring
Buddy,Ragdoll,Cat,6,21.1,38.56,121,Normal,Active and Happy,Continue regular monitoring
Lucy,Poodle,Dog,8,15.4,38.95,80,Normal,Active and Happy,Continue regular monitoring
Lucy,Maine Coon,Cat,13,24.3,38.51,127,Normal,Calm and Relaxed,Continue regular monitoring
Buddy,Sphynx,Cat,4,1.8,39.38,135,Normal,Active and Happy,Continue regular monitoring
Tiger,Domestic Shorthair,Cat,5,2.3,36.9,167,Critical,Very Lethargic or Distressed,Immediate veterinary attention needed
Max,German Shepherd,Dog,2,30.5,40.66,168,Critical,Very Lethargic or Distressed,Immediate veterinary attention needed
Leo,Labrador Retriever,Dog,4,13.8,38.33,101,Normal,Active and Happy,Continue regular monitoring
Ruby,Bulldog,Dog,10,11.6,38.67,111,Normal,Active and Happy,Continue regular monitoring
Jack,Poodle,Dog,9,10.3,38.5,116,Normal,Active and Happy,Continue regular monitoring
Jack,Siamese,Cat,5,3.6,40.3,165,Critical,Very Lethargic or Distressed,Immediate veterinary attention needed
Ruby,German Shepherd,Dog,3,24.8,38.32,74,Normal,Active and Happy,Continue regular monitoring
Rocky,Bengal,Cat,11,11.3,38.65,122,Normal,Active and Happy,Continue regular monitoring
Max,Beagle,Dog,14,5.0,40.27,145,Alert,Lethargic or Restless,"Monitor closely, consult vet if persists"
Toby,Labrador Retriever,Dog,5,26.7,37.65,146,Alert,Lethargic or Restless,"Monitor closely, consult vet if persists"
Rocky,Beagle,Dog,11,4.7,38.83,109,Normal,Active and Happy,Continue regular monitoring
Daisy,Maine Coon,Cat,8,24.6,37.6,148,Alert,Lethargic or Restless,"Monitor closely, consult vet if persists"
Buddy,Labrador Retriever,Dog,6,26.6,39.53,149,Alert,Lethargic or Restless,"Monitor closely, consult vet if persists"
Zoe,Bulldog,Dog,10,15.9,38.94,101,Normal,Active and Happy,Continue regular monitoring
Charlie,Sphynx,Cat,7,6.7,39.3,146,Normal,Active and Happy,Continue regular monitoring
Leo,Maine Coon,Cat,6,32.0,38.31,104,Normal,Active and Happy,Continue regular monitoring
Jack,Persian,Cat,4,6.2,38.35,135,Normal,Active and Happy,Continue regular monitoring
Bella,Golden Retriever,Dog,12,21.0,38.61,86,Normal,Active and Happy,Continue regular monitoring
Ruby,Beagle,Dog,17,4.9,37.23,181,Critical,Very Lethargic or Distressed,Immediate veterinary attention needed
Rocky,Bengal,Cat,11,17.8,39.02,129,Normal,Active and Happy,Continue regular monitoring
Cooper,Golden Retriever,Dog,5,36.9,37.3,147,Alert,Lethargic or Restless,"Monitor closely, consult vet if persists"
Buddy,Poodle,Dog,2,15.2,38.62,101,Normal,Active and Happy,Continue regular monitoring
Charlie,Siamese,Cat,9,5.5,39.48,125,Alert,Lethargic or Restless,"Monitor closely, consult vet if persists"
Luna,Golden Retriever,Dog,9,37.9,39.53,146,Alert,Lethargic or Restless,"Monitor closely, consult vet if persists"
Bella,Maine Coon,Cat,8,22.0,37.97,141,Alert,Lethargic or Restless,"Monitor closely, consult vet if persists"
Charlie,Domestic Shorthair,Cat,8,9.3,40.35,167,Alert,Lethargic or Restless,"Monitor closely, consult vet if persists"
Charlie,Maine Coon,Cat,2,27.6,40.14,176,Critical,Very Lethargic or Distressed,Immediate veterinary attention needed
Toby,Chihuahua,Dog,6,4.6,39.09,122,Normal,Active and Happy,Continue regular monitoring
Toby,Sphynx,Cat,2,5.0,38.33,168,Alert,Lethargic or Restless,"Monitor closely, consult vet if persists"
Luna,Sphynx,Cat,3,5.3,39.13,130,Normal,Active and Happy,Continue regular monitoring
Milo,Maine Coon,Cat,8,20.0,38.3,129,Normal,Active and Happy,Continue regular monitoring
Leo,German Shepherd,Dog,5,35.6,38.66,84,Normal,Active and Happy,Continue regular monitoring
Daisy,Domestic Shorthair,Cat,16,5.0,37.31,178,Critical,Very Lethargic or Distressed,Immediate veterinary attention needed
Zoe,Chihuahua,Dog,2,4.2,38.89,131,Normal,Active and Happy,Continue regular monitoring
Oscar,Bengal,Cat,9,18.3,38.5,103,Normal,Active and Happy,Continue regular monitoring
Max,Chihuahua,Dog,3,7.7,38.82,131,Normal,Active and Happy,Continue regular monitoring
Cooper,Siamese,Cat,15,9.8,38.55,151,Normal,Calm and Relaxed,Continue regular monitoring
Bella,Beagle,Dog,17,6.6,38.45,105,Normal,Calm and Relaxed,Continue regular monitoring
Toby,Persian,Cat,2,6.4,38.57,150,Normal,Active and Happy,Continue regular monitoring
Luna,Sphynx,Cat,1,5.5,38.34,152,Alert,Lethargic or Restless,"Monitor closely, consult vet if persists"
Toby,Domestic Shorthair,Cat,4,6.5,38.97,140,Normal,Active and Happy,Continue regular monitoring
Milo,Beagle,Dog,4,6.2,39.09,100,Normal,Active and Happy,Continue regular monitoring
Milo,Bengal,Cat,5,13.0,38.08,195,Alert,Lethargic or Restless,"Monitor closely, consult vet if persists"
Daisy,Ragdoll,Cat,15,35.2,38.75,97,Normal,Calm and Relaxed,Continue regular monitoring
Jack,Poodle,Dog,4,20.2,37.68,174,Critical,Very Lethargic or Distressed,Immediate veterinary attention needed
Rocky,Beagle,Dog,4,3.6,38.74,112,Normal,Active and Happy,Continue regular monitoring
Luna,Sphynx,Cat,9,7.9,39.35,152,Normal,Active and Happy,Continue regular monitoring
Jack,Poodle,Dog,9,14.4,41.65,149,Critical,Very Lethargic or Distressed,Immediate veterinary attention needed
Daisy,Persian,Cat,17,1.3,39.34,164,Alert,Lethargic or Restless,"Monitor closely, consult vet if persists"
Molly,Chihuahua,Dog,1,7.5,38.76,116,Normal,Active and Happy,Continue regular monitoring
Oscar,German Shepherd,Dog,4,28.5,37.4,165,Critical,Very Lethargic or Distressed,Immediate veterinary attention needed
Lucy,Beagle,Dog,17,6.0,38.7,119,Normal,Calm and Relaxed,Continue regular monitoring
Luna,Bulldog,Dog,1,11.8,38.53,116,Normal,Active and Happy,Continue regular monitoring
Bella,Maine Coon,Cat,11,32.8,38.38,129,Normal,Active and Happy,Continue regular monitoring
Toby,Siamese,Cat,5,6.2,38.98,126,Normal,Active and Happy,Continue regular monitoring
Zoe,Sphynx,Cat,6,6.7,39.27,147,Normal,Active and Happy,Continue regular monitoring
Simba,Bengal,Cat,4,14.1,37.49,193,Critical,Very Lethargic or Distressed,Immediate veterinary attention needed
Luna,Poodle,Dog,6,17.9,38.57,100,Normal,Active and Happy,Continue regular monitoring
Charlie,Domestic Shorthair,Cat,7,5.6,38.72,132,Normal,Active and Happy,Continue regular monitoring
Jack,Domestic Shorthair,Cat,2,4.9,38.33,136,Normal,Active and Happy,Continue regular monitoring
Toby,Chihuahua,Dog,8,5.0,38.93,133,Normal,Active and Happy,Continue regular monitoring
Bella,Labrador Retriever,Dog,4,39.2,38.53,85,Normal,Active and Happy,Continue regular monitoring
Charlie,Labrador Retriever,Dog,7,17.4,38.32,100,Normal,Active and Happy,Continue regular monitoring
Cooper,German Shepherd,Dog,16,19.2,38.79,97,Normal,Calm and Relaxed,Continue regular monitoring
Rocky,Bulldog,Dog,13,13.6,40.05,131,Critical,Very Lethargic or Distressed,Immediate veterinary attention needed
Tiger,Maine Coon,Cat,3,33.1,39.24,157,Alert,Lethargic or Restless,"Monitor closely, consult vet if persists"
Ruby,Ragdoll,Cat,9,40.3,38.34,130,Normal,Active and Happy,Continue regular monitoring
Toby,Beagle,Dog,7,8.5,40.16,192,Critical,Very Lethargic or Distressed,Immediate veterinary attention needed
Luna,Bulldog,Dog,5,10.9,38.74,93,Normal,Active and Happy,Continue regular monitoring
Oscar,Siamese,Cat,2,4.7,38.45,127,Normal,Active and Happy,Continue regular monitoring
Luna,Domestic Shorthair,Cat,2,1.3,38.64,127,Normal,Active and Happy,Continue regular monitoring
Daisy,Golden Retriever,Dog,1,35.3,38.5,89,Normal,Active and Happy,Continue regular monitoring
Ruby,Golden Retriever,Dog,15,24.5,39.48,118,Alert,Lethargic or Restless,"Monitor closely, consult vet if persists"
Charlie,Labrador Retriever,Dog,9,35.3,38.24,94,Normal,Active and Happy,Continue regular monitoring
Coco,Chihuahua,Dog,8,6.5,38.82,125,Normal,Active and Happy,Continue regular monitoring
Tiger,Ragdoll,Cat,9,29.8,38.58,122,Normal,Active and Happy,Continue regular monitoring
Tiger,Bulldog,Dog,10,10.1,39.01,108,Normal,Active and Happy,Continue regular monitoring
Tiger,Maine Coon,Cat,6,34.2,37.78,114,Normal,Active and Happy,Continue regular monitoring
Tiger,Beagle,Dog,7,1.7,39.76,150,Alert,Lethargic or Restless,"Monitor closely, consult vet if persists"
Daisy,Persian,Cat,8,6.0,38.53,114,Normal,Active and Happy,Continue regular monitoring
Luna,Domestic Shorthair,Cat,8,6.4,38.55,139,Normal,Active and Happy,Continue regular monitoring
Bella,Maine Coon,Cat,6,36.2,38.59,129,Normal,Active and Happy,Continue regular monitoring
Bella,Golden Retriever,Dog,14,37.6,38.22,89,Normal,Calm and Relaxed,Continue regular monitoring
Buddy,Labrador Retriever,Dog,17,31.5,38.82,66,Normal,Calm and Relaxed,Continue regular monitoring
Cooper,Maine Coon,Cat,5,27.9,38.67,120,Normal,Active and Happy,Continue regular monitoring
Toby,Bengal,Cat,7,12.0,38.76,130,Normal,Active and Happy,Continue regular monitoring
Cooper,Golden Retriever,Dog,1,21.9,38.74,82,Normal,Active and Happy,Continue regular monitoring
Max,Domestic Shorthair,Cat,1,1.3,38.58,131,Normal,Active and Happy,Continue regular monitoring
Jack,Maine Coon,Cat,16,31.9,39.36,138,Alert,Lethargic or Restless,"Monitor closely, consult vet if persists"
Charlie,Persian,Cat,9,2.4,38.27,136,Normal,Active and Happy,Continue regular monitoring
Jack,Domestic Shorthair,Cat,15,5.8,38.41,125,Normal,Calm and Relaxed,Continue regular monitoring
Charlie,Chihuahua,Dog,8,4.2,40.22,208,Alert,Lethargic or Restless,"Monitor closely, consult vet if persists"
Cooper,Persian,Cat,4,6.9,39.77,152,Alert,Lethargic or Restless,"Monitor closely, consult vet if persists"
Rocky,Bengal,Cat,5,11.7,40.4,172,Alert,Lethargic or Restless,"Monitor closely, consult vet if persists"
Coco,Maine Coon,Cat,10,33.2,40.29,199,Critical,Very Lethargic or Distressed,Immediate veterinary attention needed
Molly,Labrador Retriever,Dog,9,17.1,38.67,99,Normal,Active and Happy,Continue regular monitoring
Oscar,Persian,Cat,3,5.3,37.95,123,Normal,Active and Happy,Continue regular monitoring
Daisy,Siamese,Cat,2,1.7,38.19,140,Normal,Active and Happy,Continue regular monitoring
Buddy,Sphynx,Cat,4,4.0,38.54,180,Alert,Lethargic or Restless,"Monitor closely, consult vet if persists"
Rocky,Maine Coon,Cat,9,32.6,38.54,129,Normal,Active and Happy,Continue regular monitoring
Lucy,Beagle,Dog,4,4.2,38.57,107,Normal,Active and Happy,Continue regular monitoring
Rocky,Golden Retriever,Dog,3,23.6,38.6,105,Normal,Active and Happy,Continue regular monitoring
Molly,Chihuahua,Dog,6,6.0,39.09,136,Normal,Active and Happy,Continue regular monitoring
Toby,Sphynx,Cat,9,4.7,37.63,187,Critical,Very Lethargic or Distressed,Immediate veterinary attention needed
Buddy,Bengal,Cat,9,15.1,38.67,134,Normal,Active and Happy,Continue regular monitoring
Leo,Labrador Retriever,Dog,13,31.2,38.4,70,Normal,Calm and Relaxed,Continue regular monitoring
Rocky,Poodle,Dog,6,17.9,38.16,89,Normal,Active and Happy,Continue regular monitoring
Molly,Persian,Cat,10,4.8,38.11,121,Normal,Active and Happy,Continue regular monitoring
Jack,Labrador Retriever,Dog,8,32.3,37.59,138,Alert,Lethargic or Restless,"Monitor closely, consult vet if persists"
Rocky,Domestic Shorthair,Cat,14,4.2,38.66,117,Normal,Calm and Relaxed,Continue regular monitoring
Max,Persian,Cat,9,5.5,39.75,168,Alert,Lethargic or Restless,"Monitor closely, consult vet if persists"
Bella,Sphynx,Cat,7,5.8,40.58,161,Alert,Lethargic or Restless,"Monitor closely, consult vet if persists"
Molly,Bengal,Cat,13,8.8,38.73,105,Normal,Calm and Relaxed,Continue regular monitoring
Lucy,Poodle,Dog,5,13.6,40.32,152,Alert,Lethargic or Restless,"Monitor closely, consult vet if persists"
Zoe,Maine Coon,Cat,7,35.8,38.33,118,Normal,Active and Happy,Continue regular monitoring
Buddy,Ragdoll,Cat,14,30.9,39.13,98,Normal,Calm and Relaxed,Continue regular monitoring
Tiger,Poodle,Dog,1,17.9,40.22,145,Alert,Lethargic or Restless,"Monitor closely, consult vet if persists"
Zoe,Maine Coon,Cat,1,29.0,39.4,156,Alert,Lethargic or Restless,"Monitor closely, consult vet if persists"
Oscar,Maine Coon,Cat,4,31.1,38.2,108,Normal,Active and Happy,Continue regular monitoring
Rocky,German Shepherd,Dog,1,34.5,38.98,91,Normal,Active and Happy,Continue regular monitoring
Rocky,Golden Retriever,Dog,11,36.6,39.93,142,Alert,Lethargic or Restless,"Monitor closely, consult vet if persists"
Zoe,Maine Coon,Cat,5,32.4,38.0,125,Normal,Active and Happy,Continue regular monitoring
Daisy,Bengal,Cat,7,15.8,38.78,113,Normal,Active and Happy,Continue regular monitoring
Leo,Sphynx,Cat,8,4.0,39.09,147,Normal,Active and Happy,Continue regular monitoring
Simba,Bulldog,Dog,8,12.6,38.46,94,Normal,Active and Happy,Continue regular monitoring
Rocky,Labrador Retriever,Dog,5,24.0,39.9,127,Critical,Very Lethargic or Distressed,Immediate veterinary attention needed
Bella,Ragdoll,Cat,15,30.8,38.25,116,Normal,Calm and Relaxed,Continue regular monitoring
Jack,Ragdoll,Cat,12,38.0,38.71,125,Normal,Active and Happy,Continue regular monitoring
Charlie,Sphynx,Cat,3,5.8,39.03,148,Normal,Active and Happy,Continue regular monitoring
Charlie,Maine Coon,Cat,14,29.9,39.61,160,Critical,Very Lethargic or Distressed,Immediate veterinary attention needed
Leo,Siamese,Cat,3,5.5,39.8,171,Alert,Lethargic or Restless,"Monitor closely, consult vet if persists"
Molly,Golden Retriever,Dog,5,12.9,38.48,66,Normal,Active and Happy,Continue regular monitoring
Cooper,German Shepherd,Dog,10,30.6,38.82,89,Normal,Active and Happy,Continue regular monitoring
Leo,Poodle,Dog,11,14.8,40.23,154,Critical,Very Lethargic or Distressed,Immediate veterinary attention needed
Luna,Poodle,Dog,14,16.6,40.18,164,Alert,Lethargic or Restless,"Monitor closely, consult vet if persists"
Bella,Sphynx,Cat,9,5.7,38.41,220,Critical,Very Lethargic or Distressed,Immediate veterinary attention needed
Toby,Persian,Cat,11,3.6,40.99,163,Critical,Very Lethargic or Distressed,Immediate veterinary attention needed
Oscar,Beagle,Dog,8,4.2,38.73,117,Normal,Active and Happy,Continue regular monitoring
Zoe,Golden Retriever,Dog,8,33.6,40.02,147,Alert,Lethargic or Restless,"Monitor closely, consult vet if persists"
Leo,Chihuahua,Dog,8,7.4,39.08,138,Normal,Active and Happy,Continue regular monitoring
Bella,Labrador Retriever,Dog,11,31.2,38.55,89,Normal,Active and Happy,Continue regular monitoring
Luna,Golden Retriever,Dog,15,18.7,38.63,84,Normal,Calm and Relaxed,Continue regular monitoring
Lucy,Persian,Cat,5,4.4,39.56,152,Alert,Lethargic or Restless,"Monitor closely, consult vet if persists"
Toby,Poodle,Dog,2,21.3,38.84,106,Normal,Active and Happy,Continue regular monitoring
Luna,Bengal,Cat,17,14.9,38.75,129,Normal,Calm and Relaxed,Continue regular monitoring
Toby,Poodle,Dog,11,9.1,38.52,105,Normal,Active and Happy,Continue regular monitoring
Jack,Bulldog,Dog,7,17.4,38.74,90,Normal,Active and Happy,Continue regular monitoring
Tiger,German Shepherd,Dog,11,36.5,38.78,82,Normal,Active and Happy,Continue regular monitoring
Ruby,Poodle,Dog,2,14.0,38.48,108,Normal,Active and Happy,Continue regular monitoring
Leo,Golden Retriever,Dog,8,17.0,38.61,85,Normal,Active and Happy,Continue regular monitoring
Oscar,Bulldog,Dog,8,10.0,38.71,105,Normal,Active and Happy,Continue regular monitoring
Molly,Labrador Retriever,Dog,17,29.2,37.66,179,Alert,Lethargic or Restless,"Monitor closely, consult vet if persists"
Bella,Bengal,Cat,15,17.5,38.89,115,Normal,Calm and Relaxed,Continue regular monitoring
Leo,Ragdoll,Cat,4,34.6,38.52,128,Normal,Active and Happy,Continue regular monitoring
Rocky,Domestic Shorthair,Cat,1,7.3,37.73,152,Alert,Lethargic or Restless,"Monitor closely, consult vet if persists"
Cooper,Golden Retriever,Dog,5,36.5,38.66,94,Normal,Active and Happy,Continue regular monitoring
Simba,Golden Retriever,Dog,9,31.8,40.33,144,Critical,Very Lethargic or Distressed,Immediate veterinary attention needed
Molly,Chihuahua,Dog,8,3.9,37.98,179,Alert,Lethargic or Restless,"Monitor closely, consult vet if persists"
Oscar,Sphynx,Cat,15,6.4,39.13,141,Normal,Calm and Relaxed,Continue regular monitoring
Oscar,Bengal,Cat,3,10.3,38.86,122,Normal,Active and Happy,Continue regular monitoring
Cooper,Sphynx,Cat,9,6.0,38.92,135,Normal,Active and Happy,Continue regular monitoring
Simba,Poodle,Dog,7,25.2,38.62,111,Normal,Active and Happy,Continue regular monitoring
Daisy,Bengal,Cat,13,19.0,40.0,150,Alert,Lethargic or Restless,"Monitor closely, consult vet if persists"
Toby,Siamese,Cat,1,5.8,38.8,115,Normal,Active and Happy,Continue regular monitoring
Ruby,Bulldog,Dog,5,11.7,38.97,89,Normal,Active and Happy,Continue regular monitoring
Rocky,Sphynx,Cat,5,6.2,39.17,143,Normal,Active and Happy,Continue regular monitoring
Molly,Bulldog,Dog,15,15.6,38.61,108,Normal,Calm and Relaxed,Continue regular monitoring
Simba,Persian,Cat,7,4.8,39.47,140,Alert,Lethargic or Restless,"Monitor closely, consult vet if persists"
Toby,Labrador Retriever,Dog,17,33.7,37.8,117,Alert,Lethargic or Restless,"Monitor closely, consult vet if persists"
Milo,Siamese,Cat,8,5.9,38.77,146,Normal,Active and Happy,Continue regular monitoring
Coco,Poodle,Dog,7,18.6,38.54,96,Normal,Active and Happy,Continue regular monitoring
Bella,Sphynx,Cat,13,6.3,38.19,151,Alert,Lethargic or Restless,"Monitor closely, consult vet if persists"
Simba,Bengal,Cat,2,23.4,38.04,172,Alert,Lethargic or Restless,"Monitor closely, consult vet if persists"
Ruby,Poodle,Dog,9,16.2,38.52,108,Normal,Active and Happy,Continue regular monitoring
Simba,Labrador Retriever,Dog,5,45.7,38.31,100,Normal,Active and Happy,Continue regular monitoring
Luna,Bulldog,Dog,5,8.3,38.86,88,Normal,Active and Happy,Continue regular monitoring
Ruby,Bulldog,Dog,8,20.7,38.45,79,Normal,Active and Happy,Continue regular monitoring
Leo,Beagle,Dog,9,5.4,38.6,110,Normal,Active and Happy,Continue regular monitoring
Zoe,Domestic Shorthair,Cat,13,3.3,38.52,139,Normal,Calm and Relaxed,Continue regular monitoring
Molly,Persian,Cat,7,3.9,38.53,136,Normal,Active and Happy,Continue regular monitoring
Jack,Maine Coon,Cat,2,31.8,39.28,140,Alert,Lethargic or Restless,"Monitor closely, consult vet if persists"
Milo,Maine Coon,Cat,9,20.1,38.46,111,Normal,Active and Happy,Continue regular monitoring
Milo,Bulldog,Dog,3,13.8,38.82,94,Normal,Active and Happy,Continue regular monitoring
Lucy,Labrador Retriever,Dog,2,15.8,37.56,136,Alert,Lethargic or Restless,"Monitor closely, consult vet if persists"
Daisy,Domestic Shorthair,Cat,9,7.0,38.46,148,Normal,Active and Happy,Continue regular monitoring
Jack,Poodle,Dog,3,17.6,37.46,172,Critical,Very Lethargic or Distressed,Immediate veterinary attention needed
Ruby,Poodle,Dog,1,26.2,38.38,121,Normal,Active and Happy,Continue regular monitoring
Simba,Chihuahua,Dog,2,2.0,38.96,138,Normal,Active and Happy,Continue regular monitoring
Daisy,Poodle,Dog,9,4.1,39.86,165,Alert,Lethargic or Restless,"Monitor closely, consult vet if persists"
Zoe,Chihuahua,Dog,1,4.5,37.34,198,Critical,Very Lethargic or Distressed,Immediate veterinary attention needed
Tiger,German Shepherd,Dog,6,33.9,39.1,132,Alert,Lethargic or Restless,"Monitor closely, consult vet if persists"
Lucy,Ragdoll,Cat,1,35.4,38.74,91,Normal,Active and Happy,Continue regular monitoring
Rocky,Domestic Shorthair,Cat,4,6.1,38.43,117,Normal,Active and Happy,Continue regular monitoring
Milo,Bengal,Cat,8,13.0,38.42,139,Normal,Active and Happy,Continue regular monitoring
Toby,Domestic Shorthair,Cat,11,5.0,39.8,167,Alert,Lethargic or Restless,"Monitor closely, consult vet if persists"
Lucy,Ragdoll,Cat,15,33.3,38.17,105,Normal,Calm and Relaxed,Continue regular monitoring
Rocky,Siamese,Cat,15,9.2,38.14,106,Normal,Calm and Relaxed,Continue regular monitoring
Max,Bulldog,Dog,5,14.3,40.59,125,Alert,Lethargic or Restless,"Monitor closely, consult vet if persists"
Ruby,Sphynx,Cat,8,4.3,38.94,136,Normal,Active and Happy,Continue regular monitoring
Charlie,Ragdoll,Cat,14,21.2,38.84,115,Normal,Calm and Relaxed,Continue regular monitoring
Charlie,Sphynx,Cat,6,5.2,39.18,154,Normal,Active and Happy,Continue regular monitoring
Rocky,Poodle,Dog,5,12.1,41.36,155,Critical,Very Lethargic or Distressed,Immediate veterinary attention needed
Zoe,Bengal,Cat,15,14.4,38.63,118,Normal,Calm and Relaxed,Continue regular monitoring
Molly,Beagle,Dog,3,3.9,38.67,90,Normal,Active and Happy,Continue regular monitoring
Charlie,Chihuahua,Dog,8,1.4,38.97,119,Normal,Active and Happy,Continue regular monitoring
Buddy,Maine Coon,Cat,11,38.9,38.76,127,Normal,Active and Happy,Continue regular monitoring
Tiger,Poodle,Dog,16,15.5,38.82,94,Normal,Calm and Relaxed,Continue regular monitoring
Jack,Sphynx,Cat,2,1.7,39.39,135,Normal,Active and Happy,Continue regular monitoring
Charlie,Sphynx,Cat,17,7.0,39.1,120,Normal,Calm and Relaxed,Continue regular monitoring
Max,Siamese,Cat,12,4.4,38.89,144,Normal,Active and Happy,Continue regular monitoring
Buddy,Persian,Cat,9,3.1,37.59,131,Alert,Lethargic or Restless,"Monitor closely, consult vet if persists"
Zoe,Chihuahua,Dog,7,5.0,39.12,117,Normal,Active and Happy,Continue regular monitoring
Tiger,Chihuahua,Dog,5,7.5,40.47,158,Alert,Lethargic or Restless,"Monitor closely, consult vet if persists"
Leo,Bengal,Cat,8,16.4,39.57,154,Alert,Lethargic or Restless,"Monitor closely, consult vet if persists"
Rocky,Chihuahua,Dog,3,6.6,39.06,130,Normal,Active and Happy,Continue regular monitoring
Toby,Domestic Shorthair,Cat,9,2.0,39.87,156,Alert,Lethargic or Restless,"Monitor closely, consult vet if persists"
Coco,Bulldog,Dog,11,6.1,38.96,97,Normal,Active and Happy,Continue regular monitoring
Jack,Labrador Retriever,Dog,2,30.8,40.97,143,Critical,Very Lethargic or Distressed,Immediate veterinary attention needed
Tiger,Domestic Shorthair,Cat,9,3.5,37.2,132,Alert,Lethargic or Restless,"Monitor closely, consult vet if persists"
Jack,Maine Coon,Cat,5,25.0,38.26,123,Normal,Active and Happy,Continue regular monitoring
Bella,Poodle,Dog,6,21.6,40.73,180,Critical,Very Lethargic or Distressed,Immediate veterinary attention needed
Toby,Siamese,Cat,5,2.5,38.85,127,Normal,Active and Happy,Continue regular monitoring
Toby,Persian,Cat,7,3.0,38.4,138,Normal,Active and Happy,Continue regular monitoring
Buddy,Maine Coon,Cat,5,20.9,37.24,136,Alert,Lethargic or Restless,"Monitor closely, consult vet if persists"
Cooper,Chihuahua,Dog,15,5.7,39.0,119,Normal,Calm and Relaxed,Continue regular monitoring
Tiger,Bulldog,Dog,17,19.8,41.64,181,Critical,Very Lethargic or Distressed,Immediate veterinary attention needed
Milo,Golden Retriever,Dog,16,28.7,38.32,66,Normal,Calm and Relaxed,Continue regular monitoring
Buddy,Beagle,Dog,11,4.3,39.03,113,Normal,Active and Happy,Continue regular monitoring
Jack,Golden Retriever,Dog,7,33.0,41.0,152,Critical,Very Lethargic or Distressed,Immediate veterinary attention needed
Molly,Golden Retriever,Dog,3,21.1,38.53,103,Normal,Active and Happy,Continue regular monitoring
Zoe,Maine Coon,Cat,1,45.3,38.39,98,Normal,Active and Happy,Continue regular monitoring
Simba,Bengal,Cat,14,9.4,39.04,132,Normal,Calm and Relaxed,Continue regular monitoring
Molly,Bulldog,Dog,1,15.6,38.8,101,Normal,Active and Happy,Continue regular monitoring
Buddy,Bulldog,Dog,16,12.7,40.03,149,Alert,Lethargic or Restless,"Monitor closely, consult vet if persists"
Milo,Poodle,Dog,12,20.2,38.79,98,Normal,Active and Happy,Continue regular monitoring
Simba,Maine Coon,Cat,8,11.6,38.32,118,Normal,Active and Happy,Continue regular monitoring
Buddy,Maine Coon,Cat,8,24.7,37.09,176,Critical,Very Lethargic or Distressed,Immediate veterinary attention needed
Cooper,Beagle,Dog,11,4.2,38.81,111,Normal,Active and Happy,Continue regular monitoring
Rocky,Bengal,Cat,12,6.7,38.98,126,Normal,Active and Happy,Continue regular monitoring
Milo,Domestic Shorthair,Cat,7,4.4,38.56,135,Normal,Active and Happy,Continue regular monitoring
Bella,Domestic Shorthair,Cat,9,2.6,40.3,160,Critical,Very Lethargic or Distressed,Immediate veterinary attention needed
Rocky,Poodle,Dog,8,5.7,37.15,126,Critical,Very Lethargic or Distressed,Immediate veterinary attention needed
Toby,Maine Coon,Cat,15,35.1,38.05,108,Normal,Calm and Relaxed,Continue regular monitoring
Bella,Bengal,Cat,13,19.0,38.66,100,Normal,Calm and Relaxed,Continue regular monitoring
Milo,Bengal,Cat,16,20.0,38.1,144,Alert,Lethargic or Restless,"Monitor closely, consult vet if persists"
Ruby,Bulldog,Dog,14,10.2,38.56,111,Normal,Calm and Relaxed,Continue regular monitoring
Bella,Golden Retriever,Dog,8,16.3,38.33,91,Normal,Active and Happy,Continue regular monitoring
Toby,Poodle,Dog,9,19.2,37.46,164,Critical,Very Lethargic or Distressed,Immediate veterinary attention needed
Daisy,Domestic Shorthair,Cat,3,5.3,38.52,126,Normal,Active and Happy,Continue regular monitoring
Buddy,Domestic Shorthair,Cat,1,6.6,39.85,157,Alert,Lethargic or Restless,"Monitor closely, consult vet if persists"
Coco,Labrador Retriever,Dog,6,26.8,38.69,81,Normal,Active and Happy,Continue regular monitoring
Coco,Bengal,Cat,11,16.1,38.77,125,Normal,Active and Happy,Continue regular monitoring
Leo,Poodle,Dog,2,13.7,38.59,95,Normal,Active and Happy,Continue regular monitoring
Toby,Sphynx,Cat,6,10.4,39.43,137,Normal,Active and Happy,Continue regular monitoring
Milo,Golden Retriever,Dog,5,45.5,40.61,159,Critical,Very Lethargic or Distressed,Immediate veterinary attention needed
Bella,Chihuahua,Dog,12,3.2,39.02,137,Normal,Active and Happy,Continue regular monitoring
Oscar,Poodle,Dog,16,21.7,39.93,148,Alert,Lethargic or Restless,"Monitor closely, consult vet if persists"
Zoe,Domestic Shorthair,Cat,17,7.3,39.97,155,Alert,Lethargic or Restless,"Monitor closely, consult vet if persists"
Cooper,Sphynx,Cat,6,4.9,39.48,140,Normal,Active and Happy,Continue regular monitoring
Leo,Ragdoll,Cat,7,39.4,38.63,129,Normal,Active and Happy,Continue regular monitoring
Jack,Maine Coon,Cat,7,35.4,38.38,117,Normal,Active and Happy,Continue regular monitoring
Rocky,Siamese,Cat,8,3.1,38.86,133,Normal,Active and Happy,Continue regular monitoring
Daisy,Labrador Retriever,Dog,10,35.6,37.62,155,Alert,Lethargic or Restless,"Monitor closely, consult vet if persists"
Charlie,Poodle,Dog,9,12.7,38.85,97,Normal,Active and Happy,Continue regular monitoring
Simba,Golden Retriever,Dog,8,22.6,38.54,97,Normal,Active and Happy,Continue regular monitoring
Milo,Beagle,Dog,7,7.9,38.58,119,Normal,Active and Happy,Continue regular monitoring
Bella,Siamese,Cat,16,10.3,38.72,120,Normal,Calm and Relaxed,Continue regular monitoring
Toby,Chihuahua,Dog,3,3.5,40.79,175,Critical,Very Lethargic or Distressed,Immediate veterinary attention needed
Lucy,Sphynx,Cat,9,4.9,39.3,148,Normal,Active and Happy,Continue regular monitoring
Luna,Persian,Cat,1,7.1,39.25,181,Alert,Lethargic or Restless,"Monitor closely, consult vet if persists"
Daisy,Beagle,Dog,8,8.8,38.69,111,Normal,Active and Happy,Continue regular monitoring
Rocky,Bulldog,Dog,4,19.4,38.55,101,Normal,Active and Happy,Continue regular monitoring
Cooper,Domestic Shorthair,Cat,11,5.1,38.95,135,Normal,Active and Happy,Continue regular monitoring
Daisy,Poodle,Dog,5,19.2,39.69,160,Alert,Lethargic or Restless,"Monitor closely, consult vet if persists"
Luna,German Shepherd,Dog,5,21.9,38.42,87,Normal,Active and Happy,Continue regular monitoring
Oscar,Maine Coon,Cat,10,24.6,38.19,133,Normal,Active and Happy,Continue regular monitoring
Charlie,Chihuahua,Dog,1,9.0,38.88,126,Normal,Active and Happy,Continue regular monitoring
Max,Siamese,Cat,12,3.8,38.93,133,Normal,Active and Happy,Continue regular monitoring
Molly,Chihuahua,Dog,16,5.6,39.26,128,Normal,Calm and Relaxed,Continue regular monitoring
Leo,Bengal,Cat,9,18.5,38.6,119,Normal,Active and Happy,Continue regular monitoring
Jack,Beagle,Dog,2,3.8,38.83,107,Normal,Active and Happy,Continue regular monitoring
Charlie,Poodle,Dog,9,19.2,38.94,101,Normal,Active and Happy,Continue regular monitoring
Tiger,Bengal,Cat,7,4.4,39.04,106,Normal,Active and Happy,Continue regular monitoring
Molly,Persian,Cat,7,7.0,38.82,121,Normal,Active and Happy,Continue regular monitoring
Bella,German Shepherd,Dog,13,28.2,38.45,73,Normal,Calm and Relaxed,Continue regular monitoring
Milo,Chihuahua,Dog,7,1.0,37.24,148,Critical,Very Lethargic or Distressed,Immediate veterinary attention needed
Jack,Siamese,Cat,8,4.2,38.4,135,Normal,Active and Happy,Continue regular monitoring
Zoe,Persian,Cat,4,2.5,38.8,121,Normal,Active and Happy,Continue regular monitoring
Luna,Labrador Retriever,Dog,7,32.6,37.33,188,Critical,Very Lethargic or Distressed,Immediate veterinary attention needed
Simba,Labrador Retriever,Dog,4,46.6,38.57,65,Normal,Active and Happy,Continue regular monitoring
Lucy,Beagle,Dog,16,5.8,39.0,107,Normal,Calm and Relaxed,Continue regular monitoring
Leo,Sphynx,Cat,4,4.3,39.18,149,Normal,Active and Happy,Continue regular monitoring
Lucy,German Shepherd,Dog,11,23.3,38.47,80,Normal,Active and Happy,Continue regular monitoring
Jack,Labrador Retriever,Dog,5,21.7,39.11,129,Alert,Lethargic or Restless,"Monitor closely, consult vet if persists"
Leo,Sphynx,Cat,6,4.6,40.02,176,Alert,Lethargic or Restless,"Monitor closely, consult vet if persists"
Luna,Labrador Retriever,Dog,5,30.5,38.38,102,Normal,Active and Happy,Continue regular monitoring
Zoe,German Shepherd,Dog,8,19.1,38.76,103,Normal,Active and Happy,Continue regular monitoring
Ruby,German Shepherd,Dog,15,18.5,38.82,81,Normal,Calm and Relaxed,Continue regular monitoring
Bella,Persian,Cat,1,5.1,36.96,177,Critical,Very Lethargic or Distressed,Immediate veterinary attention needed
Rocky,German Shepherd,Dog,11,61.2,37.89,184,Critical,Very Lethargic or Distressed,Immediate veterinary attention needed
Simba,Ragdoll,Cat,6,19.7,36.31,196,Critical,Very Lethargic or Distressed,Immediate veterinary attention needed
Luna,Beagle,Dog,14,2.5,38.95,108,Normal,Calm and Relaxed,Continue regular monitoring
Max,Bengal,Cat,16,8.3,38.55,130,Normal,Calm and Relaxed,Continue regular monitoring
Cooper,Bengal,Cat,8,13.3,38.93,134,Normal,Active and Happy,Continue regular monitoring
Leo,Chihuahua,Dog,6,1.2,38.04,220,Critical,Very Lethargic or Distressed,Immediate veterinary attention needed
Rocky,Siamese,Cat,2,3.6,38.75,140,Normal,Active and Happy,Continue regular monitoring
Toby,Sphynx,Cat,15,2.8,39.54,128,Normal,Calm and Relaxed,Continue regular monitoring
Daisy,Persian,Cat,2,4.9,38.15,127,Normal,Active and Happy,Continue regular monitoring
Toby,Poodle,Dog,6,18.3,40.32,166,Alert,Lethargic or Restless,"Monitor closely, consult vet if persists"
Toby,Beagle,Dog,4,7.9,38.96,140,Normal,Active and Happy,Continue regular monitoring
Luna,Bengal,Cat,6,21.0,38.84,145,Normal,Active and Happy,Continue regular monitoring
Tiger,Bulldog,Dog,8,9.7,38.97,114,Normal,Active and Happy,Continue regular monitoring
Daisy,Persian,Cat,5,4.9,38.52,120,Normal,Active and Happy,Continue regular monitoring
Buddy,Labrador Retriever,Dog,13,39.7,39.97,167,Alert,Lethargic or Restless,"Monitor closely, consult vet if persists"
Milo,Maine Coon,Cat,1,30.2,38.53,131,Normal,Active and Happy,Continue regular monitoring
Simba,Domestic Shorthair,Cat,3,6.1,38.72,113,Normal,Active and Happy,Continue regular monitoring
Cooper,Ragdoll,Cat,16,24.1,38.43,97,Normal,Calm and Relaxed,Continue regular monitoring
Lucy,Bengal,Cat,9,9.6,38.75,130,Normal,Active and Happy,Continue regular monitoring
Rocky,Domestic Shorthair,Cat,10,4.8,38.68,125,Normal,Active and Happy,Continue regular monitoring
Milo,Persian,Cat,16,3.6,38.91,130,Alert,Lethargic or Restless,"Monitor closely, consult vet if persists"
Tiger,Sphynx,Cat,9,4.3,41.24,197,Critical,Very Lethargic or Distressed,Immediate veterinary attention needed
Zoe,Domestic Shorthair,Cat,3,5.1,38.8,136,Normal,Active and Happy,Continue regular monitoring
Rocky,Sphynx,Cat,9,3.5,39.26,136,Normal,Active and Happy,Continue regular monitoring
Rocky,Poodle,Dog,8,9.0,38.78,106,Normal,Active and Happy,Continue regular monitoring
Ruby,Sphynx,Cat,7,8.7,39.24,152,Normal,Active and Happy,Continue regular monitoring
Zoe,Maine Coon,Cat,3,38.6,38.61,136,Normal,Active and Happy,Continue regular monitoring
Cooper,Siamese,Cat,5,4.5,40.16,199,Alert,Lethargic or Restless,"Monitor closely, consult vet if persists"
Tiger,Persian,Cat,5,3.7,38.72,140,Normal,Active and Happy,Continue regular monitoring
Jack,Poodle,Dog,14,14.3,39.09,102,Normal,Calm and Relaxed,Continue regular monitoring
Charlie,Persian,Cat,7,4.9,38.7,119,Normal,Active and Happy,Continue regular monitoring
Charlie,Golden Retriever,Dog,2,34.1,38.35,91,Normal,Active and Happy,Continue regular monitoring
Molly,Persian,Cat,9,4.2,37.16,190,Alert,Lethargic or Restless,"Monitor closely, consult vet if persists"
Tiger,Persian,Cat,4,6.7,38.56,134,Normal,Active and Happy,Continue regular monitoring
Leo,German Shepherd,Dog,9,41.5,38.7,78,Normal,Active and Happy,Continue regular monitoring
Cooper,Bulldog,Dog,4,13.7,38.73,104,Normal,Active and Happy,Continue regular monitoring
Simba,Domestic Shorthair,Cat,7,6.7,38.65,145,Normal,Active and Happy,Continue regular monitoring
Coco,Labrador Retriever,Dog,3,19.1,38.67,92,Normal,Active and Happy,Continue regular monitoring
Coco,Maine Coon,Cat,8,27.8,38.46,101,Normal,Active and Happy,Continue regular monitoring
Max,Siamese,Cat,7,4.6,38.51,126,Normal,Active and Happy,Continue regular monitoring
Charlie,Poodle,Dog,11,17.5,38.8,101,Normal,Active and Happy,Continue regular monitoring
Max,Siamese,Cat,1,3.5,38.14,177,Alert,Lethargic or Restless,"Monitor closely, consult vet if persists"
Tiger,Beagle,Dog,5,3.3,38.7,113,Normal,Active and Happy,Continue regular monitoring
Daisy,Bulldog,Dog,2,20.5,38.78,105,Normal,Active and Happy,Continue regular monitoring
Buddy,Bengal,Cat,9,11.8,38.99,122,Normal,Active and Happy,Continue regular monitoring
Lucy,German Shepherd,Dog,1,34.2,38.22,95,Normal,Active and Happy,Continue regular monitoring
Jack,Domestic Shorthair,Cat,12,7.0,38.64,130,Normal,Active and Happy,Continue regular monitoring
Luna,Golden Retriever,Dog,9,39.8,39.66,147,Alert,Lethargic or Restless,"Monitor closely, consult vet if persists"
Leo,Labrador Retriever,Dog,16,27.5,38.35,94,Normal,Calm and Relaxed,Continue regular monitoring
Max,Sphynx,Cat,3,2.9,39.25,154,Normal,Active and Happy,Continue regular monitoring
Daisy,Bulldog,Dog,10,12.1,37.82,155,Alert,Lethargic or Restless,"Monitor closely, consult vet if persists"
Leo,Sphynx,Cat,5,2.9,39.26,157,Normal,Active and Happy,Continue regular monitoring
Cooper,Bulldog,Dog,10,12.8,39.17,100,Normal,Active and Happy,Continue regular monitoring
Lucy,Bulldog,Dog,6,17.2,39.03,118,Normal,Active and Happy,Continue regular monitoring
Jack,Siamese,Cat,4,5.8,38.38,143,Normal,Active and Happy,Continue regular monitoring
Cooper,Bulldog,Dog,6,19.9,37.88,149,Alert,Lethargic or Restless,"Monitor closely, consult vet if persists"
Max,Siamese,Cat,2,6.3,38.81,138,Normal,Active and Happy,Continue regular monitoring
Ruby,Beagle,Dog,5,5.3,38.9,116,Normal,Active and Happy,Continue regular monitoring
Simba,Domestic Shorthair,Cat,8,5.2,38.26,132,Normal,Active and Happy,Continue regular monitoring
Cooper,Sphynx,Cat,9,5.8,39.29,141,Normal,Active and Happy,Continue regular monitoring
Molly,Siamese,Cat,2,8.2,38.54,140,Normal,Active and Happy,Continue regular monitoring
Luna,Ragdoll,Cat,8,32.5,38.53,121,Normal,Active and Happy,Continue regular monitoring
Oscar,Maine Coon,Cat,7,34.7,37.07,145,Critical,Very Lethargic or Distressed,Immediate veterinary attention needed
Lucy,Domestic Shorthair,Cat,8,2.7,38.51,128,Normal,Active and Happy,Continue regular monitoring
Buddy,Persian,Cat,3,7.5,38.24,130,Normal,Active and Happy,Continue regular monitoring
Cooper,German Shepherd,Dog,3,23.8,39.72,160,Alert,Lethargic or Restless,"Monitor closely, consult vet if persists"
Oscar,Ragdoll,Cat,1,22.2,38.61,121,Normal,Active and Happy,Continue regular monitoring
Cooper,Bulldog,Dog,6,18.9,39.89,147,Alert,Lethargic or Restless,"Monitor closely, consult vet if persists"
Zoe,Bengal,Cat,15,5.7,39.74,153,Alert,Lethargic or Restless,"Monitor closely, consult vet if persists"
Ruby,Chihuahua,Dog,11,4.6,38.0,164,Alert,Lethargic or Restless,"Monitor closely, consult vet if persists"
Jack,Bengal,Cat,8,17.5,38.79,118,Normal,Active and Happy,Continue regular monitoring
Ruby,Ragdoll,Cat,6,27.5,38.95,132,Normal,Active and Happy,Continue regular monitoring
Molly,German Shepherd,Dog,1,39.5,38.66,100,Normal,Active and Happy,Continue regular monitoring
Tiger,Beagle,Dog,2,7.4,39.05,114,Normal,Active and Happy,Continue regular monitoring
Oscar,Golden Retriever,Dog,7,31.2,38.75,71,Normal,Active and Happy,Continue regular monitoring
Tiger,Persian,Cat,11,7.8,37.48,178,Alert,Lethargic or Restless,"Monitor closely, consult vet if persists"
Jack,Persian,Cat,7,5.0,38.34,116,Normal,Active and Happy,Continue regular monitoring
Max,Domestic Shorthair,Cat,1,4.3,38.66,122,Normal,Active and Happy,Continue regular monitoring
Leo,Persian,Cat,6,4.4,38.57,111,Normal,Active and Happy,Continue regular monitoring
Charlie,Bengal,Cat,8,21.6,38.78,127,Normal,Active and Happy,Continue regular monitoring
Tiger,Golden Retriever,Dog,5,30.4,38.76,83,Normal,Active and Happy,Continue regular monitoring
Bella,Ragdoll,Cat,14,35.2,38.53,127,Normal,Calm and Relaxed,Continue regular monitoring
Oscar,Persian,Cat,17,5.0,38.15,120,Normal,Calm and Relaxed,Continue regular monitoring
Charlie,German Shepherd,Dog,7,29.5,36.71,159,Critical,Very Lethargic or Distressed,Immediate veterinary attention needed
Milo,Beagle,Dog,9,4.5,37.68,152,Alert,Lethargic or Restless,"Monitor closely, consult vet if persists"
Bella,Chihuahua,Dog,7,5.5,38.92,124,Normal,Active and Happy,Continue regular monitoring
Bella,Chihuahua,Dog,1,4.8,38.71,124,Normal,Active and Happy,Continue regular monitoring
Jack,Golden Retriever,Dog,16,26.9,38.68,74,Normal,Calm and Relaxed,Continue regular monitoring
Max,Ragdoll,Cat,4,39.1,39.31,159,Alert,Lethargic or Restless,"Monitor closely, consult vet if persists"
Luna,Labrador Retriever,Dog,1,29.6,37.39,164,Critical,Very Lethargic or Distressed,Immediate veterinary attention needed
Jack,Persian,Cat,3,4.3,38.07,113,Normal,Active and Happy,Continue regular monitoring
Cooper,Bulldog,Dog,16,15.0,38.9,92,Normal,Calm and Relaxed,Continue regular monitoring
Zoe,German Shepherd,Dog,16,34.7,38.38,67,Normal,Calm and Relaxed,Continue regular monitoring
Max,Beagle,Dog,4,4.4,38.85,121,Normal,Active and Happy,Continue regular monitoring
Max,Sphynx,Cat,11,4.6,38.97,141,Normal,Active and Happy,Continue regular monitoring
Molly,Poodle,Dog,13,17.2,38.56,87,Normal,Calm and Relaxed,Continue regular monitoring
Molly,Bulldog,Dog,5,14.2,38.74,90,Normal,Active and Happy,Continue regular monitoring
Leo,German Shepherd,Dog,17,15.0,39.43,158,Alert,Lethargic or Restless,"Monitor closely, consult vet if persists"
Jack,Labrador Retriever,Dog,8,35.6,38.56,80,Normal,Active and Happy,Continue regular monitoring
Leo,Domestic Shorthair,Cat,13,7.0,38.87,121,Normal,Calm and Relaxed,Continue regular monitoring
Milo,Persian,Cat,3,6.9,38.75,125,Normal,Active and Happy,Continue regular monitoring
Ruby,Labrador Retriever,Dog,13,17.8,38.61,93,Normal,Calm and Relaxed,Continue regular monitoring
Zoe,Domestic Shorthair,Cat,17,6.6,38.61,112,Normal,Calm and Relaxed,Continue regular monitoring
Jack,Poodle,Dog,14,16.3,38.8,102,Normal,Calm and Relaxed,Continue regular monitoring
Zoe,Bulldog,Dog,1,15.6,39.1,80,Normal,Active and Happy,Continue regular monitoring
Charlie,Siamese,Cat,6,5.9,40.14,168,Alert,Lethargic or Restless,"Monitor closely, consult vet if persists"
Rocky,Poodle,Dog,9,15.7,38.66,102,Normal,Active and Happy,Continue regular monitoring
Oscar,Maine Coon,Cat,7,30.4,38.66,129,Normal,Active and Happy,Continue regular monitoring
Oscar,Bulldog,Dog,10,33.1,39.04,100,Normal,Active and Happy,Continue regular monitoring
Toby,Poodle,Dog,3,19.1,38.93,116,Normal,Active and Happy,Continue regular monitoring
Coco,Ragdoll,Cat,2,24.7,38.88,127,Normal,Active and Happy,Continue regular monitoring
Jack,Beagle,Dog,8,6.2,38.84,129,Normal,Active and Happy,Continue regular monitoring
Jack,Labrador Retriever,Dog,10,45.9,38.61,93,Normal,Active and Happy,Continue regular monitoring
Toby,Domestic Shorthair,Cat,2,3.3,40.58,130,Critical,Very Lethargic or Distressed,Immediate veterinary attention needed
Oscar,Persian,Cat,7,2.3,36.73,146,Critical,Very Lethargic or Distressed,Immediate veterinary attention needed
Max,Sphynx,Cat,5,4.2,38.87,149,Normal,Active and Happy,Continue regular monitoring
Milo,Beagle,Dog,17,5.2,38.91,90,Normal,Calm and Relaxed,Continue regular monitoring
Luna,German Shepherd,Dog,1,23.6,38.47,88,Normal,Active and Happy,Continue regular monitoring
Zoe,Poodle,Dog,7,14.2,39.06,107,Normal,Active and Happy,Continue regular monitoring
Bella,Poodle,Dog,10,5.2,38.7,98,Normal,Active and Happy,Continue regular monitoring
Luna,Siamese,Cat,6,5.4,39.0,135,Normal,Active and Happy,Continue regular monitoring
Max,Siamese,Cat,9,2.4,38.85,127,Normal,Active and Happy,Continue regular monitoring
Zoe,Siamese,Cat,1,4.2,39.81,177,Alert,Lethargic or Restless,"Monitor closely, consult vet if persists"
Bella,Bengal,Cat,13,9.5,39.93,168,Alert,Lethargic or Restless,"Monitor closely, consult vet if persists"
Tiger,Persian,Cat,16,4.8,38.55,130,Normal,Calm and Relaxed,Continue regular monitoring
Coco,Poodle,Dog,2,16.3,39.95,179,Alert,Lethargic or Restless,"Monitor closely, consult vet if persists"
Cooper,Bulldog,Dog,12,12.0,38.69,112,Normal,Active and Happy,Continue regular monitoring
Daisy,Labrador Retriever,Dog,1,40.6,38.88,83,Normal,Active and Happy,Continue regular monitoring
Leo,Bulldog,Dog,8,17.5,37.44,159,Alert,Lethargic or Restless,"Monitor closely, consult vet if persists"
Leo,Golden Retriever,Dog,7,25.9,38.5,77,Normal,Active and Happy,Continue regular monitoring
Buddy,Beagle,Dog,7,2.5,38.81,114,Normal,Active and Happy,Continue regular monitoring
Ruby,Labrador Retriever,Dog,7,29.6,38.22,96,Normal,Active and Happy,Continue regular monitoring
Leo,Maine Coon,Cat,3,35.5,38.1,111,Normal,Active and Happy,Continue regular monitoring
Rocky,Poodle,Dog,6,11.6,38.64,88,Normal,Active and Happy,Continue regular monitoring
Charlie,Golden Retriever,Dog,7,36.3,38.55,80,Normal,Active and Happy,Continue regular monitoring
Simba,Bengal,Cat,10,10.9,37.83,161,Alert,Lethargic or Restless,"Monitor closely, consult vet if persists"
Luna,Labrador Retriever,Dog,9,42.4,38.77,81,Normal,Active and Happy,Continue regular monitoring
Zoe,Ragdoll,Cat,15,36.7,38.45,115,Normal,Calm and Relaxed,Continue regular monitoring
Tiger,Chihuahua,Dog,8,7.0,38.54,153,Normal,Active and Happy,Continue regular monitoring
Max,Sphynx,Cat,10,6.1,39.07,142,Normal,Active and Happy,Continue regular monitoring
Charlie,Golden Retriever,Dog,3,21.1,38.36,91,Normal,Active and Happy,Continue regular monitoring
Leo,Sphynx,Cat,12,8.0,39.36,138,Normal,Active and Happy,Continue regular monitoring
Max,Chihuahua,Dog,7,2.1,38.9,122,Normal,Active and Happy,Continue regular monitoring
Buddy,Beagle,Dog,7,3.7,39.04,119,Normal,Active and Happy,Continue regular monitoring
Leo,Siamese,Cat,15,5.6,39.12,125,Normal,Calm and Relaxed,Continue regular monitoring
Zoe,Sphynx,Cat,2,7.6,40.65,185,Alert,Lethargic or Restless,"Monitor closely, consult vet if persists"
Simba,Golden Retriever,Dog,3,30.7,39.6,153,Alert,Lethargic or Restless,"Monitor closely, consult vet if persists"
Max,Ragdoll,Cat,4,31.6,38.82,123,Normal,Active and Happy,Continue regular monitoring
Rocky,Bengal,Cat,11,11.6,38.86,113,Normal,Active and Happy,Continue regular monitoring
Buddy,Bengal,Cat,5,10.4,38.63,137,Normal,Active and Happy,Continue regular monitoring
Cooper,Persian,Cat,2,4.6,38.43,141,Normal,Active and Happy,Continue regular monitoring
Jack,Labrador Retriever,Dog,3,34.5,38.67,96,Normal,Active and Happy,Continue regular monitoring
Oscar,Poodle,Dog,1,15.8,39.01,90,Normal,Active and Happy,Continue regular monitoring
Simba,Sphynx,Cat,6,5.6,40.57,182,Critical,Very Lethargic or Distressed,Immediate veterinary attention needed
Bella,Siamese,Cat,6,3.8,40.61,203,Critical,Very Lethargic or Distressed,Immediate veterinary attention needed
Cooper,Persian,Cat,7,6.3,38.69,126,Normal,Active and Happy,Continue regular monitoring
Max,Siamese,Cat,5,5.9,38.9,125,Normal,Active and Happy,Continue regular monitoring
Max,Poodle,Dog,6,1.7,38.67,90,Normal,Active and Happy,Continue regular monitoring
Max,Sphynx,Cat,14,2.0,39.21,125,Normal,Calm and Relaxed,Continue regular monitoring
Coco,Ragdoll,Cat,7,21.6,38.75,128,Normal,Active and Happy,Continue regular monitoring
Coco,Persian,Cat,7,4.4,38.29,138,Normal,Active and Happy,Continue regular monitoring
Ruby,German Shepherd,Dog,3,32.4,37.69,139,Alert,Lethargic or Restless,"Monitor closely, consult vet if persists"
Daisy,Bulldog,Dog,9,12.5,39.05,111,Normal,Active and Happy,Continue regular monitoring
Rocky,Bulldog,Dog,6,17.2,38.93,90,Normal,Active and Happy,Continue regular monitoring
Ruby,German Shepherd,Dog,6,30.6,38.8,103,Normal,Active and Happy,Continue regular monitoring
Milo,Bulldog,Dog,5,25.5,38.02,139,Alert,Lethargic or Restless,"Monitor closely, consult vet if persists"
Toby,Persian,Cat,6,5.9,38.47,131,Normal,Active and Happy,Continue regular monitoring
Daisy,Persian,Cat,8,6.6,38.16,130,Normal,Active and Happy,Continue regular monitoring
Bella,Siamese,Cat,9,2.5,40.71,191,Critical,Very Lethargic or Distressed,Immediate veterinary attention needed
Buddy,Chihuahua,Dog,1,5.6,39.5,119,Normal,Active and Happy,Continue regular monitoring
Lucy,Ragdoll,Cat,6,34.7,38.61,132,Normal,Active and Happy,Continue regular monitoring
Bella,Sphynx,Cat,16,6.3,39.49,121,Normal,Calm and Relaxed,Continue regular monitoring
Luna,Labrador Retriever,Dog,11,25.4,38.74,84,Normal,Active and Happy,Continue regular monitoring
Cooper,Bulldog,Dog,3,8.6,37.79,159,Alert,Lethargic or Restless,"Monitor closely, consult vet if persists"
Ruby,Golden Retriever,Dog,5,39.2,36.29,174,Critical,Very Lethargic or Distressed,Immediate veterinary attention needed
Bella,Sphynx,Cat,16,3.4,39.08,131,Normal,Calm and Relaxed,Continue regular monitoring
Toby,Ragdoll,Cat,3,39.7,37.23,192,Critical,Very Lethargic or Distressed,Immediate veterinary attention needed
Max,Poodle,Dog,8,19.2,40.38,130,Alert,Lethargic or Restless,"Monitor closely, consult vet if persists"
Rocky,Maine Coon,Cat,7,42.9,38.21,115,Normal,Active and Happy,Continue regular monitoring
Charlie,Ragdoll,Cat,14,26.7,38.88,120,Normal,Calm and Relaxed,Continue regular monitoring
Rocky,Poodle,Dog,1,10.0,38.94,84,Normal,Active and Happy,Continue regular monitoring
Jack,German Shepherd,Dog,1,32.0,38.42,98,Normal,Active and Happy,Continue regular monitoring
Lucy,Poodle,Dog,5,16.8,40.12,164,Alert,Lethargic or Restless,"Monitor closely, consult vet if persists"
Leo,German Shepherd,Dog,3,40.4,39.85,125,Alert,Lethargic or Restless,"Monitor closely, consult vet if persists"
Lucy,Domestic Shorthair,Cat,7,5.3,38.41,133,Normal,Active and Happy,Continue regular monitoring
Charlie,Chihuahua,Dog,6,2.1,39.29,140,Normal,Active and Happy,Continue regular monitoring
Coco,Bengal,Cat,11,15.5,40.11,156,Alert,Lethargic or Restless,"Monitor closely, consult vet if persists"
Luna,Beagle,Dog,6,1.3,38.77,109,Normal,Active and Happy,Continue regular monitoring
Charlie,Golden Retriever,Dog,14,31.1,38.55,89,Normal,Calm and Relaxed,Continue regular monitoring
Leo,Bulldog,Dog,9,9.1,38.76,124,Normal,Active and Happy,Continue regular monitoring
Max,Chihuahua,Dog,17,3.3,37.76,183,Critical,Very Lethargic or Distressed,Immediate veterinary attention needed
Jack,Golden Retriever,Dog,16,32.7,38.37,92,Normal,Calm and Relaxed,Continue regular monitoring
Buddy,Siamese,Cat,7,4.7,38.69,119,Normal,Active and Happy,Continue regular monitoring
Toby,Siamese,Cat,2,3.5,37.58,189,Critical,Very Lethargic or Distressed,Immediate veterinary attention needed
Ruby,Ragdoll,Cat,7,34.1,38.59,133,Normal,Active and Happy,Continue regular monitoring
Coco,Labrador Retriever,Dog,17,39.1,38.54,75,Normal,Calm and Relaxed,Continue regular monitoring
Daisy,Persian,Cat,2,2.9,38.34,122,Normal,Active and Happy,Continue regular monitoring
Rocky,Bulldog,Dog,4,8.3,37.78,161,Alert,Lethargic or Restless,"Monitor closely, consult vet if persists"
Coco,Poodle,Dog,1,19.6,40.31,176,Alert,Lethargic or Restless,"Monitor closely, consult vet if persists"
Max,Domestic Shorthair,Cat,6,2.4,38.64,138,Normal,Active and Happy,Continue regular monitoring
Max,Chihuahua,Dog,2,4.0,38.74,109,Normal,Active and Happy,Continue regular monitoring
Jack,Poodle,Dog,6,25.7,39.45,137,Alert,Lethargic or Restless,"Monitor closely, consult vet if persists"
Zoe,Poodle,Dog,15,18.0,39.14,84,Normal,Calm and Relaxed,Continue regular monitoring
Cooper,Sphynx,Cat,15,4.7,38.9,133,Normal,Calm and Relaxed,Continue regular monitoring
Cooper,Siamese,Cat,5,3.5,38.9,140,Normal,Active and Happy,Continue regular monitoring
Cooper,Labrador Retriever,Dog,12,21.3,38.66,78,Normal,Active and Happy,Continue regular monitoring
Bella,German Shepherd,Dog,7,23.7,38.54,89,Normal,Active and Happy,Continue regular monitoring
Max,Bulldog,Dog,5,21.3,39.53,160,Alert,Lethargic or Restless,"Monitor closely, consult vet if persists"
Toby,Domestic Shorthair,Cat,11,9.3,38.77,139,Normal,Active and Happy,Continue regular monitoring
Milo,Persian,Cat,17,7.8,38.36,127,Normal,Calm and Relaxed,Continue regular monitoring
Zoe,Chihuahua,Dog,8,6.0,39.13,140,Normal,Active and Happy,Continue regular monitoring
Leo,Ragdoll,Cat,12,42.5,39.52,147,Alert,Lethargic or Restless,"Monitor closely, consult vet if persists"
Coco,Beagle,Dog,7,3.3,39.89,139,Alert,Lethargic or Restless,"Monitor closely, consult vet if persists"
Leo,German Shepherd,Dog,2,30.0,39.55,135,Alert,Lethargic or Restless,"Monitor closely, consult vet if persists"
Tiger,Maine Coon,Cat,3,31.8,38.48,124,Normal,Active and Happy,Continue regular monitoring
Zoe,Beagle,Dog,4,4.5,37.57,135,Alert,Lethargic or Restless,"Monitor closely, consult vet if persists"
Luna,Labrador Retriever,Dog,3,15.4,38.57,103,Normal,Active and Happy,Continue regular monitoring
Bella,Chihuahua,Dog,6,5.8,38.7,120,Normal,Active and Happy,Continue regular monitoring
Max,Bengal,Cat,8,12.7,38.82,136,Normal,Active and Happy,Continue regular monitoring
Charlie,Domestic Shorthair,Cat,13,4.9,38.59,118,Normal,Calm and Relaxed,Continue regular monitoring
Molly,Chihuahua,Dog,6,3.8,38.87,142,Normal,Active and Happy,Continue regular monitoring
Luna,Maine Coon,Cat,8,37.2,39.17,163,Alert,Lethargic or Restless,"Monitor closely, consult vet if persists"
Rocky,Domestic Shorthair,Cat,5,6.3,39.3,153,Alert,Lethargic or Restless,"Monitor closely, consult vet if persists"
Milo,Beagle,Dog,10,1.0,38.8,109,Normal,Active and Happy,Continue regular monitoring
Cooper,Siamese,Cat,7,5.4,37.58,133,Critical,Very Lethargic or Distressed,Immediate veterinary attention needed
Oscar,Chihuahua,Dog,11,2.7,38.69,137,Normal,Active and Happy,Continue regular monitoring
Lucy,Golden Retriever,Dog,4,29.9,40.05,144,Alert,Lethargic or Restless,"Monitor closely, consult vet if persists"
Jack,Domestic Shorthair,Cat,6,2.7,37.3,142,Alert,Lethargic or Restless,"Monitor closely, consult vet if persists"
Milo,German Shepherd,Dog,1,27.0,39.93,160,Critical,Very Lethargic or Distressed,Immediate veterinary attention needed
Buddy,Siamese,Cat,1,3.0,38.62,116,Normal,Active and Happy,Continue regular monitoring
Zoe,Beagle,Dog,1,4.8,38.82,119,Normal,Active and Happy,Continue regular monitoring
Toby,Maine Coon,Cat,4,27.7,38.05,142,Normal,Active and Happy,Continue regular monitoring
Lucy,Sphynx,Cat,4,4.5,38.12,153,Alert,Lethargic or Restless,"Monitor closely, consult vet if persists"
Molly,Maine Coon,Cat,9,32.3,38.34,120,Normal,Active and Happy,Continue regular monitoring
Zoe,Bulldog,Dog,12,14.9,39.09,98,Normal,Active and Happy,Continue regular monitoring
Simba,Labrador Retriever,Dog,8,33.9,38.58,71,Normal,Active and Happy,Continue regular monitoring
Ruby,Golden Retriever,Dog,13,32.2,38.67,97,Normal,Calm and Relaxed,Continue regular monitoring
Lucy,Domestic Shorthair,Cat,7,4.3,38.65,149,Normal,Active and Happy,Continue regular monitoring
Toby,Bengal,Cat,7,11.2,39.1,116,Normal,Active and Happy,Continue regular monitoring
Cooper,Bulldog,Dog,14,21.7,38.93,89,Normal,Calm and Relaxed,Continue regular monitoring
Tiger,German Shepherd,Dog,5,26.8,38.62,81,Normal,Active and Happy,Continue regular monitoring
Lucy,Ragdoll,Cat,1,34.9,38.51,104,Normal,Active and Happy,Continue regular monitoring
Oscar,Ragdoll,Cat,5,19.5,37.69,156,Alert,Lethargic or Restless,"Monitor closely, consult vet if persists"
Molly,Bengal,Cat,7,20.9,38.58,132,Normal,Active and Happy,Continue regular monitoring
Max,Bengal,Cat,9,19.6,38.76,117,Normal,Active and Happy,Continue regular monitoring
Milo,Bengal,Cat,5,18.8,39.63,165,Alert,Lethargic or Restless,"Monitor closely, consult vet if persists"
Luna,Bulldog,Dog,5,17.1,39.1,113,Normal,Active and Happy,Continue regular monitoring
Molly,Bengal,Cat,6,16.0,38.59,143,Normal,Active and Happy,Continue regular monitoring
Daisy,Domestic Shorthair,Cat,17,7.8,38.63,139,Normal,Calm and Relaxed,Continue regular monitoring
Buddy,Poodle,Dog,8,19.7,38.8,101,Normal,Active and Happy,Continue regular monitoring
Buddy,Beagle,Dog,5,3.7,38.18,174,Alert,Lethargic or Restless,"Monitor closely, consult vet if persists"
Oscar,Chihuahua,Dog,2,5.6,38.87,124,Normal,Active and Happy,Continue regular monitoring
Simba,Labrador Retriever,Dog,9,42.5,40.85,171,Critical,Very Lethargic or Distressed,Immediate veterinary attention needed
Max,Bengal,Cat,9,12.5,38.54,110,Normal,Active and Happy,Continue regular monitoring
Molly,Labrador Retriever,Dog,4,23.6,38.58,82,Normal,Active and Happy,Continue regular monitoring
Max,Ragdoll,Cat,5,38.3,38.41,121,Normal,Active and Happy,Continue regular monitoring
Tiger,German Shepherd,Dog,8,29.8,38.61,98,Normal,Active and Happy,Continue regular monitoring
Lucy,Persian,Cat,6,2.7,38.6,107,Normal,Active and Happy,Continue regular monitoring
Max,Siamese,Cat,3,5.6,37.75,167,Alert,Lethargic or Restless,"Monitor closely, consult vet if persists"
Tiger,Chihuahua,Dog,17,8.7,39.0,130,Normal,Calm and Relaxed,Continue regular monitoring
Toby,Bengal,Cat,12,18.4,38.96,116,Normal,Active and Happy,Continue regular monitoring
Jack,Persian,Cat,5,5.5,38.41,119,Normal,Active and Happy,Continue regular monitoring
Max,Labrador Retriever,Dog,12,24.9,40.05,141,Alert,Lethargic or Restless,"Monitor closely, consult vet if persists"
Coco,Bulldog,Dog,2,20.4,37.5,164,Alert,Lethargic or Restless,"Monitor closely, consult vet if persists"
Lucy,Ragdoll,Cat,11,29.7,37.75,168,Alert,Lethargic or Restless,"Monitor closely, consult vet if persists"
Charlie,Maine Coon,Cat,10,15.2,39.42,139,Alert,Lethargic or Restless,"Monitor closely, consult vet if persists"
Molly,Ragdoll,Cat,10,25.1,40.66,149,Critical,Very Lethargic or Distressed,Immediate veterinary attention needed
Milo,Sphynx,Cat,3,3.9,39.13,132,Normal,Active and Happy,Continue regular monitoring
Oscar,Domestic Shorthair,Cat,1,2.3,39.97,169,Alert,Lethargic or Restless,"Monitor closely, consult vet if persists"
Jack,Beagle,Dog,1,5.9,38.97,105,Normal,Active and Happy,Continue regular monitoring
Daisy,Bulldog,Dog,6,21.7,39.03,95,Normal,Active and Happy,Continue regular monitoring
Luna,Persian,Cat,4,4.2,38.74,114,Normal,Active and Happy,Continue regular monitoring
Oscar,Labrador Retriever,Dog,3,43.7,36.56,114,Critical,Very Lethargic or Distressed,Immediate veterinary attention needed
Zoe,Beagle,Dog,16,3.3,37.62,170,Alert,Lethargic or Restless,"Monitor closely, consult vet if persists"
Coco,Maine Coon,Cat,14,28.5,38.42,118,Normal,Calm and Relaxed,Continue regular monitoring
Oscar,Domestic Shorthair,Cat,3,2.1,38.67,143,Normal,Active and Happy,Continue regular monitoring
Simba,Persian,Cat,15,6.0,38.64,123,Normal,Calm and Relaxed,Continue regular monitoring
Rocky,Beagle,Dog,12,6.5,38.58,98,Normal,Active and Happy,Continue regular monitoring
Molly,Beagle,Dog,11,4.7,38.78,125,Normal,Active and Happy,Continue regular monitoring
Molly,Siamese,Cat,16,1.0,38.93,141,Normal,Calm and Relaxed,Continue regular monitoring
Tiger,Ragdoll,Cat,17,45.6,38.56,90,Normal,Calm and Relaxed,Continue regular monitoring
Rocky,Domestic Shorthair,Cat,16,6.1,37.75,161,Alert,Lethargic or Restless,"Monitor closely, consult vet if persists"
Lucy,Bengal,Cat,3,15.5,38.96,115,Normal,Active and Happy,Continue regular monitoring
Daisy,Sphynx,Cat,7,5.5,38.71,150,Normal,Active and Happy,Continue regular monitoring
Zoe,Persian,Cat,1,4.2,38.36,131,Normal,Active and Happy,Continue regular monitoring
Oscar,Chihuahua,Dog,8,5.8,38.8,120,Normal,Active and Happy,Continue regular monitoring
Tiger,Beagle,Dog,15,6.3,40.23,163,Alert,Lethargic or Restless,"Monitor closely, consult vet if persists"
Max,Bengal,Cat,1,14.0,37.92,190,Alert,Lethargic or Restless,"Monitor closely, consult vet if persists"
Tiger,Labrador Retriever,Dog,6,20.0,38.56,100,Normal,Active and Happy,Continue regular monitoring
Daisy,Labrador Retriever,Dog,1,21.8,38.62,98,Normal,Active and Happy,Continue regular monitoring
Milo,Persian,Cat,3,4.3,40.16,148,Alert,Lethargic or Restless,"Monitor closely, consult vet if persists"
Leo,Labrador Retriever,Dog,7,26.6,38.68,91,Normal,Active and Happy,Continue regular monitoring
Bella,Poodle,Dog,3,18.3,38.06,175,Alert,Lethargic or Restless,"Monitor closely, consult vet if persists"
Cooper,German Shepherd,Dog,6,42.1,38.54,74,Normal,Active and Happy,Continue regular monitoring
Molly,Domestic Shorthair,Cat,9,3.2,38.63,130,Normal,Active and Happy,Continue regular monitoring
Coco,Siamese,Cat,4,4.5,38.8,124,Normal,Active and Happy,Continue regular monitoring
Charlie,German Shepherd,Dog,6,26.0,37.24,170,Critical,Very Lethargic or Distressed,Immediate veterinary attention needed
Charlie,Siamese,Cat,1,5.6,38.72,135,Normal,Active and Happy,Continue regular monitoring
Jack,Siamese,Cat,9,7.0,38.61,129,Normal,Active and Happy,Continue regular monitoring
Rocky,Domestic Shorthair,Cat,9,3.6,37.7,183,Critical,Very Lethargic or Distressed,Immediate veterinary attention needed
Cooper,Siamese,Cat,8,6.7,39.07,165,Alert,Lethargic or Restless,"Monitor closely, consult vet if persists"
Max,German Shepherd,Dog,5,29.5,38.8,78,Normal,Active and Happy,Continue regular monitoring
Leo,Maine Coon,Cat,15,25.7,38.18,131,Normal,Calm and Relaxed,Continue regular monitoring
Leo,Poodle,Dog,7,13.3,38.72,106,Normal,Active and Happy,Continue regular monitoring
Lucy,Bulldog,Dog,7,13.0,38.96,93,Normal,Active and Happy,Continue regular monitoring
Max,Domestic Shorthair,Cat,14,9.8,38.46,118,Normal,Calm and Relaxed,Continue regular monitoring
Leo,Chihuahua,Dog,7,4.2,39.5,190,Alert,Lethargic or Restless,"Monitor closely, consult vet if persists"
Luna,Labrador Retriever,Dog,6,29.0,38.19,92,Normal,Active and Happy,Continue regular monitoring
Ruby,Siamese,Cat,14,5.9,39.03,126,Normal,Calm and Relaxed,Continue regular monitoring
Toby,Bulldog,Dog,7,15.9,38.56,104,Normal,Active and Happy,Continue regular monitoring
Buddy,Siamese,Cat,5,1.0,38.67,140,Normal,Active and Happy,Continue regular monitoring
Rocky,Bulldog,Dog,8,11.8,38.69,107,Normal,Active and Happy,Continue regular monitoring
Cooper,Sphynx,Cat,2,5.3,39.18,135,Normal,Active and Happy,Continue regular monitoring
Milo,Beagle,Dog,3,6.1,38.78,127,Normal,Active and Happy,Continue regular monitoring
Buddy,Golden Retriever,Dog,9,30.3,38.71,87,Normal,Active and Happy,Continue regular monitoring
Daisy,Bengal,Cat,4,19.9,38.66,128,Normal,Active and Happy,Continue regular monitoring
Coco,Persian,Cat,16,6.9,39.49,159,Critical,Very Lethargic or Distressed,Immediate veterinary attention needed
Daisy,Bulldog,Dog,1,23.6,39.76,139,Alert,Lethargic or Restless,"Monitor closely, consult vet if persists"
Cooper,Siamese,Cat,13,5.2,38.84,145,Normal,Calm and Relaxed,Continue regular monitoring
Daisy,Chihuahua,Dog,8,4.3,37.89,191,Alert,Lethargic or Restless,"Monitor closely, consult vet if persists"
Jack,Siamese,Cat,8,3.9,38.44,138,Normal,Active and Happy,Continue regular monitoring
Daisy,Sphynx,Cat,3,4.3,39.26,139,Normal,Active and Happy,Continue regular monitoring
Oscar,Bengal,Cat,8,7.3,38.66,111,Normal,Active and Happy,Continue regular monitoring
Rocky,Sphynx,Cat,9,4.2,40.18,190,Alert,Lethargic or Restless,"Monitor closely, consult vet if persists"
Oscar,Persian,Cat,1,7.8,38.16,145,Normal,Active and Happy,Continue regular monitoring
Tiger,Labrador Retriever,Dog,2,36.2,38.37,99,Normal,Active and Happy,Continue regular monitoring
Milo,Bulldog,Dog,2,7.3,39.0,86,Normal,Active and Happy,Continue regular monitoring
Max,Maine Coon,Cat,3,41.6,40.49,150,Critical,Very Lethargic or Distressed,Immediate veterinary attention needed
Luna,Chihuahua,Dog,2,6.7,39.69,176,Alert,Lethargic or Restless,"Monitor closely, consult vet if persists"
Molly,Ragdoll,Cat,4,36.8,38.59,138,Normal,Active and Happy,Continue regular monitoring
Luna,Maine Coon,Cat,3,30.6,38.21,103,Normal,Active and Happy,Continue regular monitoring
Simba,Labrador Retriever,Dog,7,26.9,38.58,83,Normal,Active and Happy,Continue regular monitoring
Simba,Bulldog,Dog,15,11.6,38.63,95,Normal,Calm and Relaxed,Continue regular monitoring
Coco,Ragdoll,Cat,8,39.2,38.48,124,Normal,Active and Happy,Continue regular monitoring
Buddy,Sphynx,Cat,12,6.7,39.54,137,Normal,Active and Happy,Continue regular monitoring
Daisy,Maine Coon,Cat,7,30.6,38.18,110,Normal,Active and Happy,Continue regular monitoring
Toby,Siamese,Cat,9,1.1,38.31,100,Normal,Active and Happy,Continue regular monitoring
Leo,Poodle,Dog,5,16.7,40.88,160,Critical,Very Lethargic or Distressed,Immediate veterinary attention needed
Milo,Domestic Shorthair,Cat,15,7.1,38.98,135,Normal,Calm and Relaxed,Continue regular monitoring
Lucy,Maine Coon,Cat,5,36.4,38.38,115,Normal,Active and Happy,Continue regular monitoring
Leo,Chihuahua,Dog,1,1.0,38.75,126,Normal,Active and Happy,Continue regular monitoring
Zoe,Beagle,Dog,9,7.2,38.86,120,Normal,Active and Happy,Continue regular monitoring
Luna,Poodle,Dog,12,26.0,38.99,114,Normal,Active and Happy,Continue regular monitoring
Coco,Chihuahua,Dog,12,7.4,39.04,135,Normal,Active and Happy,Continue regular monitoring
Jack,Maine Coon,Cat,16,41.2,38.94,114,Normal,Calm and Relaxed,Continue regular monitoring
Leo,Beagle,Dog,11,5.0,39.02,111,Normal,Active and Happy,Continue regular monitoring
Toby,Bengal,Cat,8,12.3,38.85,118,Normal,Active and Happy,Continue regular monitoring
Leo,Bulldog,Dog,4,16.0,38.22,192,Alert,Lethargic or Restless,"Monitor closely, consult vet if persists"
Max,Poodle,Dog,7,4.9,38.39,92,Normal,Active and Happy,Continue regular monitoring
Lucy,Siamese,Cat,14,7.3,38.63,125,Normal,Calm and Relaxed,Continue regular monitoring
Zoe,Domestic Shorthair,Cat,5,3.0,38.8,119,Normal,Active and Happy,Continue regular monitoring
Molly,Maine Coon,Cat,1,41.0,38.43,109,Normal,Active and Happy,Continue regular monitoring
Lucy,German Shepherd,Dog,6,29.4,39.15,125,Alert,Lethargic or Restless,"Monitor closely, consult vet if persists"
Max,Siamese,Cat,8,6.7,40.49,161,Critical,Very Lethargic or Distressed,Immediate veterinary attention needed
Tiger,Sphynx,Cat,12,2.5,39.15,138,Normal,Active and Happy,Continue regular monitoring
Simba,Chihuahua,Dog,6,1.5,39.85,200,Alert,Lethargic or Restless,"Monitor closely, consult vet if persists"
Jack,Labrador Retriever,Dog,3,21.7,38.5,102,Normal,Active and Happy,Continue regular monitoring
Lucy,Bengal,Cat,10,9.8,38.73,136,Normal,Active and Happy,Continue regular monitoring
Buddy,Beagle,Dog,5,8.6,40.27,157,Alert,Lethargic or Restless,"Monitor closely, consult vet if persists"
Luna,Bengal,Cat,5,7.7,39.5,144,Alert,Lethargic or Restless,"Monitor closely, consult vet if persists"
Bella,Labrador Retriever,Dog,14,23.8,40.12,122,Alert,Lethargic or Restless,"Monitor closely, consult vet if persists"
Simba,Labrador Retriever,Dog,1,16.1,38.59,115,Normal,Active and Happy,Continue regular monitoring
Daisy,Chihuahua,Dog,2,7.6,40.05,162,Alert,Lethargic or Restless,"Monitor closely, consult vet if persists"
Rocky,Labrador Retriever,Dog,11,37.1,38.26,76,Normal,Active and Happy,Continue regular monitoring
Zoe,Domestic Shorthair,Cat,12,5.0,38.68,150,Normal,Active and Happy,Continue regular monitoring
Toby,Labrador Retriever,Dog,15,27.0,38.37,87,Normal,Calm and Relaxed,Continue regular monitoring
Toby,Beagle,Dog,9,5.8,38.78,109,Normal,Active and Happy,Continue regular monitoring
Jack,Poodle,Dog,17,20.2,38.34,102,Normal,Calm and Relaxed,Continue regular monitoring
Charlie,Maine Coon,Cat,9,44.2,38.07,121,Normal,Active and Happy,Continue regular monitoring
Lucy,German Shepherd,Dog,2,43.3,38.93,80,Normal,Active and Happy,Continue regular monitoring
Milo,Siamese,Cat,7,5.4,40.0,171,Alert,Lethargic or Restless,"Monitor closely, consult vet if persists"
Coco,Bulldog,Dog,17,16.1,40.29,150,Alert,Lethargic or Restless,"Monitor closely, consult vet if persists"
Simba,Beagle,Dog,12,2.6,37.53,170,Critical,Very Lethargic or Distressed,Immediate veterinary attention needed
Molly,Siamese,Cat,1,6.3,39.77,160,Alert,Lethargic or Restless,"Monitor closely, consult vet if persists"
Tiger,Domestic Shorthair,Cat,16,3.7,38.92,128,Normal,Calm and Relaxed,Continue regular monitoring
Bella,Sphynx,Cat,15,3.7,39.25,135,Normal,Calm and Relaxed,Continue regular monitoring
Coco,Siamese,Cat,16,4.6,37.86,138,Alert,Lethargic or Restless,"Monitor closely, consult vet if persists"
Luna,Sphynx,Cat,8,3.9,39.55,155,Normal,Active and Happy,Continue regular monitoring
Coco,Poodle,Dog,13,19.5,38.48,98,Normal,Calm and Relaxed,Continue regular monitoring
Coco,Labrador Retriever,Dog,9,23.3,38.53,90,Normal,Active and Happy,Continue regular monitoring
Cooper,Maine Coon,Cat,6,29.5,40.7,178,Critical,Very Lethargic or Distressed,Immediate veterinary attention needed
Oscar,Bulldog,Dog,9,11.7,39.79,159,Alert,Lethargic or Restless,"Monitor closely, consult vet if persists"
Daisy,Sphynx,Cat,3,6.1,39.49,147,Normal,Active and Happy,Continue regular monitoring
Toby,Domestic Shorthair,Cat,11,3.8,38.47,126,Normal,Active and Happy,Continue regular monitoring
Molly,Maine Coon,Cat,4,18.3,38.37,133,Normal,Active and Happy,Continue regular monitoring
Tiger,Siamese,Cat,6,5.4,37.27,175,Critical,Very Lethargic or Distressed,Immediate veterinary attention needed
Milo,Domestic Shorthair,Cat,5,7.8,38.74,129,Normal,Active and Happy,Continue regular monitoring
Bella,Ragdoll,Cat,6,35.6,38.75,128,Normal,Active and Happy,Continue regular monitoring
Daisy,Bulldog,Dog,16,14.8,38.33,93,Normal,Calm and Relaxed,Continue regular monitoring
Tiger,Domestic Shorthair,Cat,2,5.6,38.52,130,Normal,Active and Happy,Continue regular monitoring
Charlie,Persian,Cat,15,2.5,39.55,162,Alert,Lethargic or Restless,"Monitor closely, consult vet if persists"
Milo,Maine Coon,Cat,8,15.8,39.41,150,Alert,Lethargic or Restless,"Monitor closely, consult vet if persists"
Oscar,Bulldog,Dog,3,8.1,39.88,170,Alert,Lethargic or Restless,"Monitor closely, consult vet if persists"
Buddy,Domestic Shorthair,Cat,3,2.8,38.72,137,Normal,Active and Happy,Continue regular monitoring
Rocky,Persian,Cat,1,5.7,38.02,122,Normal,Active and Happy,Continue regular monitoring
Daisy,Labrador Retriever,Dog,13,43.3,38.53,83,Normal,Calm and Relaxed,Continue regular monitoring
Bella,Bengal,Cat,4,13.5,38.72,123,Normal,Active and Happy,Continue regular monitoring
Toby,Poodle,Dog,7,15.0,38.64,95,Normal,Active and Happy,Continue regular monitoring
Coco,Golden Retriever,Dog,6,19.9,38.12,80,Normal,Active and Happy,Continue regular monitoring
Zoe,Sphynx,Cat,15,1.7,38.46,179,Alert,Lethargic or Restless,"Monitor closely, consult vet if persists"
Lucy,Labrador Retriever,Dog,16,36.8,41.33,142,Critical,Very Lethargic or Distressed,Immediate veterinary attention needed
Lucy,Bulldog,Dog,1,21.1,38.8,112,Normal,Active and Happy,Continue regular monitoring
Max,Maine Coon,Cat,7,30.8,38.53,117,Normal,Active and Happy,Continue regular monitoring
Bella,Sphynx,Cat,4,5.3,38.73,139,Normal,Active and Happy,Continue regular monitoring
Rocky,Bulldog,Dog,3,16.0,38.64,103,Normal,Active and Happy,Continue regular monitoring
Daisy,Poodle,Dog,6,9.5,39.07,109,Normal,Active and Happy,Continue regular monitoring
Oscar,Beagle,Dog,17,5.3,39.14,106,Normal,Calm and Relaxed,Continue regular monitoring
Max,Golden Retriever,Dog,5,22.4,38.63,87,Normal,Active and Happy,Continue regular monitoring
Simba,Labrador Retriever,Dog,14,30.1,38.45,62,Normal,Calm and Relaxed,Continue regular monitoring
Zoe,Golden Retriever,Dog,15,23.0,38.78,81,Normal,Calm and Relaxed,Continue regular monitoring
Buddy,Maine Coon,Cat,15,20.9,38.27,128,Normal,Calm and Relaxed,Continue regular monitoring
Jack,Chihuahua,Dog,3,3.3,40.09,180,Alert,Lethargic or Restless,"Monitor closely, consult vet if persists"
Milo,Ragdoll,Cat,3,45.9,38.75,127,Normal,Active and Happy,Continue regular monitoring
Bella,Sphynx,Cat,4,4.1,38.11,165,Alert,Lethargic or Restless,"Monitor closely, consult vet if persists"
Simba,Persian,Cat,9,3.9,39.2,165,Alert,Lethargic or Restless,"Monitor closely, consult vet if persists"
Lucy,Siamese,Cat,1,2.8,38.66,136,Normal,Active and Happy,Continue regular monitoring
Leo,Labrador Retriever,Dog,3,29.6,38.5,83,Normal,Active and Happy,Continue regular monitoring
Zoe,Poodle,Dog,4,25.7,38.58,102,Normal,Active and Happy,Continue regular monitoring
Toby,Bengal,Cat,7,11.0,38.83,124,Normal,Active and Happy,Continue regular monitoring
Daisy,Poodle,Dog,2,7.7,38.68,106,Normal,Active and Happy,Continue regular monitoring
Oscar,Persian,Cat,2,2.0,39.56,166,Alert,Lethargic or Restless,"Monitor closely, consult vet if persists"
Daisy,Bulldog,Dog,12,9.5,38.72,108,Normal,Active and Happy,Continue regular monitoring
Max,Poodle,Dog,4,15.0,40.37,157,Alert,Lethargic or Restless,"Monitor closely, consult vet if persists"
Buddy,Ragdoll,Cat,12,35.4,38.55,122,Normal,Active and Happy,Continue regular monitoring
Toby,German Shepherd,Dog,6,24.4,38.62,98,Normal,Active and Happy,Continue regular monitoring
Jack,Chihuahua,Dog,4,2.2,38.88,142,Normal,Active and Happy,Continue regular monitoring
Ruby,Maine Coon,Cat,5,19.4,38.57,119,Normal,Active and Happy,Continue regular monitoring
Jack,German Shepherd,Dog,11,47.5,40.15,144,Alert,Lethargic or Restless,"Monitor closely, consult vet if persists"
Daisy,Siamese,Cat,8,1.0,38.14,134,Normal,Active and Happy,Continue regular monitoring
Tiger,Bulldog,Dog,5,14.9,38.82,91,Normal,Active and Happy,Continue regular monitoring
Oscar,German Shepherd,Dog,8,19.4,37.46,144,Alert,Lethargic or Restless,"Monitor closely, consult vet if persists"
Leo,Golden Retriever,Dog,1,32.5,38.52,93,Normal,Active and Happy,Continue regular monitoring
Jack,Maine Coon,Cat,2,38.9,37.0,202,Critical,Very Lethargic or Distressed,Immediate veterinary attention needed
Buddy,Chihuahua,Dog,11,3.8,38.83,123,Normal,Active and Happy,Continue regular monitoring
Molly,Golden Retriever,Dog,11,26.5,37.57,115,Alert,Lethargic or Restless,"Monitor closely, consult vet if persists"
Rocky,Beagle,Dog,12,4.7,37.55,181,Critical,Very Lethargic or Distressed,Immediate veterinary attention needed
Charlie,Poodle,Dog,14,6.6,38.55,100,Normal,Calm and Relaxed,Continue regular monitoring
Lucy,Bulldog,Dog,3,8.5,39.03,102,Normal,Active and Happy,Continue regular monitoring
Lucy,Domestic Shorthair,Cat,9,2.3,38.98,142,Normal,Active and Happy,Continue regular monitoring
Max,Bulldog,Dog,3,11.7,39.96,165,Alert,Lethargic or Restless,"Monitor closely, consult vet if persists"
Zoe,Maine Coon,Cat,15,31.6,38.38,117,Normal,Calm and Relaxed,Continue regular monitoring
Coco,Ragdoll,Cat,1,36.3,38.29,119,Normal,Active and Happy,Continue regular monitoring
Toby,Golden Retriever,Dog,2,18.5,38.46,98,Normal,Active and Happy,Continue regular monitoring
Toby,Siamese,Cat,5,3.9,39.19,157,Alert,Lethargic or Restless,"Monitor closely, consult vet if persists"
Ruby,Labrador Retriever,Dog,10,16.9,38.54,79,Normal,Active and Happy,Continue regular monitoring
Ruby,Domestic Shorthair,Cat,7,11.3,39.71,168,Alert,Lethargic or Restless,"Monitor closely, consult vet if persists"
Bella,Bengal,Cat,9,22.9,37.04,217,Critical,Very Lethargic or Distressed,Immediate veterinary attention needed
Tiger,Maine Coon,Cat,15,23.4,38.18,112,Normal,Calm and Relaxed,Continue regular monitoring
Zoe,Golden Retriever,Dog,9,38.0,38.46,74,Normal,Active and Happy,Continue regular monitoring
Cooper,Chihuahua,Dog,7,6.8,38.99,124,Normal,Active and Happy,Continue regular monitoring
Bella,Labrador Retriever,Dog,4,31.0,39.97,162,Critical,Very Lethargic or Distressed,Immediate veterinary attention needed
Buddy,Persian,Cat,6,3.9,38.31,119,Normal,Active and Happy,Continue regular monitoring
Leo,Beagle,Dog,7,5.3,38.56,121,Normal,Active and Happy,Continue regular monitoring
Rocky,German Shepherd,Dog,1,29.4,38.26,91,Normal,Active and Happy,Continue regular monitoring
Bella,Sphynx,Cat,4,5.6,39.18,142,Normal,Active and Happy,Continue regular monitoring
Max,German Shepherd,Dog,9,35.8,38.37,81,Normal,Active and Happy,Continue regular monitoring
Molly,Chihuahua,Dog,9,5.4,38.81,112,Normal,Active and Happy,Continue regular monitoring
Leo,Bulldog,Dog,6,25.9,38.61,91,Normal,Active and Happy,Continue regular monitoring
Zoe,Poodle,Dog,8,20.8,38.83,102,Normal,Active and Happy,Continue regular monitoring
Lucy,Domestic Shorthair,Cat,6,5.0,38.59,129,Normal,Active and Happy,Continue regular monitoring
Rocky,Persian,Cat,6,4.8,39.56,165,Alert,Lethargic or Restless,"Monitor closely, consult vet if persists"
Max,Poodle,Dog,10,16.8,38.74,112,Normal,Active and Happy,Continue regular monitoring
Buddy,Persian,Cat,1,3.1,37.46,163,Alert,Lethargic or Restless,"Monitor closely, consult vet if persists"
Cooper,Bulldog,Dog,9,17.8,40.53,167,Alert,Lethargic or Restless,"Monitor closely, consult vet if persists"
Tiger,Maine Coon,Cat,11,24.6,38.21,103,Normal,Active and Happy,Continue regular monitoring
Buddy,Beagle,Dog,17,6.2,40.05,140,Alert,Lethargic or Restless,"Monitor closely, consult vet if persists"
Daisy,Beagle,Dog,3,6.7,38.9,126,Normal,Active and Happy,Continue regular monitoring
Luna,Golden Retriever,Dog,16,20.5,40.77,141,Critical,Very Lethargic or Distressed,Immediate veterinary attention needed
Cooper,Maine Coon,Cat,5,36.5,38.33,125,Normal,Active and Happy,Continue regular monitoring
Ruby,Siamese,Cat,12,6.3,37.79,165,Alert,Lethargic or Restless,"Monitor closely, consult vet if persists"
Luna,Poodle,Dog,17,15.4,38.73,92,Normal,Calm and Relaxed,Continue regular monitoring
Tiger,Beagle,Dog,11,4.5,38.75,106,Normal,Active and Happy,Continue regular monitoring
Coco,Persian,Cat,7,8.0,37.98,140,Normal,Active and Happy,Continue regular monitoring
Daisy,Poodle,Dog,9,19.5,37.85,154,Alert,Lethargic or Restless,"Monitor closely, consult vet if persists"
Luna,Chihuahua,Dog,8,4.3,39.21,123,Normal,Active and Happy,Continue regular monitoring
Toby,Labrador Retriever,Dog,8,39.4,39.59,152,Alert,Lethargic or Restless,"Monitor closely, consult vet if persists"
Charlie,Labrador Retriever,Dog,4,37.7,38.25,85,Normal,Active and Happy,Continue regular monitoring
Rocky,Bulldog,Dog,5,6.5,39.02,114,Normal,Active and Happy,Continue regular monitoring
Cooper,Persian,Cat,9,8.7,38.38,107,Normal,Active and Happy,Continue regular monitoring
Ruby,German Shepherd,Dog,7,29.4,38.68,104,Normal,Active and Happy,Continue regular monitoring
Bella,Bengal,Cat,8,25.3,38.6,136,Normal,Active and Happy,Continue regular monitoring
Max,Domestic Shorthair,Cat,9,6.2,38.64,136,Normal,Active and Happy,Continue regular monitoring
Oscar,Domestic Shorthair,Cat,6,8.2,38.58,124,Normal,Active and Happy,Continue regular monitoring
Molly,Labrador Retriever,Dog,2,29.7,38.63,76,Normal,Active and Happy,Continue regular monitoring
Lucy,Maine Coon,Cat,6,24.9,38.44,118,Normal,Active and Happy,Continue regular monitoring
Molly,German Shepherd,Dog,7,27.6,38.47,106,Normal,Active and Happy,Continue regular monitoring
Oscar,Sphynx,Cat,7,4.6,40.57,179,Alert,Lethargic or Restless,"Monitor closely, consult vet if persists"
Luna,Labrador Retriever,Dog,2,33.0,38.5,92,Normal,Active and Happy,Continue regular monitoring
Daisy,Siamese,Cat,4,3.8,38.61,134,Normal,Active and Happy,Continue regular monitoring
Max,Domestic Shorthair,Cat,8,6.9,39.44,157,Alert,Lethargic or Restless,"Monitor closely, consult vet if persists"
Charlie,Bengal,Cat,1,16.8,38.49,128,Normal,Active and Happy,Continue regular monitoring
Coco,Persian,Cat,2,5.3,38.42,140,Normal,Active and Happy,Continue regular monitoring
Milo,Siamese,Cat,8,6.9,37.82,156,Alert,Lethargic or Restless,"Monitor closely, consult vet if persists"
Ruby,Labrador Retriever,Dog,2,26.2,38.39,87,Normal,Active and Happy,Continue regular monitoring
Max,Maine Coon,Cat,7,16.2,38.59,128,Normal,Active and Happy,Continue regular monitoring
Coco,Poodle,Dog,7,17.5,38.6,106,Normal,Active and Happy,Continue regular monitoring
Oscar,Bengal,Cat,3,16.3,38.87,128,Normal,Active and Happy,Continue regular monitoring
Cooper,Golden Retriever,Dog,16,31.1,40.68,138,Critical,Very Lethargic or Distressed,Immediate veterinary attention needed
Tiger,German Shepherd,Dog,13,21.4,38.28,101,Normal,Calm and Relaxed,Continue regular monitoring
Jack,Labrador Retriever,Dog,1,31.3,38.78,91,Normal,Active and Happy,Continue regular monitoring
Luna,Maine Coon,Cat,10,38.9,38.2,118,Normal,Active and Happy,Continue regular monitoring
Leo,Persian,Cat,8,8.1,38.31,137,Normal,Active and Happy,Continue regular monitoring
Rocky,Labrador Retriever,Dog,12,18.5,38.63,96,Normal,Active and Happy,Continue regular monitoring
Max,Beagle,Dog,6,6.1,37.6,152,Alert,Lethargic or Restless,"Monitor closely, consult vet if persists"
Molly,Chihuahua,Dog,16,6.2,40.43,184,Alert,Lethargic or Restless,"Monitor closely, consult vet if persists"
Cooper,Golden Retriever,Dog,11,18.0,38.71,78,Normal,Active and Happy,Continue regular monitoring
Bella,Bulldog,Dog,6,14.5,38.73,102,Normal,Active and Happy,Continue regular monitoring
Charlie,Beagle,Dog,2,10.6,38.68,117,Normal,Active and Happy,Continue regular monitoring
Zoe,Bengal,Cat,2,11.1,38.6,135,Normal,Active and Happy,Continue regular monitoring
Tiger,Poodle,Dog,6,10.2,38.79,92,Normal,Active and Happy,Continue regular monitoring
Zoe,Labrador Retriever,Dog,1,30.9,38.46,95,Normal,Active and Happy,Continue regular monitoring
Tiger,Maine Coon,Cat,14,27.7,38.59,107,Normal,Calm and Relaxed,Continue regular monitoring
Coco,German Shepherd,Dog,2,42.7,37.63,138,Alert,Lethargic or Restless,"Monitor closely, consult vet if persists"
Leo,Domestic Shorthair,Cat,2,2.4,38.73,136,Normal,Active and Happy,Continue regular monitoring
Cooper,Ragdoll,Cat,5,26.4,37.0,189,Critical,Very Lethargic or Distressed,Immediate veterinary attention needed
Cooper,Sphynx,Cat,9,6.9,38.66,138,Normal,Active and Happy,Continue regular monitoring
Ruby,Sphynx,Cat,15,2.5,37.58,166,Critical,Very Lethargic or Distressed,Immediate veterinary attention needed
Charlie,Bulldog,Dog,4,19.2,38.78,83,Normal,Active and Happy,Continue regular monitoring
Milo,German Shepherd,Dog,11,33.4,38.47,108,Normal,Active and Happy,Continue regular monitoring
Milo,Bengal,Cat,8,21.6,38.72,145,Normal,Active and Happy,Continue regular monitoring
Milo,Bulldog,Dog,8,8.8,38.83,88,Normal,Active and Happy,Continue regular monitoring
Max,Ragdoll,Cat,6,39.1,38.56,102,Normal,Active and Happy,Continue regular monitoring
Oscar,Ragdoll,Cat,16,32.3,38.33,109,Normal,Calm and Relaxed,Continue regular monitoring
Rocky,Poodle,Dog,9,19.1,38.65,96,Normal,Active and Happy,Continue regular monitoring
Charlie,Persian,Cat,3,4.0,39.57,176,Alert,Lethargic or Restless,"Monitor closely, consult vet if persists"
Toby,Siamese,Cat,8,4.4,40.24,192,Critical,Very Lethargic or Distressed,Immediate veterinary attention needed
Max,Bulldog,Dog,6,25.7,40.27,149,Alert,Lethargic or Restless,"Monitor closely, consult vet if persists"
Lucy,Maine Coon,Cat,2,20.0,40.29,206,Critical,Very Lethargic or Distressed,Immediate veterinary attention needed
Oscar,Poodle,Dog,13,20.6,38.77,118,Normal,Calm and Relaxed,Continue regular monitoring
Simba,Persian,Cat,3,5.8,40.17,182,Critical,Very Lethargic or Distressed,Immediate veterinary attention needed
Leo,Beagle,Dog,7,7.1,40.15,122,Alert,Lethargic or Restless,"Monitor closely, consult vet if persists"
Toby,Siamese,Cat,14,5.0,38.76,113,Normal,Calm and Relaxed,Continue regular monitoring
Luna,Golden Retriever,Dog,11,27.7,38.65,89,Normal,Active and Happy,Continue regular monitoring
Rocky,Bulldog,Dog,4,13.2,38.86,111,Normal,Active and Happy,Continue regular monitoring
Leo,Sphynx,Cat,2,5.5,39.23,133,Normal,Active and Happy,Continue regular monitoring
Simba,Labrador Retriever,Dog,14,47.0,38.45,75,Normal,Calm and Relaxed,Continue regular monitoring
Milo,Poodle,Dog,11,19.1,38.67,106,Normal,Active and Happy,Continue regular monitoring
Tiger,Beagle,Dog,16,2.1,38.76,116,Normal,Calm and Relaxed,Continue regular monitoring
Tiger,Bulldog,Dog,14,8.3,38.57,70,Normal,Calm and Relaxed,Continue regular monitoring
Simba,Domestic Shorthair,Cat,3,6.2,38.46,133,Normal,Active and Happy,Continue regular monitoring
Lucy,Beagle,Dog,5,5.7,38.8,109,Normal,Active and Happy,Continue regular monitoring
Lucy,Golden Retriever,Dog,9,32.7,38.51,97,Normal,Active and Happy,Continue regular monitoring
Coco,German Shepherd,Dog,8,21.6,38.81,76,Normal,Active and Happy,Continue regular monitoring
Oscar,Bengal,Cat,7,13.7,37.65,164,Critical,Very Lethargic or Distressed,Immediate veterinary attention needed
Toby,Golden Retriever,Dog,5,24.3,38.51,88,Normal,Active and Happy,Continue regular monitoring
Lucy,Bengal,Cat,5,6.6,38.06,175,Alert,Lethargic or Restless,"Monitor closely, consult vet if persists"
Toby,Bulldog,Dog,5,14.8,39.2,102,Normal,Active and Happy,Continue regular monitoring
Max,Domestic Shorthair,Cat,15,7.9,40.84,174,Critical,Very Lethargic or Distressed,Immediate veterinary attention needed
Rocky,Maine Coon,Cat,8,29.3,38.41,103,Normal,Active and Happy,Continue regular monitoring
Daisy,Chihuahua,Dog,7,3.8,37.99,182,Alert,Lethargic or Restless,"Monitor closely, consult vet if persists"
Luna,Persian,Cat,7,5.7,38.17,125,Normal,Active and Happy,Continue regular monitoring
Tiger,Poodle,Dog,2,19.9,37.85,165,Alert,Lethargic or Restless,"Monitor closely, consult vet if persists"
Zoe,Persian,Cat,7,4.7,39.53,151,Alert,Lethargic or Restless,"Monitor closely, consult vet if persists"
Max,Bengal,Cat,2,20.8,38.85,127,Normal,Active and Happy,Continue regular monitoring
Molly,Bulldog,Dog,6,20.1,38.94,100,Normal,Active and Happy,Continue regular monitoring
Rocky,Domestic Shorthair,Cat,16,6.8,37.64,150,Alert,Lethargic or Restless,"Monitor closely, consult vet if persists"
Leo,German Shepherd,Dog,1,10.9,38.43,97,Normal,Active and Happy,Continue regular monitoring
Jack,Chihuahua,Dog,17,4.8,38.1,189,Alert,Lethargic or Restless,"Monitor closely, consult vet if persists"
Cooper,Beagle,Dog,4,4.5,40.8,160,Critical,Very Lethargic or Distressed,Immediate veterinary attention needed
Charlie,German Shepherd,Dog,12,38.7,39.92,120,Alert,Lethargic or Restless,"Monitor closely, consult vet if persists"
Rocky,Persian,Cat,6,7.6,37.4,162,Alert,Lethargic or Restless,"Monitor closely, consult vet if persists"
Toby,Ragdoll,Cat,7,32.9,39.77,138,Alert,Lethargic or Restless,"Monitor closely, consult vet if persists"
Bella,Ragdoll,Cat,14,30.8,37.82,126,Alert,Lethargic or Restless,"Monitor closely, consult vet if persists"
Buddy,German Shepherd,Dog,4,27.3,38.33,72,Normal,Active and Happy,Continue regular monitoring
Luna,Domestic Shorthair,Cat,9,6.7,38.61,121,Normal,Active and Happy,Continue regular monitoring
Jack,Bengal,Cat,2,17.1,38.66,124,Normal,Active and Happy,Continue regular monitoring
Zoe,Sphynx,Cat,14,7.6,38.33,163,Alert,Lethargic or Restless,"Monitor closely, consult vet if persists"
Ruby,Maine Coon,Cat,14,40.6,38.19,120,Normal,Calm and Relaxed,Continue regular monitoring
Jack,Bulldog,Dog,9,25.6,40.12,151,Alert,Lethargic or Restless,"Monitor closely, consult vet if persists"
Max,German Shepherd,Dog,11,25.8,38.82,101,Normal,Active and Happy,Continue regular monitoring
Bella,German Shepherd,Dog,6,17.2,38.54,71,Normal,Active and Happy,Continue regular monitoring
Toby,Persian,Cat,6,6.0,38.75,140,Normal,Active and Happy,Continue regular monitoring
Cooper,Ragdoll,Cat,16,23.7,38.7,125,Normal,Calm and Relaxed,Continue regular monitoring
Molly,Sphynx,Cat,12,6.8,39.37,141,Normal,Active and Happy,Continue regular monitoring
Molly,Persian,Cat,15,5.8,38.23,132,Normal,Calm and Relaxed,Continue regular monitoring
Simba,Maine Coon,Cat,6,32.4,37.66,138,Alert,Lethargic or Restless,"Monitor closely, consult vet if persists"
Milo,Ragdoll,Cat,13,32.2,38.42,116,Normal,Calm and Relaxed,Continue regular monitoring
Jack,Persian,Cat,17,4.0,38.42,123,Normal,Calm and Relaxed,Continue regular monitoring
Leo,Golden Retriever,Dog,2,48.4,38.52,72,Normal,Active and Happy,Continue regular monitoring
Simba,Bulldog,Dog,4,6.8,38.95,86,Normal,Active and Happy,Continue regular monitoring
Buddy,Sphynx,Cat,8,6.7,38.54,178,Alert,Lethargic or Restless,"Monitor closely, consult vet if persists"
Molly,Maine Coon,Cat,9,24.4,37.51,163,Alert,Lethargic or Restless,"Monitor closely, consult vet if persists"
Daisy,Sphynx,Cat,7,4.3,38.94,153,Normal,Active and Happy,Continue regular monitoring
Oscar,Domestic Shorthair,Cat,3,5.0,38.28,143,Normal,Active and Happy,Continue regular monitoring
Lucy,Golden Retriever,Dog,3,34.6,38.67,91,Normal,Active and Happy,Continue regular monitoring
Tiger,German Shepherd,Dog,11,29.7,37.32,142,Critical,Very Lethargic or Distressed,Immediate veterinary attention needed
Lucy,Persian,Cat,8,5.7,38.45,131,Normal,Active and Happy,Continue regular monitoring
Molly,Sphynx,Cat,17,5.9,40.18,190,Alert,Lethargic or Restless,"Monitor closely, consult vet if persists"
Molly,Poodle,Dog,1,12.2,38.42,100,Normal,Active and Happy,Continue regular monitoring
Zoe,Beagle,Dog,14,6.9,38.99,100,Normal,Calm and Relaxed,Continue regular monitoring
Buddy,Domestic Shorthair,Cat,6,3.6,38.55,115,Normal,Active and Happy,Continue regular monitoring
Molly,Beagle,Dog,5,5.0,39.13,121,Normal,Active and Happy,Continue regular monitoring
Buddy,Ragdoll,Cat,6,30.8,38.56,120,Normal,Active and Happy,Continue regular monitoring
Buddy,Domestic Shorthair,Cat,5,5.1,38.16,164,Alert,Lethargic or Restless,"Monitor closely, consult vet if persists"
Milo,Beagle,Dog,1,1.2,38.82,110,Normal,Active and Happy,Continue regular monitoring
Simba,German Shepherd,Dog,9,29.3,38.6,110,Normal,Active and Happy,Continue regular monitoring
Lucy,Chihuahua,Dog,5,4.3,37.36,214,Critical,Very Lethargic or Distressed,Immediate veterinary attention needed
Rocky,Chihuahua,Dog,6,6.6,38.62,122,Normal,Active and Happy,Continue regular monitoring
Simba,Persian,Cat,4,4.9,38.72,113,Normal,Active and Happy,Continue regular monitoring
Toby,Sphynx,Cat,17,4.5,38.91,116,Normal,Calm and Relaxed,Continue regular monitoring
Rocky,Labrador Retriever,Dog,1,43.5,38.31,89,Normal,Active and Happy,Continue regular monitoring
Toby,Poodle,Dog,17,10.0,38.65,105,Normal,Calm and Relaxed,Continue regular monitoring
Luna,Sphynx,Cat,2,9.5,39.34,140,Normal,Active and Happy,Continue regular monitoring
Simba,Domestic Shorthair,Cat,3,8.0,37.28,156,Critical,Very Lethargic or Distressed,Immediate veterinary attention needed
Coco,Siamese,Cat,11,5.1,38.75,139,Normal,Active and Happy,Continue regular monitoring
Simba,Bulldog,Dog,6,7.2,38.82,102,Normal,Active and Happy,Continue regular monitoring
Ruby,Persian,Cat,8,2.4,38.52,128,Normal,Active and Happy,Continue regular monitoring
Charlie,Persian,Cat,9,4.5,39.22,187,Alert,Lethargic or Restless,"Monitor closely, consult vet if persists"
Rocky,Ragdoll,Cat,2,38.3,38.6,121,Normal,Active and Happy,Continue regular monitoring
Jack,Persian,Cat,14,5.2,38.24,124,Normal,Calm and Relaxed,Continue regular monitoring
Lucy,Beagle,Dog,13,3.0,39.02,120,Normal,Calm and Relaxed,Continue regular monitoring
Zoe,Beagle,Dog,3,3.5,39.1,103,Normal,Active and Happy,Continue regular monitoring
Milo,Maine Coon,Cat,14,18.5,38.32,122,Normal,Calm and Relaxed,Continue regular monitoring
Simba,Ragdoll,Cat,8,17.8,37.04,153,Critical,Very Lethargic or Distressed,Immediate veterinary attention needed
Ruby,Maine Coon,Cat,3,28.6,38.4,113,Normal,Active and Happy,Continue regular monitoring
Rocky,Poodle,Dog,15,20.1,37.74,154,Alert,Lethargic or Restless,"Monitor closely, consult vet if persists"
Leo,Labrador Retriever,Dog,15,24.4,38.45,87,Normal,Calm and Relaxed,Continue regular monitoring
Molly,Bulldog,Dog,12,23.8,39.9,149,Alert,Lethargic or Restless,"Monitor closely, consult vet if persists"
Tiger,Chihuahua,Dog,4,2.5,40.01,183,Alert,Lethargic or Restless,"Monitor closely, consult vet if persists"
Zoe,Golden Retriever,Dog,3,10.5,38.45,78,Normal,Active and Happy,Continue regular monitoring
Simba,Ragdoll,Cat,2,33.9,38.52,109,Normal,Active and Happy,Continue regular monitoring
Rocky,Bulldog,Dog,15,17.9,37.54,141,Alert,Lethargic or Restless,"Monitor closely, consult vet if persists"
Oscar,Bengal,Cat,7,19.9,38.48,109,Normal,Active and Happy,Continue regular monitoring
Tiger,Chihuahua,Dog,15,4.5,38.73,112,Normal,Calm and Relaxed,Continue regular monitoring
Jack,Bengal,Cat,15,12.6,38.53,135,Normal,Calm and Relaxed,Continue regular monitoring
Buddy,Labrador Retriever,Dog,10,25.2,38.85,97,Normal,Active and Happy,Continue regular monitoring
Charlie,Labrador Retriever,Dog,12,37.1,38.44,81,Normal,Active and Happy,Continue regular monitoring
Milo,Beagle,Dog,7,7.0,37.95,215,Critical,Very Lethargic or Distressed,Immediate veterinary attention needed
Tiger,Bengal,Cat,17,10.1,38.74,119,Normal,Calm and Relaxed,Continue regular monitoring
Luna,Golden Retriever,Dog,1,25.2,38.5,101,Normal,Active and Happy,Continue regular monitoring
Charlie,Golden Retriever,Dog,6,21.8,38.33,97,Normal,Active and Happy,Continue regular monitoring
Toby,Domestic Shorthair,Cat,3,3.0,38.73,156,Normal,Active and Happy,Continue regular monitoring
Cooper,Ragdoll,Cat,4,38.7,38.86,112,Normal,Active and Happy,Continue regular monitoring
Rocky,Chihuahua,Dog,9,3.4,39.01,119,Normal,Active and Happy,Continue regular monitoring
Oscar,Labrador Retriever,Dog,8,38.4,38.71,91,Normal,Active and Happy,Continue regular monitoring
Simba,Persian,Cat,10,1.0,38.26,129,Normal,Active and Happy,Continue regular monitoring
Tiger,Persian,Cat,4,1.5,38.21,122,Normal,Active and Happy,Continue regular monitoring
Zoe,Sphynx,Cat,9,9.7,39.32,157,Normal,Active and Happy,Continue regular monitoring
Bella,Bengal,Cat,15,11.0,38.86,114,Normal,Calm and Relaxed,Continue regular monitoring
Luna,Chihuahua,Dog,11,5.2,38.76,140,Normal,Active and Happy,Continue regular monitoring
Simba,Beagle,Dog,9,1.1,38.76,115,Normal,Active and Happy,Continue regular monitoring
Molly,Persian,Cat,1,3.1,38.23,129,Normal,Active and Happy,Continue regular monitoring
Cooper,Ragdoll,Cat,14,26.0,37.39,160,Critical,Very Lethargic or Distressed,Immediate veterinary attention needed
Charlie,Labrador Retriever,Dog,9,15.6,38.24,91,Normal,Active and Happy,Continue regular monitoring
Buddy,Persian,Cat,17,7.7,39.58,148,Alert,Lethargic or Restless,"Monitor closely, consult vet if persists"
Bella,Persian,Cat,2,5.5,38.51,137,Normal,Active and Happy,Continue regular monitoring
Lucy,Chihuahua,Dog,3,5.6,38.66,149,Normal,Active and Happy,Continue regular monitoring
Leo,Persian,Cat,6,6.8,38.7,140,Normal,Active and Happy,Continue regular monitoring
Tiger,Maine Coon,Cat,4,18.3,38.65,122,Normal,Active and Happy,Continue regular monitoring
Charlie,Domestic Shorthair,Cat,4,3.6,37.83,149,Alert,Lethargic or Restless,"Monitor closely, consult vet if persists"
Simba,Chihuahua,Dog,1,2.7,38.83,130,Normal,Active and Happy,Continue regular monitoring
Daisy,German Shepherd,Dog,15,23.5,38.5,86,Normal,Calm and Relaxed,Continue regular monitoring
Oscar,Bulldog,Dog,5,21.3,40.18,157,Critical,Very Lethargic or Distressed,Immediate veterinary attention needed
Molly,Bulldog,Dog,6,14.3,39.01,81,Normal,Active and Happy,Continue regular monitoring
Buddy,Bulldog,Dog,6,3.4,39.53,148,Alert,Lethargic or Restless,"Monitor closely, consult vet if persists"
Tiger,Bengal,Cat,7,14.6,40.38,156,Alert,Lethargic or Restless,"Monitor closely, consult vet if persists"
Zoe,Bulldog,Dog,8,20.6,38.77,101,Normal,Active and Happy,Continue regular monitoring
Lucy,Sphynx,Cat,4,3.1,40.86,161,Alert,Lethargic or Restless,"Monitor closely, consult vet if persists"
Daisy,Golden Retriever,Dog,17,35.1,37.85,112,Alert,Lethargic or Restless,"Monitor closely, consult vet if persists"
Milo,Bulldog,Dog,8,10.0,39.04,102,Normal,Active and Happy,Continue regular monitoring
Coco,Maine Coon,Cat,5,16.1,38.41,126,Normal,Active and Happy,Continue regular monitoring
Lucy,Bulldog,Dog,12,23.3,40.45,162,Alert,Lethargic or Restless,"Monitor closely, consult vet if persists"
Molly,Sphynx,Cat,12,8.9,40.6,186,Alert,Lethargic or Restless,"Monitor closely, consult vet if persists"
Lucy,Domestic Shorthair,Cat,6,4.3,38.81,124,Normal,Active and Happy,Continue regular monitoring
Jack,Poodle,Dog,1,10.0,36.74,220,Critical,Very Lethargic or Distressed,Immediate veterinary attention needed
Simba,Ragdoll,Cat,4,41.7,38.73,118,Normal,Active and Happy,Continue regular monitoring
Daisy,Poodle,Dog,9,25.1,38.72,92,Normal,Active and Happy,Continue regular monitoring
Jack,Ragdoll,Cat,8,36.3,38.82,120,Normal,Active and Happy,Continue regular monitoring
Jack,Domestic Shorthair,Cat,6,4.3,38.55,104,Normal,Active and Happy,Continue regular monitoring
Lucy,Domestic Shorthair,Cat,8,4.4,39.53,182,Alert,Lethargic or Restless,"Monitor closely, consult vet if persists"
Simba,Maine Coon,Cat,1,38.0,38.77,125,Normal,Active and Happy,Continue regular monitoring
Lucy,Sphynx,Cat,6,7.2,39.05,152,Normal,Active and Happy,Continue regular monitoring
Lucy,German Shepherd,Dog,5,28.4,38.58,79,Normal,Active and Happy,Continue regular monitoring
Bella,Golden Retriever,Dog,15,33.9,38.54,70,Normal,Calm and Relaxed,Continue regular monitoring
Toby,Persian,Cat,13,4.3,38.54,113,Normal,Calm and Relaxed,Continue regular monitoring
Cooper,Ragdoll,Cat,6,33.3,40.46,150,Critical,Very Lethargic or Distressed,Immediate veterinary attention needed
Daisy,Bengal,Cat,14,16.8,38.58,101,Normal,Calm and Relaxed,Continue regular monitoring
Jack,Poodle,Dog,4,18.8,38.56,103,Normal,Active and Happy,Continue regular monitoring
Simba,Ragdoll,Cat,5,33.8,38.54,120,Normal,Active and Happy,Continue regular monitoring
Lucy,Bulldog,Dog,16,7.4,38.93,95,Normal,Calm and Relaxed,Continue regular monitoring
Leo,German Shepherd,Dog,9,38.3,38.49,83,Normal,Active and Happy,Continue regular monitoring
Cooper,Bulldog,Dog,6,13.6,38.46,109,Normal,Active and Happy,Continue regular monitoring
Tiger,Bulldog,Dog,4,17.5,38.61,108,Normal,Active and Happy,Continue regular monitoring
Zoe,Siamese,Cat,5,4.9,38.46,137,Normal,Active and Happy,Continue regular monitoring
Oscar,Persian,Cat,8,6.9,38.41,135,Normal,Active and Happy,Continue regular monitoring
Simba,Beagle,Dog,1,4.1,38.97,107,Normal,Active and Happy,Continue regular monitoring
Coco,Persian,Cat,4,4.0,40.4,181,Critical,Very Lethargic or Distressed,Immediate veterinary attention needed
Lucy,Maine Coon,Cat,9,30.7,38.04,121,Normal,Active and Happy,Continue regular monitoring
Luna,Labrador Retriever,Dog,6,25.3,38.53,93,Normal,Active and Happy,Continue regular monitoring
Luna,Labrador Retriever,Dog,1,30.8,36.62,152,Critical,Very Lethargic or Distressed,Immediate veterinary attention needed
Oscar,Bulldog,Dog,8,13.5,38.4,107,Normal,Active and Happy,Continue regular monitoring
Molly,Sphynx,Cat,15,6.0,41.51,156,Critical,Very Lethargic or Distressed,Immediate veterinary attention needed
Simba,Maine Coon,Cat,7,30.3,38.34,123,Normal,Active and Happy,Continue regular monitoring
Daisy,Sphynx,Cat,3,4.3,39.23,140,Normal,Active and Happy,Continue regular monitoring
Max,Ragdoll,Cat,3,15.4,38.36,125,Normal,Active and Happy,Continue regular monitoring
Rocky,German Shepherd,Dog,2,20.5,38.55,108,Normal,Active and Happy,Continue regular monitoring
Molly,German Shepherd,Dog,4,35.0,38.78,115,Normal,Active and Happy,Continue regular monitoring
Daisy,Labrador Retriever,Dog,5,40.9,38.6,95,Normal,Active and Happy,Continue regular monitoring
Leo,Beagle,Dog,9,3.3,39.18,117,Normal,Active and Happy,Continue regular monitoring
Molly,Maine Coon,Cat,1,22.9,38.34,117,Normal,Active and Happy,Continue regular monitoring
Tiger,Poodle,Dog,1,16.9,38.75,99,Normal,Active and Happy,Continue regular monitoring
Toby,German Shepherd,Dog,1,30.5,38.71,87,Normal,Active and Happy,Continue regular monitoring
Luna,Beagle,Dog,17,4.7,39.06,112,Normal,Calm and Relaxed,Continue regular monitoring
Coco,Golden Retriever,Dog,2,33.7,38.39,101,Normal,Active and Happy,Continue regular monitoring
Bella,Golden Retriever,Dog,10,36.1,38.53,103,Normal,Active and Happy,Continue regular monitoring
Jack,Labrador Retriever,Dog,7,22.5,38.4,82,Normal,Active and Happy,Continue regular monitoring
Luna,Poodle,Dog,7,19.8,37.85,170,Critical,Very Lethargic or Distressed,Immediate veterinary attention needed
Charlie,German Shepherd,Dog,1,24.0,38.75,79,Normal,Active and Happy,Continue regular monitoring
Jack,Ragdoll,Cat,8,20.7,40.04,154,Alert,Lethargic or Restless,"Monitor closely, consult vet if persists"
Ruby,Maine Coon,Cat,2,31.1,37.84,147,Alert,Lethargic or Restless,"Monitor closely, consult vet if persists"
Simba,Beagle,Dog,1,5.1,38.84,129,Normal,Active and Happy,Continue regular monitoring
Cooper,Beagle,Dog,15,5.6,40.07,139,Alert,Lethargic or Restless,"Monitor closely, consult vet if persists"
Tiger,German Shepherd,Dog,6,36.8,38.81,96,Normal,Active and Happy,Continue regular monitoring
Daisy,Beagle,Dog,8,8.6,39.2,116,Normal,Active and Happy,Continue regular monitoring
Jack,Sphynx,Cat,14,5.7,37.82,207,Critical,Very Lethargic or Distressed,Immediate veterinary attention needed
Luna,Maine Coon,Cat,7,27.2,38.22,118,Normal,Active and Happy,Continue regular monitoring
Bella,Domestic Shorthair,Cat,8,5.3,38.62,130,Normal,Active and Happy,Continue regular monitoring
Ruby,Ragdoll,Cat,4,26.4,38.46,114,Normal,Active and Happy,Continue regular monitoring
Leo,Bulldog,Dog,8,10.0,40.51,203,Critical,Very Lethargic or Distressed,Immediate veterinary attention needed
Luna,Sphynx,Cat,1,4.7,40.06,170,Alert,Lethargic or Restless,"Monitor closely, consult vet if persists"
Bella,Labrador Retriever,Dog,4,33.5,38.48,88,Normal,Active and Happy,Continue regular monitoring
Lucy,Siamese,Cat,9,7.3,38.57,137,Normal,Active and Happy,Continue regular monitoring
Bella,Maine Coon,Cat,11,29.3,37.68,149,Alert,Lethargic or Restless,"Monitor closely, consult vet if persists"
Luna,Golden Retriever,Dog,4,24.4,38.68,86,Normal,Active and Happy,Continue regular monitoring
Bella,Poodle,Dog,8,17.9,38.62,96,Normal,Active and Happy,Continue regular monitoring
Jack,Siamese,Cat,12,5.0,38.99,154,Normal,Active and Happy,Continue regular monitoring
Max,Sphynx,Cat,12,3.7,39.21,140,Normal,Active and Happy,Continue regular monitoring
Bella,Siamese,Cat,9,2.3,37.7,175,Alert,Lethargic or Restless,"Monitor closely, consult vet if persists"
Bella,Maine Coon,Cat,4,11.9,39.28,131,Alert,Lethargic or Restless,"Monitor closely, consult vet if persists"
Bella,German Shepherd,Dog,1,34.4,38.33,99,Normal,Active and Happy,Continue regular monitoring
Daisy,Golden Retriever,Dog,7,5.1,38.46,84,Normal,Active and Happy,Continue regular monitoring
Ruby,Labrador Retriever,Dog,11,40.5,38.19,92,Normal,Active and Happy,Continue regular monitoring
Leo,Poodle,Dog,4,11.9,39.72,139,Alert,Lethargic or Restless,"Monitor closely, consult vet if persists"
Cooper,German Shepherd,Dog,16,32.9,37.06,128,Critical,Very Lethargic or Distressed,Immediate veterinary attention needed
Charlie,Persian,Cat,4,3.1,38.55,135,Normal,Active and Happy,Continue regular monitoring
Toby,Chihuahua,Dog,4,5.9,38.88,108,Normal,Active and Happy,Continue regular monitoring
Buddy,Labrador Retriever,Dog,13,36.4,36.99,199,Critical,Very Lethargic or Distressed,Immediate veterinary attention needed
Buddy,Poodle,Dog,2,17.7,38.71,96,Normal,Active and Happy,Continue regular monitoring
Leo,Maine Coon,Cat,1,26.7,37.64,158,Alert,Lethargic or Restless,"Monitor closely, consult vet if persists"
Leo,Maine Coon,Cat,5,39.3,37.2,172,Critical,Very Lethargic or Distressed,Immediate veterinary attention needed
Cooper,Golden Retriever,Dog,7,28.0,38.69,90,Normal,Active and Happy,Continue regular monitoring
Cooper,Labrador Retriever,Dog,7,25.4,37.44,144,Alert,Lethargic or Restless,"Monitor closely, consult vet if persists"
Bella,Siamese,Cat,7,6.0,38.68,134,Normal,Active and Happy,Continue regular monitoring
Molly,Poodle,Dog,16,9.0,38.93,91,Normal,Calm and Relaxed,Continue regular monitoring
Toby,Chihuahua,Dog,17,2.7,38.94,120,Normal,Calm and Relaxed,Continue regular monitoring
Luna,Ragdoll,Cat,8,27.0,38.5,114,Normal,Active and Happy,Continue regular monitoring
Max,Persian,Cat,10,3.8,38.57,121,Normal,Active and Happy,Continue regular monitoring
Zoe,Golden Retriever,Dog,15,22.9,38.59,76,Normal,Calm and Relaxed,Continue regular monitoring
Bella,German Shepherd,Dog,3,26.3,38.64,79,Normal,Active and Happy,Continue regular monitoring
Coco,German Shepherd,Dog,2,38.1,38.83,80,Normal,Active and Happy,Continue regular monitoring
Ruby,Maine Coon,Cat,15,21.3,38.38,102,Normal,Calm and Relaxed,Continue regular monitoring
Milo,Sphynx,Cat,3,5.0,39.7,170,Alert,Lethargic or Restless,"Monitor closely, consult vet if persists"
Luna,Domestic Shorthair,Cat,10,5.0,38.52,104,Normal,Active and Happy,Continue regular monitoring
Luna,Siamese,Cat,1,3.5,38.7,124,Normal,Active and Happy,Continue regular monitoring
Buddy,Chihuahua,Dog,14,3.7,38.53,106,Normal,Calm and Relaxed,Continue regular monitoring
Tiger,Domestic Shorthair,Cat,7,2.0,38.17,134,Normal,Active and Happy,Continue regular monitoring
Max,Siamese,Cat,5,6.4,38.7,132,Normal,Active and Happy,Continue regular monitoring
Leo,Ragdoll,Cat,4,34.7,38.18,116,Normal,Active and Happy,Continue regular monitoring
Zoe,Bulldog,Dog,3,24.4,39.19,92,Normal,Active and Happy,Continue regular monitoring
Daisy,Beagle,Dog,6,1.3,38.8,115,Normal,Active and Happy,Continue regular monitoring
Coco,Golden Retriever,Dog,6,30.2,40.31,137,Critical,Very Lethargic or Distressed,Immediate veterinary attention needed
Milo,Beagle,Dog,2,6.0,38.66,118,Normal,Active and Happy,Continue regular monitoring
Coco,Bulldog,Dog,15,13.7,38.94,96,Normal,Calm and Relaxed,Continue regular monitoring
Bella,Bulldog,Dog,1,8.5,38.5,96,Normal,Active and Happy,Continue regular monitoring
Toby,German Shepherd,Dog,13,26.0,38.53,86,Normal,Calm and Relaxed,Continue regular monitoring
Charlie,Bengal,Cat,8,21.6,40.24,191,Critical,Very Lethargic or Distressed,Immediate veterinary attention needed
Toby,Persian,Cat,5,3.3,38.35,119,Normal,Active and Happy,Continue regular monitoring
Coco,Siamese,Cat,12,6.3,38.64,127,Normal,Active and Happy,Continue regular monitoring
Lucy,Golden Retriever,Dog,3,45.0,38.4,87,Normal,Active and Happy,Continue regular monitoring
Bella,Labrador Retriever,Dog,7,29.8,38.46,85,Normal,Active and Happy,Continue regular monitoring
Tiger,Golden Retriever,Dog,7,41.2,39.6,127,Alert,Lethargic or Restless,"Monitor closely, consult vet if persists"
Coco,Beagle,Dog,3,5.3,39.52,155,Alert,Lethargic or Restless,"Monitor closely, consult vet if persists"
Milo,Sphynx,Cat,11,6.7,38.96,139,Normal,Active and Happy,Continue regular monitoring
Ruby,German Shepherd,Dog,13,21.0,40.55,135,Alert,Lethargic or Restless,"Monitor closely, consult vet if persists"
Zoe,Siamese,Cat,17,1.1,40.5,187,Critical,Very Lethargic or Distressed,Immediate veterinary attention needed
Cooper,German Shepherd,Dog,5,32.5,39.75,140,Alert,Lethargic or Restless,"Monitor closely, consult vet if persists"
Ruby,Siamese,Cat,10,4.2,41.1,193,Critical,Very Lethargic or Distressed,Immediate veterinary attention needed
Charlie,Siamese,Cat,15,5.3,38.78,119,Normal,Calm and Relaxed,Continue regular monitoring
Oscar,Maine Coon,Cat,3,33.4,40.03,161,Alert,Lethargic or Restless,"Monitor closely, consult vet if persists"
Luna,Chihuahua,Dog,1,4.2,38.79,121,Normal,Active and Happy,Continue regular monitoring
Coco,Persian,Cat,1,5.9,38.51,129,Normal,Active and Happy,Continue regular monitoring
Toby,Ragdoll,Cat,5,27.9,38.65,119,Normal,Active and Happy,Continue regular monitoring
Oscar,Chihuahua,Dog,7,3.7,39.88,193,Alert,Lethargic or Restless,"Monitor closely, consult vet if persists"
Ruby,Bengal,Cat,2,13.9,38.83,131,Normal,Active and Happy,Continue regular monitoring
Molly,Domestic Shorthair,Cat,13,3.6,38.49,122,Normal,Calm and Relaxed,Continue regular monitoring
Daisy,Poodle,Dog,1,22.9,38.7,105,Normal,Active and Happy,Continue regular monitoring
Milo,Bulldog,Dog,6,11.5,38.65,114,Normal,Active and Happy,Continue regular monitoring
Milo,Persian,Cat,7,1.9,39.6,130,Alert,Lethargic or Restless,"Monitor closely, consult vet if persists"
Rocky,Chihuahua,Dog,7,4.1,38.74,106,Normal,Active and Happy,Continue regular monitoring
Ruby,German Shepherd,Dog,10,40.4,38.87,105,Normal,Active and Happy,Continue regular monitoring
Charlie,Beagle,Dog,7,4.8,38.54,112,Normal,Active and Happy,Continue regular monitoring
Buddy,Siamese,Cat,4,2.4,39.98,137,Alert,Lethargic or Restless,"Monitor closely, consult vet if persists"
Tiger,Domestic Shorthair,Cat,5,6.6,37.62,178,Critical,Very Lethargic or Distressed,Immediate veterinary attention needed
Leo,Bulldog,Dog,17,9.8,38.76,99,Normal,Calm and Relaxed,Continue regular monitoring
Max,Poodle,Dog,2,14.4,40.63,175,Critical,Very Lethargic or Distressed,Immediate veterinary attention needed
Bella,Chihuahua,Dog,13,6.4,38.61,118,Normal,Calm and Relaxed,Continue regular monitoring
Luna,Sphynx,Cat,2,5.3,40.9,192,Critical,Very Lethargic or Distressed,Immediate veterinary attention needed
Cooper,Poodle,Dog,9,10.2,38.82,94,Normal,Active and Happy,Continue regular monitoring
Jack,Maine Coon,Cat,6,43.5,38.83,120,Normal,Active and Happy,Continue regular monitoring
Toby,Sphynx,Cat,1,10.2,38.83,135,Normal,Active and Happy,Continue regular monitoring
Oscar,Ragdoll,Cat,6,37.6,38.61,133,Normal,Active and Happy,Continue regular monitoring
Ruby,Persian,Cat,10,5.5,38.04,162,Critical,Very Lethargic or Distressed,Immediate veterinary attention needed
Oscar,Siamese,Cat,1,6.8,38.36,128,Normal,Active and Happy,Continue regular monitoring
Ruby,Poodle,Dog,9,7.8,38.73,88,Normal,Active and Happy,Continue regular monitoring
Max,Maine Coon,Cat,8,42.8,38.74,110,Normal,Active and Happy,Continue regular monitoring
Lucy,Ragdoll,Cat,6,28.1,38.24,129,Normal,Active and Happy,Continue regular monitoring
Ruby,Bulldog,Dog,2,15.7,38.88,108,Normal,Active and Happy,Continue regular monitoring
Oscar,German Shepherd,Dog,1,30.7,38.46,87,Normal,Active and Happy,Continue regular monitoring
Bella,Sphynx,Cat,17,4.6,39.29,149,Normal,Calm and Relaxed,Continue regular monitoring
Coco,Ragdoll,Cat,3,20.9,39.58,173,Alert,Lethargic or Restless,"Monitor closely, consult vet if persists"
Buddy,Bulldog,Dog,15,15.4,38.97,86,Normal,Calm and Relaxed,Continue regular monitoring
Leo,Siamese,Cat,1,4.3,37.71,149,Alert,Lethargic or Restless,"Monitor closely, consult vet if persists"
Charlie,Ragdoll,Cat,17,28.6,38.51,98,Normal,Calm and Relaxed,Continue regular monitoring
Jack,Maine Coon,Cat,9,22.0,38.4,119,Normal,Active and Happy,Continue regular monitoring
Toby,Poodle,Dog,1,10.9,38.95,111,Normal,Active and Happy,Continue regular monitoring
Jack,Persian,Cat,3,4.7,38.25,140,Normal,Active and Happy,Continue regular monitoring
Zoe,Maine Coon,Cat,11,31.4,37.09,174,Critical,Very Lethargic or Distressed,Immediate veterinary attention needed
Cooper,German Shepherd,Dog,1,30.0,38.67,87,Normal,Active and Happy,Continue regular monitoring
Max,Bengal,Cat,2,18.4,39.08,134,Normal,Active and Happy,Continue regular monitoring
Coco,Bulldog,Dog,5,21.4,38.99,108,Normal,Active and Happy,Continue regular monitoring
Molly,Siamese,Cat,7,5.4,38.57,125,Normal,Active and Happy,Continue regular monitoring
Luna,Sphynx,Cat,6,2.6,39.22,140,Normal,Active and Happy,Continue regular monitoring
Lucy,Sphynx,Cat,6,8.8,39.26,148,Normal,Active and Happy,Continue regular monitoring
Simba,German Shepherd,Dog,2,29.6,38.57,81,Normal,Active and Happy,Continue regular monitoring
Coco,Poodle,Dog,7,23.0,38.36,115,Normal,Active and Happy,Continue regular monitoring
Bella,Poodle,Dog,11,20.0,37.81,174,Critical,Very Lethargic or Distressed,Immediate veterinary attention needed
Zoe,Siamese,Cat,5,5.4,38.57,132,Normal,Active and Happy,Continue regular monitoring
Max,Chihuahua,Dog,2,3.1,38.95,141,Normal,Active and Happy,Continue regular monitoring
Molly,Chihuahua,Dog,1,5.6,39.87,168,Alert,Lethargic or Restless,"Monitor closely, consult vet if persists"
Luna,Siamese,Cat,17,6.1,38.55,118,Normal,Calm and Relaxed,Continue regular monitoring
Max,Chihuahua,Dog,8,7.8,39.38,131,Normal,Active and Happy,Continue regular monitoring
Lucy,Persian,Cat,14,7.6,38.19,135,Normal,Calm and Relaxed,Continue regular monitoring
Coco,Maine Coon,Cat,6,22.7,40.42,175,Critical,Very Lethargic or Distressed,Immediate veterinary attention needed
Cooper,Bulldog,Dog,2,14.3,38.27,160,Alert,Lethargic or Restless,"Monitor closely, consult vet if persists"
Ruby,Sphynx,Cat,6,3.5,39.51,129,Normal,Active and Happy,Continue regular monitoring
Lucy,Siamese,Cat,3,5.1,38.53,129,Normal,Active and Happy,Continue regular monitoring
Milo,Maine Coon,Cat,3,35.3,38.25,118,Normal,Active and Happy,Continue regular monitoring
Bella,Persian,Cat,3,4.7,38.32,152,Normal,Active and Happy,Continue regular monitoring
Simba,Ragdoll,Cat,4,26.9,37.71,138,Alert,Lethargic or Restless,"Monitor closely, consult vet if persists"
Buddy,German Shepherd,Dog,8,32.1,38.75,88,Normal,Active and Happy,Continue regular monitoring
Coco,Maine Coon,Cat,9,25.1,38.15,115,Normal,Active and Happy,Continue regular monitoring
Buddy,Labrador Retriever,Dog,6,37.2,38.41,101,Normal,Active and Happy,Continue regular monitoring
Charlie,Bulldog,Dog,10,14.3,38.62,106,Normal,Active and Happy,Continue regular monitoring
Cooper,Chihuahua,Dog,3,7.5,39.24,132,Normal,Active and Happy,Continue regular monitoring
Rocky,Chihuahua,Dog,6,3.1,40.28,205,Alert,Lethargic or Restless,"Monitor closely, consult vet if persists"
Molly,Domestic Shorthair,Cat,7,4.5,38.53,140,Normal,Active and Happy,Continue regular monitoring
Luna,Labrador Retriever,Dog,14,30.3,38.73,77,Normal,Calm and Relaxed,Continue regular monitoring
Cooper,Bengal,Cat,7,12.1,40.14,179,Alert,Lethargic or Restless,"Monitor closely, consult vet if persists"
Rocky,Persian,Cat,9,7.1,38.89,127,Normal,Active and Happy,Continue regular monitoring
Luna,Siamese,Cat,16,5.3,38.58,114,Normal,Calm and Relaxed,Continue regular monitoring
Ruby,Bulldog,Dog,10,18.9,38.39,103,Normal,Active and Happy,Continue regular monitoring
Luna,Chihuahua,Dog,1,3.3,38.78,146,Normal,Active and Happy,Continue regular monitoring
Milo,Bengal,Cat,3,10.6,39.65,169,Alert,Lethargic or Restless,"Monitor closely, consult vet if persists"
Zoe,Persian,Cat,6,7.2,38.36,131,Normal,Active and Happy,Continue regular monitoring
Oscar,Ragdoll,Cat,9,41.8,40.24,163,Critical,Very Lethargic or Distressed,Immediate veterinary attention needed
Max,Persian,Cat,2,4.6,37.52,167,Alert,Lethargic or Restless,"Monitor closely, consult vet if persists"
Molly,Ragdoll,Cat,3,37.5,40.31,197,Critical,Very Lethargic or Distressed,Immediate veterinary attention needed
Bella,Bengal,Cat,5,30.9,38.92,132,Normal,Active and Happy,Continue regular monitoring
Toby,Maine Coon,Cat,5,26.5,38.42,111,Normal,Active and Happy,Continue regular monitoring
Max,Ragdoll,Cat,8,18.3,38.69,130,Normal,Active and Happy,Continue regular monitoring
Daisy,Persian,Cat,12,6.2,38.27,148,Normal,Active and Happy,Continue regular monitoring
Jack,Bengal,Cat,12,17.2,39.68,152,Alert,Lethargic or Restless,"Monitor closely, consult vet if persists"
Leo,Beagle,Dog,15,7.1,38.55,108,Normal,Calm and Relaxed,Continue regular monitoring
Zoe,Ragdoll,Cat,13,33.7,37.82,128,Alert,Lethargic or Restless,"Monitor closely, consult vet if persists"
Tiger,Bengal,Cat,3,23.7,38.69,125,Normal,Active and Happy,Continue regular monitoring
Rocky,Bulldog,Dog,7,15.3,38.85,116,Normal,Active and Happy,Continue regular monitoring
Buddy,Bulldog,Dog,7,14.5,39.96,150,Alert,Lethargic or Restless,"Monitor closely, consult vet if persists"
Toby,Ragdoll,Cat,1,39.0,40.01,128,Alert,Lethargic or Restless,"Monitor closely, consult vet if persists"
Leo,Sphynx,Cat,7,5.1,38.98,132,Normal,Active and Happy,Continue regular monitoring
Lucy,Bulldog,Dog,9,17.9,37.89,133,Alert,Lethargic or Restless,"Monitor closely, consult vet if persists"
Molly,Maine Coon,Cat,5,29.3,37.01,193,Critical,Very Lethargic or Distressed,Immediate veterinary attention needed
Charlie,Persian,Cat,4,2.7,38.48,139,Normal,Active and Happy,Continue regular monitoring
Leo,Siamese,Cat,7,3.2,38.87,131,Normal,Active and Happy,Continue regular monitoring
Zoe,Beagle,Dog,16,5.1,40.41,157,Alert,Lethargic or Restless,"Monitor closely, consult vet if persists"
Ruby,Domestic Shorthair,Cat,1,3.4,36.76,201,Critical,Very Lethargic or Distressed,Immediate veterinary attention needed
Lucy,Bulldog,Dog,8,12.8,39.2,109,Normal,Active and Happy,Continue regular monitoring
Milo,Persian,Cat,3,6.6,38.14,122,Normal,Active and Happy,Continue regular monitoring
Cooper,Sphynx,Cat,3,3.3,39.23,128,Normal,Active and Happy,Continue regular monitoring
Max,Maine Coon,Cat,4,32.3,40.06,154,Critical,Very Lethargic or Distressed,Immediate veterinary attention needed
Buddy,Chihuahua,Dog,4,6.7,39.01,112,Normal,Active and Happy,Continue regular monitoring
Lucy,Domestic Shorthair,Cat,3,7.6,37.93,150,Normal,Active and Happy,Continue regular monitoring
Daisy,Bulldog,Dog,8,16.5,38.87,73,Normal,Active and Happy,Continue regular monitoring
Jack,Labrador Retriever,Dog,7,29.3,37.32,156,Critical,Very Lethargic or Distressed,Immediate veterinary attention needed
Daisy,German Shepherd,Dog,4,21.6,38.62,86,Normal,Active and Happy,Continue regular monitoring
Oscar,Poodle,Dog,7,23.0,38.63,112,Normal,Active and Happy,Continue regular monitoring
Daisy,Persian,Cat,9,7.0,38.23,126,Normal,Active and Happy,Continue regular monitoring
Max,Persian,Cat,5,3.8,38.96,118,Normal,Active and Happy,Continue regular monitoring
Bella,Sphynx,Cat,7,6.7,39.07,139,Normal,Active and Happy,Continue regular monitoring
Daisy,German Shepherd,Dog,7,16.0,40.73,135,Critical,Very Lethargic or Distressed,Immediate veterinary attention needed
Molly,Domestic Shorthair,Cat,15,3.9,38.78,128,Normal,Calm and Relaxed,Continue regular monitoring
Lucy,Labrador Retriever,Dog,8,27.6,38.56,91,Normal,Active and Happy,Continue regular monitoring
Rocky,Persian,Cat,9,3.6,38.45,129,Normal,Active and Happy,Continue regular monitoring
Leo,German Shepherd,Dog,3,17.8,40.12,191,Critical,Very Lethargic or Distressed,Immediate veterinary attention needed
Coco,Beagle,Dog,4,2.6,38.42,111,Normal,Active and Happy,Continue regular monitoring
Leo,Golden Retriever,Dog,5,34.0,39.55,132,Alert,Lethargic or Restless,"Monitor closely, consult vet if persists"
Luna,Chihuahua,Dog,4,7.0,39.0,132,Normal,Active and Happy,Continue regular monitoring
Simba,Chihuahua,Dog,11,8.5,40.14,197,Alert,Lethargic or Restless,"Monitor closely, consult vet if persists"
Tiger,Persian,Cat,14,2.5,38.42,132,Normal,Calm and Relaxed,Continue regular monitoring
Buddy,Poodle,Dog,7,13.1,38.65,96,Normal,Active and Happy,Continue regular monitoring
Tiger,Golden Retriever,Dog,1,34.7,38.55,94,Normal,Active and Happy,Continue regular monitoring
Cooper,Bulldog,Dog,8,22.5,38.66,95,Normal,Active and Happy,Continue regular monitoring
Ruby,Poodle,Dog,5,9.2,37.27,160,Critical,Very Lethargic or Distressed,Immediate veterinary attention needed
Lucy,Sphynx,Cat,6,4.3,39.08,141,Normal,Active and Happy,Continue regular monitoring
Toby,German Shepherd,Dog,3,35.4,36.91,131,Critical,Very Lethargic or Distressed,Immediate veterinary attention needed
Toby,Bulldog,Dog,1,15.2,38.79,114,Normal,Active and Happy,Continue regular monitoring
Toby,Chihuahua,Dog,16,3.3,38.84,121,Normal,Calm and Relaxed,Continue regular monitoring
Simba,Poodle,Dog,4,23.0,39.97,158,Alert,Lethargic or Restless,"Monitor closely, consult vet if persists"
Oscar,Sphynx,Cat,15,6.0,39.51,138,Normal,Calm and Relaxed,Continue regular monitoring
Leo,Labrador Retriever,Dog,15,26.0,37.51,143,Alert,Lethargic or Restless,"Monitor closely, consult vet if persists"
Tiger,Beagle,Dog,8,1.1,38.71,119,Normal,Active and Happy,Continue regular monitoring
Cooper,Maine Coon,Cat,5,23.4,38.06,100,Normal,Active and Happy,Continue regular monitoring
Tiger,Chihuahua,Dog,10,7.3,39.5,208,Alert,Lethargic or Restless,"Monitor closely, consult vet if persists"
Cooper,Ragdoll,Cat,9,32.2,38.46,114,Normal,Active and Happy,Continue regular monitoring
Zoe,Sphynx,Cat,14,7.4,38.39,187,Alert,Lethargic or Restless,"Monitor closely, consult vet if persists"
Zoe,Golden Retriever,Dog,1,41.9,38.56,68,Normal,Active and Happy,Continue regular monitoring
Tiger,Labrador Retriever,Dog,12,30.0,40.35,125,Alert,Lethargic or Restless,"Monitor closely, consult vet if persists"
Leo,Maine Coon,Cat,10,27.3,38.5,112,Normal,Active and Happy,Continue regular monitoring
Simba,Poodle,Dog,6,20.8,38.7,104,Normal,Active and Happy,Continue regular monitoring
Rocky,Bulldog,Dog,16,17.1,38.73,95,Normal,Calm and Relaxed,Continue regular monitoring
Max,German Shepherd,Dog,3,39.8,40.0,167,Critical,Very Lethargic or Distressed,Immediate veterinary attention needed
Charlie,Maine Coon,Cat,1,45.2,37.02,147,Critical,Very Lethargic or Distressed,Immediate veterinary attention needed
Rocky,Beagle,Dog,7,6.5,38.92,97,Normal,Active and Happy,Continue regular monitoring
Tiger,Bulldog,Dog,10,13.5,38.6,87,Normal,Active and Happy,Continue regular monitoring
Ruby,Maine Coon,Cat,13,43.9,38.38,105,Normal,Calm and Relaxed,Continue regular monitoring
Max,Bengal,Cat,1,18.9,38.6,143,Normal,Active and Happy,Continue regular monitoring
Ruby,Siamese,Cat,4,4.0,38.64,110,Normal,Active and Happy,Continue regular monitoring
Lucy,Bulldog,Dog,4,14.5,38.39,90,Normal,Active and Happy,Continue regular monitoring
Tiger,Bulldog,Dog,15,15.7,38.67,85,Normal,Calm and Relaxed,Continue regular monitoring
Charlie,Maine Coon,Cat,4,21.5,38.33,124,Normal,Active and Happy,Continue regular monitoring
Lucy,Persian,Cat,7,3.7,38.21,140,Normal,Active and Happy,Continue regular monitoring
Jack,Siamese,Cat,4,3.4,38.88,129,Normal,Active and Happy,Continue regular monitoring
Max,Beagle,Dog,13,6.6,38.67,105,Normal,Calm and Relaxed,Continue regular monitoring
Zoe,Bengal,Cat,7,20.5,38.81,128,Normal,Active and Happy,Continue regular monitoring
Leo,Golden Retriever,Dog,5,32.2,38.42,83,Normal,Active and Happy,Continue regular monitoring
Tiger,Golden Retriever,Dog,15,40.8,38.57,84,Normal,Calm and Relaxed,Continue regular monitoring
Bella,Sphynx,Cat,2,2.7,39.11,114,Normal,Active and Happy,Continue regular monitoring
Toby,Sphynx,Cat,9,5.0,39.32,126,Normal,Active and Happy,Continue regular monitoring
Rocky,German Shepherd,Dog,3,39.6,38.21,71,Normal,Active and Happy,Continue regular monitoring
Molly,Golden Retriever,Dog,15,40.8,38.55,80,Normal,Calm and Relaxed,Continue regular monitoring
Coco,Beagle,Dog,1,7.0,38.75,97,Normal,Active and Happy,Continue regular monitoring
Tiger,Golden Retriever,Dog,5,32.1,37.01,151,Critical,Very Lethargic or Distressed,Immediate veterinary attention needed
Daisy,Domestic Shorthair,Cat,6,3.3,39.21,145,Alert,Lethargic or Restless,"Monitor closely, consult vet if persists"
Max,Bengal,Cat,9,10.3,39.03,141,Normal,Active and Happy,Continue regular monitoring
Lucy,Golden Retriever,Dog,12,34.1,38.46,97,Normal,Active and Happy,Continue regular monitoring
Milo,Persian,Cat,14,3.4,38.46,127,Normal,Calm and Relaxed,Continue regular monitoring
Rocky,Domestic Shorthair,Cat,11,8.2,38.94,140,Normal,Active and Happy,Continue regular monitoring
Toby,Bengal,Cat,2,16.5,38.51,139,Normal,Active and Happy,Continue regular monitoring
Leo,Persian,Cat,5,2.9,37.94,174,Alert,Lethargic or Restless,"Monitor closely, consult vet if persists"
Charlie,Siamese,Cat,15,2.8,39.93,136,Alert,Lethargic or Restless,"Monitor closely, consult vet if persists"
Max,Beagle,Dog,10,8.6,38.7,116,Normal,Active and Happy,Continue regular monitoring
Leo,Persian,Cat,15,8.8,38.37,142,Normal,Calm and Relaxed,Continue regular monitoring
Tiger,Bengal,Cat,4,22.2,38.64,127,Normal,Active and Happy,Continue regular monitoring
Jack,Poodle,Dog,7,12.3,39.8,161,Alert,Lethargic or Restless,"Monitor closely, consult vet if persists"
Charlie,Labrador Retriever,Dog,9,18.6,38.36,98,Normal,Active and Happy,Continue regular monitoring
Max,Golden Retriever,Dog,1,21.4,37.72,123,Alert,Lethargic or Restless,"Monitor closely, consult vet if persists"
Cooper,Poodle,Dog,5,11.7,38.8,107,Normal,Active and Happy,Continue regular monitoring
Leo,Beagle,Dog,7,3.1,38.58,129,Normal,Active and Happy,Continue regular monitoring
Leo,Bengal,Cat,6,12.5,38.8,131,Normal,Active and Happy,Continue regular monitoring
Ruby,Bulldog,Dog,8,18.5,38.95,106,Normal,Active and Happy,Continue regular monitoring
Luna,Bulldog,Dog,13,12.3,37.25,155,Critical,Very Lethargic or Distressed,Immediate veterinary attention needed
Ruby,Persian,Cat,3,7.6,40.23,144,Alert,Lethargic or Restless,"Monitor closely, consult vet if persists"
Oscar,Domestic Shorthair,Cat,8,4.5,38.88,141,Normal,Active and Happy,Continue regular monitoring
Buddy,Maine Coon,Cat,17,33.7,38.29,143,Normal,Calm and Relaxed,Continue regular monitoring
Simba,Bengal,Cat,17,13.3,38.81,134,Normal,Calm and Relaxed,Continue regular monitoring
Lucy,Maine Coon,Cat,10,35.1,38.12,130,Normal,Active and Happy,Continue regular monitoring
Ruby,German Shepherd,Dog,3,20.4,38.48,78,Normal,Active and Happy,Continue regular monitoring
Coco,Bulldog,Dog,4,11.8,38.83,94,Normal,Active and Happy,Continue regular monitoring
Milo,Domestic Shorthair,Cat,2,2.7,38.8,131,Normal,Active and Happy,Continue regular monitoring
Zoe,Sphynx,Cat,10,3.8,39.36,157,Normal,Active and Happy,Continue regular monitoring
Molly,German Shepherd,Dog,13,35.4,38.4,91,Normal,Calm and Relaxed,Continue regular monitoring
Milo,Siamese,Cat,7,3.9,40.27,180,Alert,Lethargic or Restless,"Monitor closely, consult vet if persists"
Charlie,Persian,Cat,3,7.8,38.43,116,Normal,Active and Happy,Continue regular monitoring
Coco,German Shepherd,Dog,10,35.0,40.06,158,Alert,Lethargic or Restless,"Monitor closely, consult vet if persists"
Luna,Bulldog,Dog,2,17.6,38.5,100,Normal,Active and Happy,Continue regular monitoring
Leo,Poodle,Dog,12,12.8,38.63,84,Normal,Active and Happy,Continue regular monitoring
Toby,Bengal,Cat,9,26.1,39.53,150,Alert,Lethargic or Restless,"Monitor closely, consult vet if persists"
Charlie,Maine Coon,Cat,7,33.5,38.42,121,Normal,Active and Happy,Continue regular monitoring
Molly,Sphynx,Cat,2,6.4,40.08,149,Alert,Lethargic or Restless,"Monitor closely, consult vet if persists"
Ruby,Labrador Retriever,Dog,9,31.4,38.8,87,Normal,Active and Happy,Continue regular monitoring
Coco,Beagle,Dog,8,5.3,38.67,130,Normal,Active and Happy,Continue regular monitoring
Zoe,German Shepherd,Dog,6,23.5,38.68,110,Normal,Active and Happy,Continue regular monitoring
Leo,Chihuahua,Dog,8,5.0,38.5,123,Normal,Active and Happy,Continue regular monitoring
Cooper,Siamese,Cat,4,4.8,38.77,148,Normal,Active and Happy,Continue regular monitoring
Ruby,Ragdoll,Cat,11,37.5,38.11,133,Normal,Active and Happy,Continue regular monitoring
Oscar,Ragdoll,Cat,3,19.3,36.99,184,Critical,Very Lethargic or Distressed,Immediate veterinary attention needed
Rocky,Labrador Retriever,Dog,6,23.1,38.53,72,Normal,Active and Happy,Continue regular monitoring
Oscar,Poodle,Dog,7,12.4,40.12,177,Alert,Lethargic or Restless,"Monitor closely, consult vet if persists"
Tiger,Bulldog,Dog,6,20.0,39.0,96,Normal,Active and Happy,Continue regular monitoring
Daisy,Beagle,Dog,10,5.1,39.1,101,Normal,Active and Happy,Continue regular monitoring
Zoe,Labrador Retriever,Dog,11,18.2,38.63,84,Normal,Active and Happy,Continue regular monitoring
Molly,German Shepherd,Dog,1,40.6,37.35,163,Critical,Very Lethargic or Distressed,Immediate veterinary attention needed
Leo,Bulldog,Dog,4,18.2,39.11,94,Normal,Active and Happy,Continue regular monitoring
Buddy,Bulldog,Dog,8,14.9,38.64,108,Normal,Active and Happy,Continue regular monitoring
Molly,Chihuahua,Dog,3,6.8,39.28,126,Normal,Active and Happy,Continue regular monitoring
Buddy,Domestic Shorthair,Cat,17,5.8,38.43,130,Normal,Calm and Relaxed,Continue regular monitoring
Daisy,Ragdoll,Cat,5,37.7,37.84,150,Alert,Lethargic or Restless,"Monitor closely, consult vet if persists"
Cooper,Chihuahua,Dog,9,3.1,41.29,219,Critical,Very Lethargic or Distressed,Immediate veterinary attention needed
Daisy,Beagle,Dog,17,1.5,38.93,107,Normal,Calm and Relaxed,Continue regular monitoring
Ruby,Beagle,Dog,6,1.2,38.75,106,Normal,Active and Happy,Continue regular monitoring
Molly,Siamese,Cat,3,6.5,38.9,131,Normal,Active and Happy,Continue regular monitoring
Ruby,Maine Coon,Cat,8,39.1,38.17,115,Normal,Active and Happy,Continue regular monitoring
Rocky,Bulldog,Dog,7,8.2,38.62,107,Normal,Active and Happy,Continue regular monitoring
Molly,Labrador Retriever,Dog,3,27.1,38.51,106,Normal,Active and Happy,Continue regular monitoring
Lucy,Poodle,Dog,4,14.1,38.67,90,Normal,Active and Happy,Continue regular monitoring
Oscar,Golden Retriever,Dog,14,34.0,38.36,94,Normal,Calm and Relaxed,Continue regular monitoring
Molly,Maine Coon,Cat,12,30.1,40.66,162,Critical,Very Lethargic or Distressed,Immediate veterinary attention needed
Ruby,Domestic Shorthair,Cat,10,5.0,39.07,85,Normal,Active and Happy,Continue regular monitoring
Lucy,Beagle,Dog,1,4.0,38.76,128,Normal,Active and Happy,Continue regular monitoring
Toby,Bulldog,Dog,5,13.4,39.61,145,Alert,Lethargic or Restless,"Monitor closely, consult vet if persists"
Jack,Bengal,Cat,3,13.6,37.75,169,Alert,Lethargic or Restless,"Monitor closely, consult vet if persists"
Charlie,Bulldog,Dog,7,22.0,38.57,106,Normal,Active and Happy,Continue regular monitoring
Simba,Golden Retriever,Dog,17,53.7,40.38,146,Critical,Very Lethargic or Distressed,Immediate veterinary attention needed
Molly,Golden Retriever,Dog,7,20.9,39.68,135,Alert,Lethargic or Restless,"Monitor closely, consult vet if persists"
Max,Siamese,Cat,4,7.0,38.77,138,Normal,Active and Happy,Continue regular monitoring
Jack,Poodle,Dog,11,8.7,38.46,102,Normal,Active and Happy,Continue regular monitoring
Luna,Ragdoll,Cat,1,32.5,38.38,135,Normal,Active and Happy,Continue regular monitoring
Buddy,Golden Retriever,Dog,4,34.3,38.44,80,Normal,Active and Happy,Continue regular monitoring
Molly,Poodle,Dog,5,14.5,38.4,108,Normal,Active and Happy,Continue regular monitoring
Jack,Beagle,Dog,8,5.5,38.44,111,Normal,Active and Happy,Continue regular monitoring
Zoe,Bengal,Cat,7,10.6,38.99,138,Normal,Active and Happy,Continue regular monitoring
Simba,Chihuahua,Dog,1,7.8,39.07,147,Normal,Active and Happy,Continue regular monitoring
Molly,Beagle,Dog,7,3.6,38.88,122,Normal,Active and Happy,Continue regular monitoring
Cooper,Bengal,Cat,7,15.5,40.62,154,Alert,Lethargic or Restless,"Monitor closely, consult vet if persists"
Luna,Maine Coon,Cat,4,25.4,38.23,125,Normal,Active and Happy,Continue regular monitoring
Jack,Siamese,Cat,16,6.9,40.06,153,Alert,Lethargic or Restless,"Monitor closely, consult vet if persists"
Zoe,Siamese,Cat,7,6.2,38.71,128,Normal,Active and Happy,Continue regular monitoring
Simba,Ragdoll,Cat,11,35.8,38.36,104,Normal,Active and Happy,Continue regular monitoring
Charlie,Ragdoll,Cat,9,23.9,38.84,86,Normal,Active and Happy,Continue regular monitoring
Jack,German Shepherd,Dog,12,26.7,38.28,95,Normal,Active and Happy,Continue regular monitoring
Buddy,Persian,Cat,8,5.1,38.51,136,Normal,Active and Happy,Continue regular monitoring
Molly,Poodle,Dog,2,14.4,38.83,87,Normal,Active and Happy,Continue regular monitoring
Charlie,Golden Retriever,Dog,8,33.1,38.39,100,Normal,Active and Happy,Continue regular monitoring
Milo,Bengal,Cat,6,24.6,38.28,135,Normal,Active and Happy,Continue regular monitoring
Simba,Beagle,Dog,12,3.2,37.49,178,Alert,Lethargic or Restless,"Monitor closely, consult vet if persists"
Leo,Chihuahua,Dog,13,2.5,38.89,130,Normal,Calm and Relaxed,Continue regular monitoring
Zoe,Bulldog,Dog,16,19.4,37.7,122,Alert,Lethargic or Restless,"Monitor closely, consult vet if persists"
Zoe,Sphynx,Cat,14,3.0,38.4,170,Alert,Lethargic or Restless,"Monitor closely, consult vet if persists"
Max,Bengal,Cat,9,12.1,38.87,115,Normal,Active and Happy,Continue regular monitoring
Simba,Bengal,Cat,4,6.9,38.69,132,Normal,Active and Happy,Continue regular monitoring
Buddy,Sphynx,Cat,13,2.9,37.4,164,Critical,Very Lethargic or Distressed,Immediate veterinary attention needed
Rocky,Siamese,Cat,7,3.8,39.84,172,Alert,Lethargic or Restless,"Monitor closely, consult vet if persists"
Rocky,Maine Coon,Cat,9,34.9,38.06,124,Normal,Active and Happy,Continue regular monitoring
Charlie,Sphynx,Cat,16,2.7,39.03,147,Normal,Calm and Relaxed,Continue regular monitoring
Rocky,Poodle,Dog,12,22.1,38.43,105,Normal,Active and Happy,Continue regular monitoring
Leo,Persian,Cat,7,9.2,38.57,138,Normal,Active and Happy,Continue regular monitoring
Toby,Domestic Shorthair,Cat,3,3.7,38.59,125,Normal,Active and Happy,Continue regular monitoring
Molly,Sphynx,Cat,13,3.9,39.3,138,Normal,Calm and Relaxed,Continue regular monitoring
Milo,Sphynx,Cat,8,6.6,38.91,155,Normal,Active and Happy,Continue regular monitoring
Ruby,Golden Retriever,Dog,15,24.2,38.76,87,Normal,Calm and Relaxed,Continue regular monitoring
Oscar,Poodle,Dog,5,17.3,38.95,102,Normal,Active and Happy,Continue regular monitoring
Daisy,Chihuahua,Dog,16,5.0,38.75,133,Normal,Calm and Relaxed,Continue regular monitoring
Luna,Beagle,Dog,7,5.6,39.01,114,Normal,Active and Happy,Continue regular monitoring
Coco,Poodle,Dog,15,5.5,38.83,87,Normal,Calm and Relaxed,Continue regular monitoring
Buddy,Chihuahua,Dog,3,1.6,38.83,124,Normal,Active and Happy,Continue regular monitoring
Ruby,Persian,Cat,8,4.3,39.69,140,Alert,Lethargic or Restless,"Monitor closely, consult vet if persists"
Oscar,Poodle,Dog,5,10.5,39.02,99,Normal,Active and Happy,Continue regular monitoring
Oscar,Poodle,Dog,8,13.4,40.37,172,Critical,Very Lethargic or Distressed,Immediate veterinary attention needed
Zoe,Maine Coon,Cat,11,36.0,38.43,141,Normal,Active and Happy,Continue regular monitoring
Ruby,Labrador Retriever,Dog,6,29.7,37.53,122,Alert,Lethargic or Restless,"Monitor closely, consult vet if persists"
Luna,Ragdoll,Cat,5,33.3,38.56,132,Normal,Active and Happy,Continue regular monitoring
Jack,Maine Coon,Cat,5,39.7,38.64,119,Normal,Active and Happy,Continue regular monitoring
Luna,Labrador Retriever,Dog,2,29.4,38.43,85,Normal,Active and Happy,Continue regular monitoring
Cooper,Bulldog,Dog,14,16.1,39.11,119,Normal,Calm and Relaxed,Continue regular monitoring
Buddy,Ragdoll,Cat,7,23.3,38.74,105,Normal,Active and Happy,Continue regular monitoring
Lucy,Persian,Cat,2,2.9,38.57,131,Normal,Active and Happy,Continue regular monitoring
Molly,Maine Coon,Cat,7,25.9,38.06,128,Normal,Active and Happy,Continue regular monitoring
Oscar,Siamese,Cat,8,5.2,38.94,119,Normal,Active and Happy,Continue regular monitoring
Cooper,Domestic Shorthair,Cat,1,10.4,38.64,128,Normal,Active and Happy,Continue regular monitoring
Lucy,Bulldog,Dog,11,11.6,38.66,103,Normal,Active and Happy,Continue regular monitoring
Milo,German Shepherd,Dog,1,35.6,39.7,114,Alert,Lethargic or Restless,"Monitor closely, consult vet if persists"
Oscar,Domestic Shorthair,Cat,7,4.4,37.28,168,Critical,Very Lethargic or Distressed,Immediate veterinary attention needed
Rocky,Golden Retriever,Dog,4,40.6,37.28,181,Critical,Very Lethargic or Distressed,Immediate veterinary attention needed
Charlie,Bulldog,Dog,6,11.1,38.92,96,Normal,Active and Happy,Continue regular monitoring
Ruby,Domestic Shorthair,Cat,12,3.8,40.04,167,Alert,Lethargic or Restless,"Monitor closely, consult vet if persists"
Daisy,Domestic Shorthair,Cat,4,7.6,38.81,116,Normal,Active and Happy,Continue regular monitoring
Leo,Siamese,Cat,2,4.0,40.2,192,Critical,Very Lethargic or Distressed,Immediate veterinary attention needed
Buddy,Poodle,Dog,5,27.0,39.89,145,Alert,Lethargic or Restless,"Monitor closely, consult vet if persists"
Luna,German Shepherd,Dog,9,25.5,38.85,84,Normal,Active and Happy,Continue regular monitoring
Zoe,Chihuahua,Dog,14,6.4,38.9,116,Normal,Calm and Relaxed,Continue regular monitoring
Simba,Siamese,Cat,9,3.9,38.59,132,Normal,Active and Happy,Continue regular monitoring
Lucy,Labrador Retriever,Dog,16,33.2,38.78,93,Normal,Calm and Relaxed,Continue regular monitoring
Ruby,Ragdoll,Cat,4,30.0,38.77,121,Normal,Active and Happy,Continue regular monitoring
Milo,Chihuahua,Dog,7,4.4,37.13,215,Critical,Very Lethargic or Distressed,Immediate veterinary attention needed
Oscar,Bulldog,Dog,10,15.9,39.84,155,Alert,Lethargic or Restless,"Monitor closely, consult vet if persists"
Daisy,Poodle,Dog,4,10.0,40.1,126,Alert,Lethargic or Restless,"Monitor closely, consult vet if persists"
Lucy,Beagle,Dog,3,6.8,38.6,101,Normal,Active and Happy,Continue regular monitoring
Ruby,Chihuahua,Dog,14,6.5,39.16,129,Normal,Calm and Relaxed,Continue regular monitoring
Bella,Sphynx,Cat,8,5.8,39.24,135,Normal,Active and Happy,Continue regular monitoring
Charlie,Chihuahua,Dog,8,6.1,38.74,120,Normal,Active and Happy,Continue regular monitoring
Ruby,Labrador Retriever,Dog,2,33.5,38.62,96,Normal,Active and Happy,Continue regular monitoring
Simba,Chihuahua,Dog,1,4.7,39.04,132,Normal,Active and Happy,Continue regular monitoring
Max,Labrador Retriever,Dog,6,23.4,38.75,85,Normal,Active and Happy,Continue regular monitoring
Cooper,Maine Coon,Cat,8,37.8,38.7,133,Normal,Active and Happy,Continue regular monitoring
Molly,Maine Coon,Cat,10,30.2,38.16,103,Normal,Active and Happy,Continue regular monitoring
Simba,Ragdoll,Cat,1,16.8,37.09,156,Critical,Very Lethargic or Distressed,Immediate veterinary attention needed
Molly,Maine Coon,Cat,5,20.4,38.25,114,Normal,Active and Happy,Continue regular monitoring
Charlie,Bengal,Cat,7,21.4,40.38,210,Critical,Very Lethargic or Distressed,Immediate veterinary attention needed
Milo,Labrador Retriever,Dog,15,22.7,39.61,146,Alert,Lethargic or Restless,"Monitor closely, consult vet if persists"
Max,Bengal,Cat,2,14.2,38.68,126,Normal,Active and Happy,Continue regular monitoring
Toby,Beagle,Dog,7,2.2,38.73,130,Normal,Active and Happy,Continue regular monitoring
Simba,Poodle,Dog,3,16.5,40.0,175,Alert,Lethargic or Restless,"Monitor closely, consult vet if persists"
Coco,Chihuahua,Dog,7,4.4,39.02,111,Normal,Active and Happy,Continue regular monitoring
Max,Poodle,Dog,3,15.6,37.86,192,Critical,Very Lethargic or Distressed,Immediate veterinary attention needed
Cooper,Maine Coon,Cat,4,39.7,38.22,126,Normal,Active and Happy,Continue regular monitoring
Ruby,German Shepherd,Dog,1,26.0,40.38,138,Critical,Very Lethargic or Distressed,Immediate veterinary attention needed
Milo,Sphynx,Cat,6,3.4,39.41,135,Normal,Active and Happy,Continue regular monitoring
Rocky,Bengal,Cat,5,15.6,38.81,123,Normal,Active and Happy,Continue regular monitoring
Milo,Siamese,Cat,7,7.8,40.25,177,Alert,Lethargic or Restless,"Monitor closely, consult vet if persists"
Luna,Labrador Retriever,Dog,2,28.6,38.48,77,Normal,Active and Happy,Continue regular monitoring
Rocky,Beagle,Dog,7,11.0,38.93,122,Normal,Active and Happy,Continue regular monitoring
Lucy,Chihuahua,Dog,17,2.6,38.74,125,Normal,Calm and Relaxed,Continue regular monitoring
Luna,Bulldog,Dog,7,10.9,40.49,137,Critical,Very Lethargic or Distressed,Immediate veterinary attention needed
Coco,Chihuahua,Dog,8,7.0,38.67,134,Normal,Active and Happy,Continue regular monitoring
Milo,Bulldog,Dog,9,23.4,38.65,99,Normal,Active and Happy,Continue regular monitoring
Coco,Beagle,Dog,8,8.8,38.58,112,Normal,Active and Happy,Continue regular monitoring
Charlie,Bengal,Cat,15,14.8,40.5,170,Critical,Very Lethargic or Distressed,Immediate veterinary attention needed
Coco,Bengal,Cat,8,16.6,38.87,133,Normal,Active and Happy,Continue regular monitoring
Bella,Ragdoll,Cat,14,29.5,38.62,111,Normal,Calm and Relaxed,Continue regular monitoring
Molly,Golden Retriever,Dog,8,16.6,38.38,109,Normal,Active and Happy,Continue regular monitoring
Lucy,Siamese,Cat,10,4.7,38.71,115,Normal,Active and Happy,Continue regular monitoring
Buddy,Ragdoll,Cat,8,26.0,38.48,117,Normal,Active and Happy,Continue regular monitoring
Simba,Labrador Retriever,Dog,8,25.7,38.53,79,Normal,Active and Happy,Continue regular monitoring
Tiger,Bulldog,Dog,4,3.8,38.95,80,Normal,Active and Happy,Continue regular monitoring
Charlie,Bengal,Cat,5,10.7,37.84,157,Alert,Lethargic or Restless,"Monitor closely, consult vet if persists"
Tiger,Bengal,Cat,13,14.3,39.06,118,Normal,Calm and Relaxed,Continue regular monitoring
Zoe,Maine Coon,Cat,3,18.0,38.4,129,Normal,Active and Happy,Continue regular monitoring
Bella,Sphynx,Cat,2,3.4,39.41,135,Normal,Active and Happy,Continue regular monitoring
Toby,Persian,Cat,5,9.6,38.48,120,Normal,Active and Happy,Continue regular monitoring
Coco,Bengal,Cat,1,20.6,38.78,124,Normal,Active and Happy,Continue regular monitoring
Toby,Bengal,Cat,5,18.9,38.57,121,Normal,Active and Happy,Continue regular monitoring
Cooper,Bengal,Cat,1,16.1,39.21,115,Normal,Active and Happy,Continue regular monitoring
Daisy,Sphynx,Cat,7,7.0,39.99,168,Alert,Lethargic or Restless,"Monitor closely, consult vet if persists"
Luna,Sphynx,Cat,8,1.1,39.4,123,Normal,Active and Happy,Continue regular monitoring
Daisy,Domestic Shorthair,Cat,7,4.0,38.9,121,Normal,Active and Happy,Continue regular monitoring
Oscar,Ragdoll,Cat,16,35.3,38.41,122,Normal,Calm and Relaxed,Continue regular monitoring
Ruby,German Shepherd,Dog,14,23.3,37.51,149,Alert,Lethargic or Restless,"Monitor closely, consult vet if persists"
Tiger,Beagle,Dog,9,3.8,39.16,116,Normal,Active and Happy,Continue regular monitoring
Rocky,German Shepherd,Dog,14,25.4,39.81,129,Alert,Lethargic or Restless,"Monitor closely, consult vet if persists"
Jack,Ragdoll,Cat,4,22.5,38.56,106,Normal,Active and Happy,Continue regular monitoring
Max,Bengal,Cat,1,17.8,38.81,106,Normal,Active and Happy,Continue regular monitoring
Leo,Siamese,Cat,16,4.1,38.77,136,Normal,Calm and Relaxed,Continue regular monitoring
Oscar,Domestic Shorthair,Cat,1,5.9,38.86,134,Normal,Active and Happy,Continue regular monitoring
Rocky,Persian,Cat,7,6.6,38.45,140,Normal,Active and Happy,Continue regular monitoring
Lucy,Persian,Cat,2,5.8,38.15,132,Normal,Active and Happy,Continue regular monitoring
Charlie,German Shepherd,Dog,3,31.7,38.97,87,Normal,Active and Happy,Continue regular monitoring
Rocky,Sphynx,Cat,3,3.7,39.58,134,Normal,Active and Happy,Continue regular monitoring
Tiger,Ragdoll,Cat,3,31.4,39.7,160,Alert,Lethargic or Restless,"Monitor closely, consult vet if persists"
Buddy,Chihuahua,Dog,16,5.5,37.4,190,Critical,Very Lethargic or Distressed,Immediate veterinary attention needed
Luna,German Shepherd,Dog,10,25.3,38.59,110,Normal,Active and Happy,Continue regular monitoring
Buddy,Maine Coon,Cat,4,49.4,38.33,133,Normal,Active and Happy,Continue regular monitoring
Luna,Labrador Retriever,Dog,6,23.8,38.28,93,Normal,Active and Happy,Continue regular monitoring
Coco,Ragdoll,Cat,6,27.8,38.77,113,Normal,Active and Happy,Continue regular monitoring
Lucy,Beagle,Dog,3,6.2,39.2,97,Normal,Active and Happy,Continue regular monitoring
Cooper,Maine Coon,Cat,16,37.6,39.77,149,Alert,Lethargic or Restless,"Monitor closely, consult vet if persists"
Coco,Beagle,Dog,12,3.2,39.84,161,Alert,Lethargic or Restless,"Monitor closely, consult vet if persists"
Bella,Beagle,Dog,7,6.0,38.95,104,Normal,Active and Happy,Continue regular monitoring
Bella,Bulldog,Dog,2,13.4,38.11,140,Alert,Lethargic or Restless,"Monitor closely, consult vet if persists"
Coco,Poodle,Dog,4,14.0,40.38,159,Alert,Lethargic or Restless,"Monitor closely, consult vet if persists"
Lucy,Ragdoll,Cat,15,25.7,38.88,117,Normal,Calm and Relaxed,Continue regular monitoring
Max,Domestic Shorthair,Cat,14,6.3,38.88,129,Normal,Calm and Relaxed,Continue regular monitoring
Simba,Siamese,Cat,5,3.7,38.81,147,Normal,Active and Happy,Continue regular monitoring
Luna,Bulldog,Dog,3,11.4,38.94,109,Normal,Active and Happy,Continue regular monitoring
Daisy,Siamese,Cat,8,8.8,39.44,156,Alert,Lethargic or Restless,"Monitor closely, consult vet if persists"
Molly,Ragdoll,Cat,2,24.1,38.09,111,Normal,Active and Happy,Continue regular monitoring
Ruby,Ragdoll,Cat,3,33.8,39.74,140,Alert,Lethargic or Restless,"Monitor closely, consult vet if persists"
Molly,German Shepherd,Dog,6,27.5,40.2,162,Critical,Very Lethargic or Distressed,Immediate veterinary attention needed
Buddy,German Shepherd,Dog,7,42.2,38.67,80,Normal,Active and Happy,Continue regular monitoring
Toby,Golden Retriever,Dog,14,25.2,38.69,85,Normal,Calm and Relaxed,Continue regular monitoring
Rocky,Chihuahua,Dog,8,5.1,38.6,129,Normal,Active and Happy,Continue regular monitoring
Coco,German Shepherd,Dog,2,26.4,38.74,99,Normal,Active and Happy,Continue regular monitoring
Tiger,Siamese,Cat,4,5.5,38.6,144,Normal,Active and Happy,Continue regular monitoring
Zoe,Beagle,Dog,6,3.1,39.05,117,Normal,Active and Happy,Continue regular monitoring
Luna,Maine Coon,Cat,8,28.0,38.16,131,Normal,Active and Happy,Continue regular monitoring
Molly,Poodle,Dog,3,8.1,39.08,102,Normal,Active and Happy,Continue regular monitoring
Bella,Bulldog,Dog,3,10.5,40.75,163,Critical,Very Lethargic or Distressed,Immediate veterinary attention needed
Cooper,Persian,Cat,3,7.2,36.81,192,Critical,Very Lethargic or Distressed,Immediate veterinary attention needed
Toby,Poodle,Dog,11,9.7,39.51,154,Alert,Lethargic or Restless,"Monitor closely, consult vet if persists"
Daisy,Maine Coon,Cat,10,40.4,38.38,118,Normal,Active and Happy,Continue regular monitoring
Simba,Sphynx,Cat,17,4.9,39.45,136,Normal,Calm and Relaxed,Continue regular monitoring
Zoe,Bengal,Cat,6,18.8,39.91,158,Alert,Lethargic or Restless,"Monitor closely, consult vet if persists"
Lucy,Labrador Retriever,Dog,7,25.0,38.82,68,Normal,Active and Happy,Continue regular monitoring
Oscar,Beagle,Dog,8,5.3,40.95,194,Critical,Very Lethargic or Distressed,Immediate veterinary attention needed
Buddy,Poodle,Dog,1,16.4,38.89,85,Normal,Active and Happy,Continue regular monitoring
Jack,Persian,Cat,13,5.6,38.54,130,Normal,Calm and Relaxed,Continue regular monitoring
Zoe,Labrador Retriever,Dog,3,31.1,38.62,95,Normal,Active and Happy,Continue regular monitoring
Simba,Bulldog,Dog,4,18.0,38.32,89,Normal,Active and Happy,Continue regular monitoring
Jack,Golden Retriever,Dog,4,22.5,38.59,85,Normal,Active and Happy,Continue regular monitoring
Simba,Siamese,Cat,2,5.9,40.44,148,Alert,Lethargic or Restless,"Monitor closely, consult vet if persists"
Oscar,Siamese,Cat,1,6.9,38.75,142,Normal,Active and Happy,Continue regular monitoring
Zoe,Bulldog,Dog,9,9.0,38.62,103,Normal,Active and Happy,Continue regular monitoring
Daisy,Ragdoll,Cat,10,20.4,38.41,132,Normal,Active and Happy,Continue regular monitoring
Charlie,Bulldog,Dog,4,14.7,39.87,133,Alert,Lethargic or Restless,"Monitor closely, consult vet if persists"
Zoe,Chihuahua,Dog,9,2.1,37.32,200,Critical,Very Lethargic or Distressed,Immediate veterinary attention needed
Toby,Sphynx,Cat,2,4.1,40.81,185,Alert,Lethargic or Restless,"Monitor closely, consult vet if persists"
Cooper,Beagle,Dog,8,5.0,38.5,106,Normal,Active and Happy,Continue regular monitoring
Tiger,Bulldog,Dog,6,14.4,38.56,91,Normal,Active and Happy,Continue regular monitoring
Oscar,Domestic Shorthair,Cat,14,3.2,38.69,124,Normal,Calm and Relaxed,Continue regular monitoring
Zoe,Bulldog,Dog,2,12.6,38.58,95,Normal,Active and Happy,Continue regular monitoring
Leo,Siamese,Cat,2,4.7,38.68,132,Normal,Active and Happy,Continue regular monitoring
Daisy,Ragdoll,Cat,4,18.0,38.89,119,Normal,Active and Happy,Continue regular monitoring
Rocky,Beagle,Dog,3,5.3,38.78,129,Normal,Active and Happy,Continue regular monitoring
Daisy,Golden Retriever,Dog,6,32.5,37.56,144,Critical,Very Lethargic or Distressed,Immediate veterinary attention needed
Max,Beagle,Dog,3,2.2,38.55,118,Normal,Active and Happy,Continue regular monitoring
Toby,Bulldog,Dog,3,14.8,38.06,172,Alert,Lethargic or Restless,"Monitor closely, consult vet if persists"
Simba,Poodle,Dog,17,15.9,38.68,102,Normal,Calm and Relaxed,Continue regular monitoring
Simba,Bengal,Cat,7,17.4,39.78,201,Alert,Lethargic or Restless,"Monitor closely, consult vet if persists"
Buddy,Siamese,Cat,8,7.0,38.82,132,Normal,Active and Happy,Continue regular monitoring
Ruby,German Shepherd,Dog,2,18.2,38.55,86,Normal,Active and Happy,Continue regular monitoring
Ruby,Bulldog,Dog,2,16.3,39.02,82,Normal,Active and Happy,Continue regular monitoring
Milo,Bengal,Cat,3,15.9,37.34,189,Critical,Very Lethargic or Distressed,Immediate veterinary attention needed
Toby,Ragdoll,Cat,4,27.2,37.55,143,Alert,Lethargic or Restless,"Monitor closely, consult vet if persists"
Molly,Persian,Cat,5,2.0,38.1,120,Normal,Active and Happy,Continue regular monitoring
Oscar,Persian,Cat,1,5.7,38.19,123,Normal,Active and Happy,Continue regular monitoring
Coco,Golden Retriever,Dog,6,25.8,38.64,87,Normal,Active and Happy,Continue regular monitoring
Lucy,Bulldog,Dog,5,18.1,39.47,107,Normal,Active and Happy,Continue regular monitoring
Lucy,Poodle,Dog,16,4.0,39.51,146,Alert,Lethargic or Restless,"Monitor closely, consult vet if persists"
Luna,Bulldog,Dog,15,18.3,38.78,83,Normal,Calm and Relaxed,Continue regular monitoring
Lucy,Poodle,Dog,3,22.8,38.54,108,Normal,Active and Happy,Continue regular monitoring
Zoe,Bengal,Cat,10,9.5,37.87,154,Alert,Lethargic or Restless,"Monitor closely, consult vet if persists"
Milo,Chihuahua,Dog,2,2.8,41.43,218,Critical,Very Lethargic or Distressed,Immediate veterinary attention needed
Jack,Poodle,Dog,13,23.3,38.52,69,Normal,Calm and Relaxed,Continue regular monitoring
Oscar,Golden Retriever,Dog,16,33.2,38.54,91,Normal,Calm and Relaxed,Continue regular monitoring
Coco,Siamese,Cat,11,6.3,40.49,197,Critical,Very Lethargic or Distressed,Immediate veterinary attention needed
Toby,Labrador Retriever,Dog,1,28.2,38.54,93,Normal,Active and Happy,Continue regular monitoring
Zoe,Siamese,Cat,14,7.3,38.78,132,Normal,Calm and Relaxed,Continue regular monitoring
Charlie,Chihuahua,Dog,6,5.3,39.02,150,Normal,Active and Happy,Continue regular monitoring
Zoe,Ragdoll,Cat,6,22.9,39.43,146,Alert,Lethargic or Restless,"Monitor closely, consult vet if persists"
Lucy,Siamese,Cat,2,7.9,37.93,186,Alert,Lethargic or Restless,"Monitor closely, consult vet if persists"
Molly,Siamese,Cat,15,1.1,39.83,160,Alert,Lethargic or Restless,"Monitor closely, consult vet if persists"
Zoe,Domestic Shorthair,Cat,10,6.0,37.82,175,Alert,Lethargic or Restless,"Monitor closely, consult vet if persists"
Tiger,Labrador Retriever,Dog,14,32.1,37.23,115,Critical,Very Lethargic or Distressed,Immediate veterinary attention needed
Leo,Domestic Shorthair,Cat,8,5.7,38.38,130,Normal,Active and Happy,Continue regular monitoring
Charlie,Poodle,Dog,17,10.8,40.52,135,Critical,Very Lethargic or Distressed,Immediate veterinary attention needed
Rocky,Persian,Cat,11,5.9,39.55,180,Critical,Very Lethargic or Distressed,Immediate veterinary attention needed
Oscar,German Shepherd,Dog,4,23.3,37.23,165,Critical,Very Lethargic or Distressed,Immediate veterinary attention needed
Zoe,Bulldog,Dog,3,5.1,38.71,89,Normal,Active and Happy,Continue regular monitoring
Jack,Labrador Retriever,Dog,1,27.6,38.46,83,Normal,Active and Happy,Continue regular monitoring
Milo,Golden Retriever,Dog,1,36.2,38.3,80,Normal,Active and Happy,Continue regular monitoring
Zoe,Siamese,Cat,8,5.2,38.71,119,Normal,Active and Happy,Continue regular monitoring
Leo,Bulldog,Dog,1,21.3,39.05,105,Normal,Active and Happy,Continue regular monitoring
Oscar,German Shepherd,Dog,15,33.1,40.14,144,Critical,Very Lethargic or Distressed,Immediate veterinary attention needed
Tiger,Chihuahua,Dog,10,5.9,38.84,144,Normal,Active and Happy,Continue regular monitoring
Milo,Domestic Shorthair,Cat,15,5.8,38.59,111,Normal,Calm and Relaxed,Continue regular monitoring
Rocky,Golden Retriever,Dog,9,21.6,38.39,84,Normal,Active and Happy,Continue regular monitoring
Ruby,Maine Coon,Cat,6,28.1,37.46,146,Alert,Lethargic or Restless,"Monitor closely, consult vet if persists"
Bella,German Shepherd,Dog,8,26.9,38.79,81,Normal,Active and Happy,Continue regular monitoring
Ruby,Labrador Retriever,Dog,6,21.2,38.81,103,Normal,Active and Happy,Continue regular monitoring
Toby,Domestic Shorthair,Cat,7,4.4,36.69,194,Critical,Very Lethargic or Distressed,Immediate veterinary attention needed
Charlie,Sphynx,Cat,6,7.0,39.18,138,Normal,Active and Happy,Continue regular monitoring
Daisy,Maine Coon,Cat,7,30.1,38.53,107,Normal,Active and Happy,Continue regular monitoring
Toby,Chihuahua,Dog,7,6.3,37.28,188,Critical,Very Lethargic or Distressed,Immediate veterinary attention needed
Zoe,Sphynx,Cat,3,2.1,39.29,131,Normal,Active and Happy,Continue regular monitoring
Toby,Bengal,Cat,4,11.4,39.08,103,Normal,Active and Happy,Continue regular monitoring
Tiger,Sphynx,Cat,6,1.9,39.02,131,Normal,Active and Happy,Continue regular monitoring
Ruby,Sphynx,Cat,5,5.8,39.07,140,Normal,Active and Happy,Continue regular monitoring
Daisy,Beagle,Dog,6,4.1,38.92,119,Normal,Active and Happy,Continue regular monitoring
Daisy,Persian,Cat,9,4.8,38.5,133,Normal,Active and Happy,Continue regular monitoring
Buddy,Golden Retriever,Dog,12,26.6,38.59,87,Normal,Active and Happy,Continue regular monitoring
Coco,Siamese,Cat,4,4.6,37.87,159,Alert,Lethargic or Restless,"Monitor closely, consult vet if persists"
Luna,Domestic Shorthair,Cat,9,2.8,38.81,131,Normal,Active and Happy,Continue regular monitoring
Coco,Bengal,Cat,2,7.7,38.71,114,Normal,Active and Happy,Continue regular monitoring
Lucy,Persian,Cat,2,4.7,38.65,136,Normal,Active and Happy,Continue regular monitoring
Luna,Bulldog,Dog,5,5.8,38.69,101,Normal,Active and Happy,Continue regular monitoring
Zoe,Sphynx,Cat,11,4.6,39.19,146,Normal,Active and Happy,Continue regular monitoring
Cooper,Bengal,Cat,11,11.4,38.45,130,Normal,Active and Happy,Continue regular monitoring
Toby,Beagle,Dog,9,6.0,38.68,103,Normal,Active and Happy,Continue regular monitoring
Max,German Shepherd,Dog,5,36.1,38.42,93,Normal,Active and Happy,Continue regular monitoring
Cooper,Sphynx,Cat,7,2.0,39.24,140,Normal,Active and Happy,Continue regular monitoring
Cooper,Domestic Shorthair,Cat,7,6.3,38.89,138,Normal,Active and Happy,Continue regular monitoring
Max,Siamese,Cat,2,3.3,38.57,116,Normal,Active and Happy,Continue regular monitoring
Coco,Maine Coon,Cat,6,39.5,38.12,114,Normal,Active and Happy,Continue regular monitoring
Luna,German Shepherd,Dog,4,43.9,39.24,106,Normal,Active and Happy,Continue regular monitoring
Milo,Maine Coon,Cat,9,16.5,40.24,158,Critical,Very Lethargic or Distressed,Immediate veterinary attention needed
Zoe,Chihuahua,Dog,1,2.3,39.03,119,Normal,Active and Happy,Continue regular monitoring
Daisy,Chihuahua,Dog,11,4.8,38.87,144,Normal,Active and Happy,Continue regular monitoring
Leo,Maine Coon,Cat,1,35.4,37.88,123,Normal,Active and Happy,Continue regular monitoring
Ruby,Beagle,Dog,2,5.5,39.08,106,Normal,Active and Happy,Continue regular monitoring
Oscar,Siamese,Cat,3,3.4,38.47,138,Normal,Active and Happy,Continue regular monitoring
Buddy,Chihuahua,Dog,1,7.4,39.32,116,Normal,Active and Happy,Continue regular monitoring
Cooper,Beagle,Dog,5,1.8,40.1,163,Alert,Lethargic or Restless,"Monitor closely, consult vet if persists"
Luna,Sphynx,Cat,1,6.2,38.86,138,Normal,Active and Happy,Continue regular monitoring
Jack,Sphynx,Cat,10,4.5,39.13,134,Normal,Active and Happy,Continue regular monitoring
Oscar,Siamese,Cat,13,4.2,39.62,153,Alert,Lethargic or Restless,"Monitor closely, consult vet if persists"
Cooper,German Shepherd,Dog,7,43.0,38.53,91,Normal,Active and Happy,Continue regular monitoring
Milo,Ragdoll,Cat,12,27.0,38.86,127,Normal,Active and Happy,Continue regular monitoring
Rocky,Beagle,Dog,2,1.0,39.05,128,Normal,Active and Happy,Continue regular monitoring
Lucy,German Shepherd,Dog,15,24.9,38.58,80,Normal,Calm and Relaxed,Continue regular monitoring
Tiger,German Shepherd,Dog,3,1.1,37.19,176,Critical,Very Lethargic or Distressed,Immediate veterinary attention needed
Zoe,Bulldog,Dog,3,13.6,38.67,106,Normal,Active and Happy,Continue regular monitoring
Molly,Siamese,Cat,8,5.7,38.62,126,Normal,Active and Happy,Continue regular monitoring
Max,Bengal,Cat,8,9.7,38.83,131,Normal,Active and Happy,Continue regular monitoring
Simba,Beagle,Dog,5,7.2,38.99,114,Normal,Active and Happy,Continue regular monitoring
Molly,Bengal,Cat,4,6.1,38.63,128,Normal,Active and Happy,Continue regular monitoring
Leo,Bulldog,Dog,7,17.6,37.82,127,Alert,Lethargic or Restless,"Monitor closely, consult vet if persists"
Max,Maine Coon,Cat,6,31.3,38.35,125,Normal,Active and Happy,Continue regular monitoring
Molly,Poodle,Dog,17,11.0,38.9,97,Normal,Calm and Relaxed,Continue regular monitoring
Oscar,Labrador Retriever,Dog,9,12.3,38.28,102,Normal,Active and Happy,Continue regular monitoring
Max,Labrador Retriever,Dog,3,20.1,38.68,89,Normal,Active and Happy,Continue regular monitoring
Cooper,Beagle,Dog,1,4.4,39.76,142,Alert,Lethargic or Restless,"Monitor closely, consult vet if persists"
Rocky,Maine Coon,Cat,11,32.4,36.96,159,Critical,Very Lethargic or Distressed,Immediate veterinary attention needed
Toby,Bulldog,Dog,14,19.3,40.37,155,Alert,Lethargic or Restless,"Monitor closely, consult vet if persists"
Cooper,Chihuahua,Dog,15,4.6,39.06,128,Normal,Calm and Relaxed,Continue regular monitoring
Cooper,Beagle,Dog,10,4.6,38.89,94,Normal,Active and Happy,Continue regular monitoring
Milo,Beagle,Dog,3,7.8,40.48,188,Critical,Very Lethargic or Distressed,Immediate veterinary attention needed
Lucy,Maine Coon,Cat,14,19.5,38.14,122,Normal,Calm and Relaxed,Continue regular monitoring
Coco,Maine Coon,Cat,7,31.4,38.32,118,Normal,Active and Happy,Continue regular monitoring
Charlie,Beagle,Dog,9,7.5,38.77,100,Normal,Active and Happy,Continue regular monitoring
Milo,Bengal,Cat,4,14.1,40.48,196,Critical,Very Lethargic or Distressed,Immediate veterinary attention needed
Rocky,Beagle,Dog,1,8.6,40.45,147,Alert,Lethargic or Restless,"Monitor closely, consult vet if persists"
Charlie,Chihuahua,Dog,15,1.0,39.87,169,Alert,Lethargic or Restless,"Monitor closely, consult vet if persists"
Charlie,Labrador Retriever,Dog,9,32.4,38.72,93,Normal,Active and Happy,Continue regular monitoring
Oscar,Domestic Shorthair,Cat,4,3.6,38.66,136,Normal,Active and Happy,Continue regular monitoring
Zoe,Sphynx,Cat,4,3.1,40.35,162,Alert,Lethargic or Restless,"Monitor closely, consult vet if persists"
Molly,Domestic Shorthair,Cat,2,7.2,38.73,136,Normal,Active and Happy,Continue regular monitoring
Oscar,Chihuahua,Dog,14,5.9,39.06,132,Normal,Calm and Relaxed,Continue regular monitoring
Bella,Persian,Cat,4,5.2,39.96,192,Critical,Very Lethargic or Distressed,Immediate veterinary attention needed
Oscar,Chihuahua,Dog,8,6.2,38.94,131,Normal,Active and Happy,Continue regular monitoring
Lucy,Siamese,Cat,3,7.2,39.62,197,Alert,Lethargic or Restless,"Monitor closely, consult vet if persists"
Tiger,Labrador Retriever,Dog,16,41.6,38.89,88,Normal,Calm and Relaxed,Continue regular monitoring
Simba,Domestic Shorthair,Cat,11,4.3,40.0,151,Alert,Lethargic or Restless,"Monitor closely, consult vet if persists"
Toby,Bengal,Cat,1,16.7,39.13,135,Normal,Active and Happy,Continue regular monitoring
Leo,Bengal,Cat,11,24.6,38.72,135,Normal,Active and Happy,Continue regular monitoring
Ruby,Siamese,Cat,7,1.0,37.82,153,Alert,Lethargic or Restless,"Monitor closely, consult vet if persists"
Simba,Bulldog,Dog,7,13.0,38.74,100,Normal,Active and Happy,Continue regular monitoring
Tiger,Labrador Retriever,Dog,10,24.6,38.73,85,Normal,Active and Happy,Continue regular monitoring
Daisy,Labrador Retriever,Dog,5,32.5,39.56,108,Alert,Lethargic or Restless,"Monitor closely, consult vet if persists"
Coco,Golden Retriever,Dog,9,27.0,38.29,101,Normal,Active and Happy,Continue regular monitoring
Zoe,Bulldog,Dog,14,10.8,39.37,97,Normal,Calm and Relaxed,Continue regular monitoring
Daisy,Bengal,Cat,8,8.9,39.88,175,Alert,Lethargic or Restless,"Monitor closely, consult vet if persists"
Zoe,Chihuahua,Dog,5,4.6,39.07,140,Normal,Active and Happy,Continue regular monitoring
Toby,Siamese,Cat,5,6.1,38.62,112,Normal,Active and Happy,Continue regular monitoring
Zoe,Chihuahua,Dog,13,7.2,38.95,126,Normal,Calm and Relaxed,Continue regular monitoring
Max,Bengal,Cat,3,27.6,40.23,190,Alert,Lethargic or Restless,"Monitor closely, consult vet if persists"
Buddy,Bengal,Cat,3,8.0,39.56,159,Alert,Lethargic or Restless,"Monitor closely, consult vet if persists"
Bella,German Shepherd,Dog,17,29.7,39.28,134,Alert,Lethargic or Restless,"Monitor closely, consult vet if persists"
Buddy,Beagle,Dog,2,3.9,39.43,156,Alert,Lethargic or Restless,"Monitor closely, consult vet if persists"
Jack,Maine Coon,Cat,6,35.5,38.0,129,Normal,Active and Happy,Continue regular monitoring
Daisy,Beagle,Dog,7,4.9,38.84,138,Normal,Active and Happy,Continue regular monitoring
Toby,German Shepherd,Dog,1,25.9,38.69,90,Normal,Active and Happy,Continue regular monitoring
Zoe,Domestic Shorthair,Cat,9,3.7,38.55,136,Normal,Active and Happy,Continue regular monitoring
Leo,Siamese,Cat,1,4.4,39.57,162,Alert,Lethargic or Restless,"Monitor closely, consult vet if persists"
Luna,Labrador Retriever,Dog,3,31.7,38.76,100,Normal,Active and Happy,Continue regular monitoring
Oscar,Maine Coon,Cat,7,36.0,38.37,120,Normal,Active and Happy,Continue regular monitoring
Cooper,Persian,Cat,8,3.6,40.09,171,Alert,Lethargic or Restless,"Monitor closely, consult vet if persists"
Molly,Ragdoll,Cat,14,31.3,39.75,140,Alert,Lethargic or Restless,"Monitor closely, consult vet if persists"
Simba,Sphynx,Cat,5,6.6,39.05,142,Normal,Active and Happy,Continue regular monitoring
Luna,German Shepherd,Dog,3,32.8,38.18,86,Normal,Active and Happy,Continue regular monitoring
Coco,Domestic Shorthair,Cat,5,6.4,38.67,130,Normal,Active and Happy,Continue regular monitoring
Rocky,Domestic Shorthair,Cat,4,5.6,38.25,145,Normal,Active and Happy,Continue regular monitoring
Charlie,Bulldog,Dog,1,26.9,38.71,101,Normal,Active and Happy,Continue regular monitoring
Max,Domestic Shorthair,Cat,13,4.6,37.67,151,Critical,Very Lethargic or Distressed,Immediate veterinary attention needed
Rocky,Domestic Shorthair,Cat,1,4.1,38.92,127,Normal,Active and Happy,Continue regular monitoring
Oscar,Maine Coon,Cat,7,31.5,38.16,114,Normal,Active and Happy,Continue regular monitoring
Lucy,Golden Retriever,Dog,6,27.8,38.69,96,Normal,Active and Happy,Continue regular monitoring
Tiger,Bengal,Cat,3,4.6,37.5,167,Critical,Very Lethargic or Distressed,Immediate veterinary attention needed
Charlie,Labrador Retriever,Dog,12,38.2,38.38,92,Normal,Active and Happy,Continue regular monitoring
Bella,Domestic Shorthair,Cat,2,5.2,38.78,148,Normal,Active and Happy,Continue regular monitoring
Max,Chihuahua,Dog,8,8.7,38.99,138,Normal,Active and Happy,Continue regular monitoring
Jack,Beagle,Dog,16,3.1,40.2,165,Alert,Lethargic or Restless,"Monitor closely, consult vet if persists"
Buddy,Golden Retriever,Dog,11,31.7,38.54,110,Normal,Active and Happy,Continue regular monitoring
Milo,Beagle,Dog,13,1.3,38.03,150,Alert,Lethargic or Restless,"Monitor closely, consult vet if persists"
Daisy,Labrador Retriever,Dog,17,12.3,38.02,79,Normal,Calm and Relaxed,Continue regular monitoring
Charlie,Beagle,Dog,6,6.3,38.87,98,Normal,Active and Happy,Continue regular monitoring
Ruby,Ragdoll,Cat,4,34.6,39.32,134,Alert,Lethargic or Restless,"Monitor closely, consult vet if persists"
Max,Siamese,Cat,8,3.1,37.6,167,Critical,Very Lethargic or Distressed,Immediate veterinary attention needed
Rocky,Siamese,Cat,2,6.6,38.58,126,Normal,Active and Happy,Continue regular monitoring
Leo,Chihuahua,Dog,5,5.2,39.34,135,Normal,Active and Happy,Continue regular monitoring
Ruby,Labrador Retriever,Dog,6,34.2,38.21,81,Normal,Active and Happy,Continue regular monitoring
Tiger,Labrador Retriever,Dog,14,35.6,40.07,129,Alert,Lethargic or Restless,"Monitor closely, consult vet if persists"
Oscar,Maine Coon,Cat,1,18.4,38.67,125,Normal,Active and Happy,Continue regular monitoring
Oscar,Bengal,Cat,5,14.8,38.64,134,Normal,Active and Happy,Continue regular monitoring
Milo,Siamese,Cat,11,6.8,37.11,212,Critical,Very Lethargic or Distressed,Immediate veterinary attention needed
Leo,Bulldog,Dog,13,22.9,38.67,92,Normal,Calm and Relaxed,Continue regular monitoring
Molly,Poodle,Dog,5,9.9,38.91,109,Normal,Active and Happy,Continue regular monitoring
Jack,Ragdoll,Cat,9,41.8,38.59,102,Normal,Active and Happy,Continue regular monitoring
Zoe,Bulldog,Dog,1,10.6,38.7,100,Normal,Active and Happy,Continue regular monitoring
Zoe,Persian,Cat,12,1.4,38.52,141,Normal,Active and Happy,Continue regular monitoring
Buddy,Golden Retriever,Dog,8,32.6,38.52,91,Normal,Active and Happy,Continue regular monitoring
Max,Persian,Cat,1,2.2,38.35,134,Normal,Active and Happy,Continue regular monitoring
Ruby,Ragdoll,Cat,5,27.6,38.5,118,Normal,Active and Happy,Continue regular monitoring
Coco,Domestic Shorthair,Cat,3,3.4,38.68,132,Normal,Active and Happy,Continue regular monitoring
Simba,Labrador Retriever,Dog,5,22.8,38.66,89,Normal,Active and Happy,Continue regular monitoring
Zoe,Sphynx,Cat,12,3.8,39.18,148,Normal,Active and Happy,Continue regular monitoring
Zoe,Bengal,Cat,6,26.3,38.43,131,Normal,Active and Happy,Continue regular monitoring
Max,Sphynx,Cat,16,4.2,38.88,129,Normal,Calm and Relaxed,Continue regular monitoring
Rocky,Maine Coon,Cat,3,50.8,38.33,123,Normal,Active and Happy,Continue regular monitoring
Lucy,Sphynx,Cat,17,1.0,39.27,143,Normal,Calm and Relaxed,Continue regular monitoring
Oscar,Persian,Cat,1,7.3,38.27,125,Normal,Active and Happy,Continue regular monitoring
Tiger,Siamese,Cat,7,6.0,38.59,124,Normal,Active and Happy,Continue regular monitoring
Toby,Persian,Cat,3,8.0,38.3,133,Normal,Active and Happy,Continue regular monitoring
Max,Poodle,Dog,5,17.3,38.77,102,Normal,Active and Happy,Continue regular monitoring
Oscar,Poodle,Dog,9,13.7,38.83,100,Normal,Active and Happy,Continue regular monitoring
Buddy,Chihuahua,Dog,5,6.3,40.3,194,Alert,Lethargic or Restless,"Monitor closely, consult vet if persists"
Simba,German Shepherd,Dog,3,41.2,38.38,87,Normal,Active and Happy,Continue regular monitoring
Milo,Labrador Retriever,Dog,8,19.7,38.58,98,Normal,Active and Happy,Continue regular monitoring
Max,Golden Retriever,Dog,10,40.8,38.86,97,Normal,Active and Happy,Continue regular monitoring
Coco,Golden Retriever,Dog,5,33.3,38.47,107,Normal,Active and Happy,Continue regular monitoring
Daisy,Bulldog,Dog,2,14.1,38.7,113,Normal,Active and Happy,Continue regular monitoring
Zoe,German Shepherd,Dog,3,11.7,38.45,59,Normal,Active and Happy,Continue regular monitoring
Milo,Sphynx,Cat,8,6.3,40.17,174,Alert,Lethargic or Restless,"Monitor closely, consult vet if persists"
Leo,Persian,Cat,4,5.2,38.15,123,Normal,Active and Happy,Continue regular monitoring
Leo,Chihuahua,Dog,11,5.8,38.92,114,Normal,Active and Happy,Continue regular monitoring
Coco,Ragdoll,Cat,10,18.0,38.64,131,Normal,Active and Happy,Continue regular monitoring
Tiger,Maine Coon,Cat,3,27.5,38.28,103,Normal,Active and Happy,Continue regular monitoring
Luna,Sphynx,Cat,1,3.3,39.17,135,Normal,Active and Happy,Continue regular monitoring
Max,Siamese,Cat,1,6.5,38.44,137,Normal,Active and Happy,Continue regular monitoring
Charlie,Domestic Shorthair,Cat,17,8.7,38.62,128,Normal,Calm and Relaxed,Continue regular monitoring
Leo,Bengal,Cat,7,19.5,38.95,123,Normal,Active and Happy,Continue regular monitoring
Ruby,Poodle,Dog,8,10.1,38.82,116,Normal,Active and Happy,Continue regular monitoring
Charlie,German Shepherd,Dog,7,24.7,38.5,84,Normal,Active and Happy,Continue regular monitoring
Leo,Golden Retriever,Dog,15,34.2,38.57,101,Normal,Calm and Relaxed,Continue regular monitoring
Buddy,Beagle,Dog,10,4.6,38.91,127,Normal,Active and Happy,Continue regular monitoring
Buddy,Sphynx,Cat,9,4.3,39.47,138,Normal,Active and Happy,Continue regular monitoring
Oscar,Poodle,Dog,10,14.1,38.71,90,Normal,Active and Happy,Continue regular monitoring
Simba,Chihuahua,Dog,1,7.6,38.96,123,Normal,Active and Happy,Continue regular monitoring
Max,Golden Retriever,Dog,10,37.5,38.67,75,Normal,Active and Happy,Continue regular monitoring
Oscar,Bulldog,Dog,9,14.9,38.98,110,Normal,Active and Happy,Continue regular monitoring
Ruby,Sphynx,Cat,4,4.4,39.43,144,Normal,Active and Happy,Continue regular monitoring
Molly,Chihuahua,Dog,7,4.4,39.67,178,Alert,Lethargic or Restless,"Monitor closely, consult vet if persists"
Charlie,Bengal,Cat,13,22.6,38.89,127,Normal,Calm and Relaxed,Continue regular monitoring
Jack,Beagle,Dog,6,4.3,38.98,118,Normal,Active and Happy,Continue regular monitoring
Leo,Poodle,Dog,2,15.0,38.32,92,Normal,Active and Happy,Continue regular monitoring
Ruby,Siamese,Cat,8,1.0,37.85,179,Critical,Very Lethargic or Distressed,Immediate veterinary attention needed
Leo,Domestic Shorthair,Cat,9,5.6,38.89,143,Normal,Active and Happy,Continue regular monitoring
Lucy,German Shepherd,Dog,10,36.2,38.51,101,Normal,Active and Happy,Continue regular monitoring
Charlie,Sphynx,Cat,13,1.5,38.89,129,Normal,Calm and Relaxed,Continue regular monitoring
Tiger,Maine Coon,Cat,9,35.0,38.41,103,Normal,Active and Happy,Continue regular monitoring
Simba,Sphynx,Cat,10,7.7,39.12,137,Normal,Active and Happy,Continue regular monitoring
Buddy,Sphynx,Cat,12,1.0,38.98,137,Normal,Active and Happy,Continue regular monitoring
Rocky,Sphynx,Cat,5,4.4,41.04,184,Critical,Very Lethargic or Distressed,Immediate veterinary attention needed
Toby,Bulldog,Dog,3,11.6,38.42,92,Normal,Active and Happy,Continue regular monitoring
Oscar,Siamese,Cat,5,5.0,38.54,127,Normal,Active and Happy,Continue regular monitoring
Simba,Persian,Cat,15,5.9,38.66,108,Normal,Calm and Relaxed,Continue regular monitoring
Max,Poodle,Dog,1,16.9,38.68,111,Normal,Active and Happy,Continue regular monitoring
Tiger,Bengal,Cat,6,17.8,38.81,144,Normal,Active and Happy,Continue regular monitoring
Luna,Labrador Retriever,Dog,16,33.2,37.81,98,Alert,Lethargic or Restless,"Monitor closely, consult vet if persists"
Simba,Poodle,Dog,8,22.8,38.92,109,Normal,Active and Happy,Continue regular monitoring
Coco,Siamese,Cat,11,4.1,39.0,115,Normal,Active and Happy,Continue regular monitoring
Cooper,Poodle,Dog,8,13.3,38.8,84,Normal,Active and Happy,Continue regular monitoring
Charlie,Poodle,Dog,13,17.2,38.63,90,Normal,Calm and Relaxed,Continue regular monitoring
Daisy,Chihuahua,Dog,2,4.2,38.86,145,Normal,Active and Happy,Continue regular monitoring
Toby,Beagle,Dog,17,3.9,38.7,114,Normal,Calm and Relaxed,Continue regular monitoring
Jack,Bulldog,Dog,4,23.2,39.11,97,Normal,Active and Happy,Continue regular monitoring
Oscar,Golden Retriever,Dog,15,43.8,38.09,73,Normal,Calm and Relaxed,Continue regular monitoring
Coco,Persian,Cat,6,5.9,38.14,121,Normal,Active and Happy,Continue regular monitoring
Simba,German Shepherd,Dog,2,31.1,38.72,95,Normal,Active and Happy,Continue regular monitoring
Coco,Maine Coon,Cat,8,29.1,38.35,135,Normal,Active and Happy,Continue regular monitoring
Milo,Sphynx,Cat,14,7.4,40.04,159,Alert,Lethargic or Restless,"Monitor closely, consult vet if persists"
Zoe,Bulldog,Dog,7,10.3,38.72,90,Normal,Active and Happy,Continue regular monitoring
Rocky,Golden Retriever,Dog,4,45.0,38.42,90,Normal,Active and Happy,Continue regular monitoring
Charlie,Golden Retriever,Dog,9,35.8,38.52,92,Normal,Active and Happy,Continue regular monitoring
Luna,Poodle,Dog,5,8.0,38.67,109,Normal,Active and Happy,Continue regular monitoring
Leo,Domestic Shorthair,Cat,12,6.5,36.86,184,Critical,Very Lethargic or Distressed,Immediate veterinary attention needed
Bella,Bengal,Cat,4,22.0,40.15,144,Alert,Lethargic or Restless,"Monitor closely, consult vet if persists"
Buddy,Labrador Retriever,Dog,5,43.1,38.69,92,Normal,Active and Happy,Continue regular monitoring
Ruby,Beagle,Dog,12,3.8,38.49,111,Normal,Active and Happy,Continue regular monitoring
Buddy,Ragdoll,Cat,3,42.0,39.47,145,Alert,Lethargic or Restless,"Monitor closely, consult vet if persists"
Cooper,German Shepherd,Dog,1,31.0,41.13,152,Critical,Very Lethargic or Distressed,Immediate veterinary attention needed
Max,Maine Coon,Cat,9,28.8,39.3,132,Alert,Lethargic or Restless,"Monitor closely, consult vet if persists"
Coco,Golden Retriever,Dog,7,29.7,38.73,74,Normal,Active and Happy,Continue regular monitoring
Max,Bulldog,Dog,8,16.8,38.65,91,Normal,Active and Happy,Continue regular monitoring
Molly,Labrador Retriever,Dog,11,38.0,38.33,91,Normal,Active and Happy,Continue regular monitoring
Simba,Maine Coon,Cat,2,36.1,37.33,158,Critical,Very Lethargic or Distressed,Immediate veterinary attention needed
Daisy,Labrador Retriever,Dog,8,27.9,38.28,77,Normal,Active and Happy,Continue regular monitoring
Max,Bengal,Cat,17,26.9,37.51,162,Alert,Lethargic or Restless,"Monitor closely, consult vet if persists"
Daisy,Siamese,Cat,1,5.9,37.48,179,Critical,Very Lethargic or Distressed,Immediate veterinary attention needed
Max,Golden Retriever,Dog,3,33.9,38.53,80,Normal,Active and Happy,Continue regular monitoring
Toby,Persian,Cat,7,3.8,38.6,136,Normal,Active and Happy,Continue regular monitoring
Oscar,Poodle,Dog,12,6.7,37.46,203,Critical,Very Lethargic or Distressed,Immediate veterinary attention needed
Luna,Bengal,Cat,8,9.7,38.77,123,Normal,Active and Happy,Continue regular monitoring
Oscar,Labrador Retriever,Dog,2,29.6,37.8,109,Alert,Lethargic or Restless,"Monitor closely, consult vet if persists"
Coco,Ragdoll,Cat,16,28.9,38.5,128,Normal,Calm and Relaxed,Continue regular monitoring
Toby,Labrador Retriever,Dog,15,38.0,38.19,156,Critical,Very Lethargic or Distressed,Immediate veterinary attention needed
Lucy,Beagle,Dog,5,6.4,40.6,156,Alert,Lethargic or Restless,"Monitor closely, consult vet if persists"
Bella,Maine Coon,Cat,4,32.9,38.06,119,Normal,Active and Happy,Continue regular monitoring
Cooper,Domestic Shorthair,Cat,16,6.1,38.89,98,Normal,Calm and Relaxed,Continue regular monitoring
Daisy,German Shepherd,Dog,12,24.1,38.58,99,Normal,Active and Happy,Continue regular monitoring
Lucy,Domestic Shorthair,Cat,1,4.4,38.34,130,Normal,Active and Happy,Continue regular monitoring
Cooper,Golden Retriever,Dog,8,31.2,41.11,141,Critical,Very Lethargic or Distressed,Immediate veterinary attention needed
Lucy,Domestic Shorthair,Cat,10,8.5,38.53,137,Normal,Active and Happy,Continue regular monitoring
Buddy,Siamese,Cat,4,8.2,38.51,148,Normal,Active and Happy,Continue regular monitoring
Toby,Domestic Shorthair,Cat,9,4.8,37.81,136,Alert,Lethargic or Restless,"Monitor closely, consult vet if persists"
Rocky,Domestic Shorthair,Cat,3,2.7,37.21,191,Critical,Very Lethargic or Distressed,Immediate veterinary attention needed
Cooper,German Shepherd,Dog,13,23.2,38.96,88,Normal,Calm and Relaxed,Continue regular monitoring
Oscar,Domestic Shorthair,Cat,8,4.7,37.05,162,Critical,Very Lethargic or Distressed,Immediate veterinary attention needed
Tiger,Beagle,Dog,9,8.8,38.52,114,Normal,Active and Happy,Continue regular monitoring
Lucy,Maine Coon,Cat,12,27.9,36.96,181,Critical,Very Lethargic or Distressed,Immediate veterinary attention needed
Toby,Poodle,Dog,8,3.6,38.79,95,Normal,Active and Happy,Continue regular monitoring
Leo,Maine Coon,Cat,2,40.6,38.51,112,Normal,Active and Happy,Continue regular monitoring
Charlie,Golden Retriever,Dog,8,25.1,38.57,108,Normal,Active and Happy,Continue regular monitoring
Buddy,German Shepherd,Dog,11,23.3,39.27,98,Alert,Lethargic or Restless,"Monitor closely, consult vet if persists"
Cooper,Sphynx,Cat,2,4.4,39.63,139,Normal,Active and Happy,Continue regular monitoring
Ruby,Domestic Shorthair,Cat,2,7.3,38.38,137,Normal,Active and Happy,Continue regular monitoring
Molly,Labrador Retriever,Dog,15,38.1,38.36,94,Normal,Calm and Relaxed,Continue regular monitoring
Bella,Golden Retriever,Dog,16,34.2,39.04,110,Normal,Calm and Relaxed,Continue regular monitoring
Leo,Golden Retriever,Dog,15,15.7,38.63,94,Normal,Calm and Relaxed,Continue regular monitoring
Oscar,Persian,Cat,1,8.6,37.95,143,Normal,Active and Happy,Continue regular monitoring
Charlie,Sphynx,Cat,6,4.5,38.72,131,Normal,Active and Happy,Continue regular monitoring
Leo,German Shepherd,Dog,9,29.8,40.19,146,Alert,Lethargic or Restless,"Monitor closely, consult vet if persists"
Milo,Bulldog,Dog,11,14.5,38.71,88,Normal,Active and Happy,Continue regular monitoring
Rocky,Siamese,Cat,1,6.4,39.08,132,Normal,Active and Happy,Continue regular monitoring
Ruby,Golden Retriever,Dog,6,16.5,38.4,89,Normal,Active and Happy,Continue regular monitoring
Leo,Golden Retriever,Dog,2,30.2,40.34,141,Critical,Very Lethargic or Distressed,Immediate veterinary attention needed
Milo,German Shepherd,Dog,17,17.6,38.78,89,Normal,Calm and Relaxed,Continue regular monitoring
Coco,German Shepherd,Dog,1,30.5,39.01,93,Normal,Active and Happy,Continue regular monitoring
Luna,Bulldog,Dog,15,19.9,39.05,84,Normal,Calm and Relaxed,Continue regular monitoring
Molly,Sphynx,Cat,7,1.0,39.11,134,Normal,Active and Happy,Continue regular monitoring
Leo,Poodle,Dog,4,10.0,37.47,152,Alert,Lethargic or Restless,"Monitor closely, consult vet if persists"
Cooper,Beagle,Dog,14,7.6,38.62,112,Normal,Calm and Relaxed,Continue regular monitoring
Max,Poodle,Dog,8,13.3,38.68,100,Normal,Active and Happy,Continue regular monitoring
Molly,Persian,Cat,5,2.4,38.9,126,Normal,Active and Happy,Continue regular monitoring
Rocky,Siamese,Cat,16,5.4,38.7,134,Normal,Calm and Relaxed,Continue regular monitoring
Rocky,Domestic Shorthair,Cat,5,7.4,39.71,172,Critical,Very Lethargic or Distressed,Immediate veterinary attention needed
Ruby,Bulldog,Dog,11,20.0,38.69,88,Normal,Active and Happy,Continue regular monitoring
Molly,Golden Retriever,Dog,5,21.4,38.81,98,Normal,Active and Happy,Continue regular monitoring
Jack,Persian,Cat,14,5.1,37.32,157,Critical,Very Lethargic or Distressed,Immediate veterinary attention needed
Tiger,Ragdoll,Cat,6,43.8,40.02,173,Critical,Very Lethargic or Distressed,Immediate veterinary attention needed
Cooper,Sphynx,Cat,9,6.1,39.5,145,Normal,Active and Happy,Continue regular monitoring
Buddy,Sphynx,Cat,13,3.8,39.74,140,Normal,Calm and Relaxed,Continue regular monitoring
Cooper,Ragdoll,Cat,11,31.3,40.02,192,Critical,Very Lethargic or Distressed,Immediate veterinary attention needed
Cooper,Bengal,Cat,5,15.5,38.66,120,Normal,Active and Happy,Continue regular monitoring
Cooper,Siamese,Cat,7,3.6,37.6,154,Alert,Lethargic or Restless,"Monitor closely, consult vet if persists"
Leo,Beagle,Dog,10,1.4,38.89,124,Normal,Active and Happy,Continue regular monitoring
Rocky,Poodle,Dog,12,12.2,37.38,127,Critical,Very Lethargic or Distressed,Immediate veterinary attention needed
Zoe,Labrador Retriever,Dog,10,30.9,38.75,81,Normal,Active and Happy,Continue regular monitoring
Leo,Domestic Shorthair,Cat,8,5.8,38.74,134,Normal,Active and Happy,Continue regular monitoring
Lucy,Chihuahua,Dog,2,3.9,38.97,131,Normal,Active and Happy,Continue regular monitoring
Max,Persian,Cat,3,6.8,38.32,125,Normal,Active and Happy,Continue regular monitoring
Rocky,Golden Retriever,Dog,9,25.7,38.88,69,Normal,Active and Happy,Continue regular monitoring
Leo,Siamese,Cat,16,3.7,38.66,132,Normal,Calm and Relaxed,Continue regular monitoring
Leo,Sphynx,Cat,14,5.0,40.07,161,Alert,Lethargic or Restless,"Monitor closely, consult vet if persists"
Max,Maine Coon,Cat,13,20.1,38.6,106,Normal,Calm and Relaxed,Continue regular monitoring
Milo,Bengal,Cat,1,12.5,38.57,129,Normal,Active and Happy,Continue regular monitoring
Charlie,Ragdoll,Cat,8,25.0,39.65,147,Critical,Very Lethargic or Distressed,Immediate veterinary attention needed
Rocky,Maine Coon,Cat,17,31.6,38.19,130,Normal,Calm and Relaxed,Continue regular monitoring
Molly,Poodle,Dog,6,22.2,38.41,107,Normal,Active and Happy,Continue regular monitoring
Toby,Maine Coon,Cat,1,41.5,38.03,131,Normal,Active and Happy,Continue regular monitoring
Toby,Persian,Cat,6,4.3,38.17,120,Normal,Active and Happy,Continue regular monitoring
Bella,Ragdoll,Cat,7,32.9,38.33,104,Normal,Active and Happy,Continue regular monitoring
Oscar,Bulldog,Dog,6,6.4,39.01,88,Normal,Active and Happy,Continue regular monitoring
Oscar,Poodle,Dog,15,16.7,38.93,103,Normal,Calm and Relaxed,Continue regular monitoring
Zoe,Maine Coon,Cat,8,26.0,38.57,122,Normal,Active and Happy,Continue regular monitoring
Oscar,Golden Retriever,Dog,9,35.4,37.04,172,Critical,Very Lethargic or Distressed,Immediate veterinary attention needed
Leo,Labrador Retriever,Dog,3,43.2,38.81,76,Normal,Active and Happy,Continue regular monitoring
Bella,Poodle,Dog,1,8.1,38.76,106,Normal,Active and Happy,Continue regular monitoring
Charlie,Golden Retriever,Dog,12,20.0,38.81,74,Normal,Active and Happy,Continue regular monitoring
Bella,Poodle,Dog,7,16.2,39.97,154,Critical,Very Lethargic or Distressed,Immediate veterinary attention needed
Luna,Bulldog,Dog,9,13.0,38.67,104,Normal,Active and Happy,Continue regular monitoring
Simba,Poodle,Dog,4,14.0,39.36,157,Alert,Lethargic or Restless,"Monitor closely, consult vet if persists"
Coco,Persian,Cat,5,6.5,38.48,131,Normal,Active and Happy,Continue regular monitoring
Leo,Domestic Shorthair,Cat,11,6.6,38.79,141,Normal,Active and Happy,Continue regular monitoring
Leo,Labrador Retriever,Dog,17,18.7,38.64,92,Normal,Calm and Relaxed,Continue regular monitoring
Lucy,Ragdoll,Cat,7,26.4,38.06,119,Normal,Active and Happy,Continue regular monitoring
Buddy,Siamese,Cat,6,4.2,39.59,129,Alert,Lethargic or Restless,"Monitor closely, consult vet if persists"
Jack,Sphynx,Cat,3,6.7,39.16,134,Normal,Active and Happy,Continue regular monitoring
Leo,Bengal,Cat,2,12.7,38.91,117,Normal,Active and Happy,Continue regular monitoring
Charlie,Domestic Shorthair,Cat,16,4.9,38.17,143,Normal,Calm and Relaxed,Continue regular monitoring
Max,Chihuahua,Dog,10,7.3,39.25,129,Normal,Active and Happy,Continue regular monitoring
Coco,Labrador Retriever,Dog,5,31.6,38.99,119,Normal,Active and Happy,Continue regular monitoring
Max,Poodle,Dog,6,7.7,38.81,97,Normal,Active and Happy,Continue regular monitoring
Ruby,Labrador Retriever,Dog,6,24.5,40.99,146,Critical,Very Lethargic or Distressed,Immediate veterinary attention needed
Daisy,Persian,Cat,9,4.6,36.94,174,Critical,Very Lethargic or Distressed,Immediate veterinary attention needed
Toby,Chihuahua,Dog,17,3.3,38.96,133,Normal,Calm and Relaxed,Continue regular monitoring
Coco,Poodle,Dog,6,8.2,38.92,105,Normal,Active and Happy,Continue regular monitoring
Toby,Ragdoll,Cat,6,29.6,38.8,131,Normal,Active and Happy,Continue regular monitoring
Oscar,Maine Coon,Cat,7,37.3,40.47,170,Critical,Very Lethargic or Distressed,Immediate veterinary attention needed
Simba,Siamese,Cat,10,4.9,40.69,141,Critical,Very Lethargic or Distressed,Immediate veterinary attention needed
Charlie,Siamese,Cat,4,4.5,38.91,113,Normal,Active and Happy,Continue regular monitoring
Max,Bulldog,Dog,12,11.7,38.71,105,Normal,Active and Happy,Continue regular monitoring
Ruby,Persian,Cat,3,9.2,37.33,160,Alert,Lethargic or Restless,"Monitor closely, consult vet if persists"
Toby,Maine Coon,Cat,10,27.6,38.27,114,Normal,Active and Happy,Continue regular monitoring
Buddy,Ragdoll,Cat,7,24.9,39.61,173,Alert,Lethargic or Restless,"Monitor closely, consult vet if persists"
Charlie,Bulldog,Dog,12,10.0,38.84,99,Normal,Active and Happy,Continue regular monitoring
Simba,Golden Retriever,Dog,3,42.0,38.87,77,Normal,Active and Happy,Continue regular monitoring
Max,Bulldog,Dog,12,8.9,41.44,157,Critical,Very Lethargic or Distressed,Immediate veterinary attention needed
Coco,German Shepherd,Dog,16,34.7,38.49,84,Normal,Calm and Relaxed,Continue regular monitoring
Leo,Labrador Retriever,Dog,5,28.6,38.85,89,Normal,Active and Happy,Continue regular monitoring
Oscar,Beagle,Dog,3,5.6,38.83,125,Normal,Active and Happy,Continue regular monitoring
Oscar,Poodle,Dog,12,19.4,38.35,93,Normal,Active and Happy,Continue regular monitoring
Ruby,German Shepherd,Dog,4,18.0,37.79,126,Alert,Lethargic or Restless,"Monitor closely, consult vet if persists"
Ruby,Domestic Shorthair,Cat,15,6.2,38.51,122,Normal,Calm and Relaxed,Continue regular monitoring
Simba,Ragdoll,Cat,5,29.7,38.57,127,Normal,Active and Happy,Continue regular monitoring
Coco,Persian,Cat,5,4.9,39.91,175,Alert,Lethargic or Restless,"Monitor closely, consult vet if persists"
Cooper,Persian,Cat,9,5.4,38.37,137,Normal,Active and Happy,Continue regular monitoring
Rocky,Golden Retriever,Dog,11,30.5,38.55,91,Normal,Active and Happy,Continue regular monitoring
Cooper,Poodle,Dog,3,6.5,38.65,111,Normal,Active and Happy,Continue regular monitoring
Ruby,German Shepherd,Dog,3,29.0,39.49,165,Alert,Lethargic or Restless,"Monitor closely, consult vet if persists"
Max,Beagle,Dog,5,3.5,38.94,114,Normal,Active and Happy,Continue regular monitoring
Oscar,Bengal,Cat,16,16.6,38.66,113,Normal,Calm and Relaxed,Continue regular monitoring
Oscar,Sphynx,Cat,7,3.5,38.89,133,Normal,Active and Happy,Continue regular monitoring
Coco,German Shepherd,Dog,2,37.3,38.64,102,Normal,Active and Happy,Continue regular monitoring
Cooper,Maine Coon,Cat,9,25.6,41.47,174,Critical,Very Lethargic or Distressed,Immediate veterinary attention needed
Bella,Ragdoll,Cat,6,37.2,38.66,119,Normal,Active and Happy,Continue regular monitoring
Coco,Siamese,Cat,12,1.6,39.37,181,Alert,Lethargic or Restless,"Monitor closely, consult vet if persists"
Lucy,Poodle,Dog,2,14.8,38.71,90,Normal,Active and Happy,Continue regular monitoring
Jack,Sphynx,Cat,1,7.1,39.18,141,Normal,Active and Happy,Continue regular monitoring
Toby,Domestic Shorthair,Cat,7,7.0,38.5,149,Normal,Active and Happy,Continue regular monitoring
Oscar,Siamese,Cat,14,4.6,38.77,115,Normal,Calm and Relaxed,Continue regular monitoring
Simba,Bulldog,Dog,4,14.2,40.96,178,Critical,Very Lethargic or Distressed,Immediate veterinary attention needed
Daisy,Labrador Retriever,Dog,2,26.6,38.58,70,Normal,Active and Happy,Continue regular monitoring
Oscar,Domestic Shorthair,Cat,5,5.3,39.69,133,Alert,Lethargic or Restless,"Monitor closely, consult vet if persists"
Max,Bengal,Cat,1,14.6,38.87,124,Normal,Active and Happy,Continue regular monitoring
Jack,Maine Coon,Cat,1,18.3,39.5,146,Alert,Lethargic or Restless,"Monitor closely, consult vet if persists"
Luna,Bulldog,Dog,11,14.4,39.65,140,Alert,Lethargic or Restless,"Monitor closely, consult vet if persists"
Ruby,Labrador Retriever,Dog,16,37.0,38.6,86,Normal,Calm and Relaxed,Continue regular monitoring
Milo,Persian,Cat,7,2.3,38.34,122,Normal,Active and Happy,Continue regular monitoring
Coco,Bulldog,Dog,9,20.9,39.48,158,Alert,Lethargic or Restless,"Monitor closely, consult vet if persists"
Tiger,Bengal,Cat,7,22.3,38.32,131,Normal,Active and Happy,Continue regular monitoring
Lucy,Persian,Cat,14,2.3,38.37,101,Normal,Calm and Relaxed,Continue regular monitoring
Tiger,German Shepherd,Dog,12,26.7,38.74,85,Normal,Active and Happy,Continue regular monitoring
Molly,Poodle,Dog,5,10.1,38.4,101,Normal,Active and Happy,Continue regular monitoring
Ruby,Siamese,Cat,15,6.2,38.77,110,Normal,Calm and Relaxed,Continue regular monitoring
Rocky,Chihuahua,Dog,5,6.4,40.47,208,Alert,Lethargic or Restless,"Monitor closely, consult vet if persists"
Oscar,Beagle,Dog,9,10.3,38.69,119,Normal,Active and Happy,Continue regular monitoring
Max,Poodle,Dog,16,20.3,39.09,82,Normal,Calm and Relaxed,Continue regular monitoring
Coco,Labrador Retriever,Dog,12,26.7,38.71,82,Normal,Active and Happy,Continue regular monitoring
Lucy,Bengal,Cat,4,14.8,38.53,128,Normal,Active and Happy,Continue regular monitoring
Ruby,Labrador Retriever,Dog,15,16.0,38.93,81,Normal,Calm and Relaxed,Continue regular monitoring
Luna,Golden Retriever,Dog,7,29.0,38.17,87,Normal,Active and Happy,Continue regular monitoring
Buddy,Sphynx,Cat,12,6.0,39.14,140,Normal,Active and Happy,Continue regular monitoring
Ruby,Beagle,Dog,6,6.1,38.74,131,Normal,Active and Happy,Continue regular monitoring
Jack,Poodle,Dog,8,20.5,38.72,95,Normal,Active and Happy,Continue regular monitoring
Ruby,Sphynx,Cat,12,7.3,39.19,131,Normal,Active and Happy,Continue regular monitoring
Coco,Bulldog,Dog,15,10.6,38.96,87,Normal,Calm and Relaxed,Continue regular monitoring
Ruby,Poodle,Dog,17,10.3,40.13,160,Critical,Very Lethargic or Distressed,Immediate veterinary attention needed
Coco,Persian,Cat,13,6.9,38.85,136,Normal,Calm and Relaxed,Continue regular monitoring
Tiger,German Shepherd,Dog,5,41.8,38.68,95,Normal,Active and Happy,Continue regular monitoring
Oscar,Sphynx,Cat,10,2.5,39.64,157,Alert,Lethargic or Restless,"Monitor closely, consult vet if persists"
Lucy,Golden Retriever,Dog,15,21.1,38.25,80,Normal,Calm and Relaxed,Continue regular monitoring
Toby,Persian,Cat,9,3.3,38.12,142,Normal,Active and Happy,Continue regular monitoring
Zoe,German Shepherd,Dog,6,21.8,38.39,80,Normal,Active and Happy,Continue regular monitoring
Zoe,Golden Retriever,Dog,6,27.7,38.38,82,Normal,Active and Happy,Continue regular monitoring
Max,Chihuahua,Dog,2,8.1,38.89,129,Normal,Active and Happy,Continue regular monitoring
Molly,Beagle,Dog,3,6.9,38.93,113,Normal,Active and Happy,Continue regular monitoring
Zoe,Golden Retriever,Dog,9,23.4,38.7,107,Normal,Active and Happy,Continue regular monitoring
Tiger,Siamese,Cat,9,1.8,38.71,123,Normal,Active and Happy,Continue regular monitoring
Tiger,Persian,Cat,15,6.2,38.36,123,Normal,Calm and Relaxed,Continue regular monitoring
Zoe,Golden Retriever,Dog,5,19.0,38.51,84,Normal,Active and Happy,Continue regular monitoring
Rocky,Persian,Cat,14,10.2,38.43,133,Normal,Calm and Relaxed,Continue regular monitoring
Rocky,Persian,Cat,5,2.3,36.72,216,Critical,Very Lethargic or Distressed,Immediate veterinary attention needed
Tiger,Domestic Shorthair,Cat,7,6.6,38.8,124,Normal,Active and Happy,Continue regular monitoring
Buddy,Siamese,Cat,7,1.0,38.72,141,Normal,Active and Happy,Continue regular monitoring
Milo,Poodle,Dog,2,10.2,37.33,205,Critical,Very Lethargic or Distressed,Immediate veterinary attention needed
Simba,Poodle,Dog,7,10.9,38.52,91,Normal,Active and Happy,Continue regular monitoring
Daisy,Golden Retriever,Dog,5,42.1,38.92,66,Normal,Active and Happy,Continue regular monitoring
Cooper,Persian,Cat,9,1.3,38.95,134,Normal,Active and Happy,Continue regular monitoring
Tiger,Beagle,Dog,2,6.9,38.52,129,Normal,Active and Happy,Continue regular monitoring
Leo,Poodle,Dog,7,3.0,37.61,198,Critical,Very Lethargic or Distressed,Immediate veterinary attention needed
Luna,Chihuahua,Dog,4,6.4,38.49,138,Normal,Active and Happy,Continue regular monitoring
Coco,Domestic Shorthair,Cat,1,6.4,40.4,160,Critical,Very Lethargic or Distressed,Immediate veterinary attention needed
Zoe,Beagle,Dog,8,6.2,40.33,154,Alert,Lethargic or Restless,"Monitor closely, consult vet if persists"
Charlie,Bengal,Cat,16,14.5,38.39,127,Normal,Calm and Relaxed,Continue regular monitoring
Coco,Domestic Shorthair,Cat,3,4.6,38.78,139,Normal,Active and Happy,Continue regular monitoring
Molly,Golden Retriever,Dog,14,35.0,37.02,147,Critical,Very Lethargic or Distressed,Immediate veterinary attention needed
Simba,Bengal,Cat,9,17.3,38.79,129,Normal,Active and Happy,Continue regular monitoring
Coco,Siamese,Cat,16,4.7,38.86,115,Normal,Calm and Relaxed,Continue regular monitoring
Tiger,Domestic Shorthair,Cat,14,4.9,40.28,174,Critical,Very Lethargic or Distressed,Immediate veterinary attention needed
Buddy,Poodle,Dog,12,17.0,39.48,160,Alert,Lethargic or Restless,"Monitor closely, consult vet if persists"
Leo,Maine Coon,Cat,2,17.0,38.21,135,Normal,Active and Happy,Continue regular monitoring
Simba,Sphynx,Cat,5,6.9,39.41,159,Normal,Active and Happy,Continue regular monitoring
Tiger,Persian,Cat,2,4.9,38.27,127,Normal,Active and Happy,Continue regular monitoring
Toby,Persian,Cat,6,5.6,38.4,130,Normal,Active and Happy,Continue regular monitoring
Charlie,Bengal,Cat,15,15.3,39.04,128,Normal,Calm and Relaxed,Continue regular monitoring
Leo,Poodle,Dog,4,21.6,40.43,152,Critical,Very Lethargic or Distressed,Immediate veterinary attention needed
Ruby,Golden Retriever,Dog,7,26.0,38.61,101,Normal,Active and Happy,Continue regular monitoring
Oscar,Labrador Retriever,Dog,7,18.9,40.48,153,Critical,Very Lethargic or Distressed,Immediate veterinary attention needed
Molly,Bulldog,Dog,11,11.6,38.78,103,Normal,Active and Happy,Continue regular monitoring
Milo,Golden Retriever,Dog,12,22.7,38.24,93,Normal,Active and Happy,Continue regular monitoring
Cooper,Maine Coon,Cat,16,30.3,38.51,126,Normal,Calm and Relaxed,Continue regular monitoring
Jack,Labrador Retriever,Dog,11,32.4,38.38,105,Normal,Active and Happy,Continue regular monitoring
Tiger,Beagle,Dog,5,5.6,40.14,220,Critical,Very Lethargic or Distressed,Immediate veterinary attention needed
Simba,Siamese,Cat,8,5.9,37.63,162,Alert,Lethargic or Restless,"Monitor closely, consult vet if persists"
Ruby,Bulldog,Dog,8,19.0,38.75,97,Normal,Active and Happy,Continue regular monitoring
Jack,Poodle,Dog,3,10.3,37.24,171,Critical,Very Lethargic or Distressed,Immediate veterinary attention needed
Daisy,Golden Retriever,Dog,8,20.9,38.66,100,Normal,Active and Happy,Continue regular monitoring
Bella,Maine Coon,Cat,7,24.3,38.06,128,Normal,Active and Happy,Continue regular monitoring
Cooper,Labrador Retriever,Dog,15,36.6,39.33,163,Critical,Very Lethargic or Distressed,Immediate veterinary attention needed
Zoe,Bulldog,Dog,1,15.8,38.96,82,Normal,Active and Happy,Continue regular monitoring
Charlie,Domestic Shorthair,Cat,15,5.2,38.24,113,Normal,Calm and Relaxed,Continue regular monitoring
Leo,Golden Retriever,Dog,8,21.2,40.59,141,Critical,Very Lethargic or Distressed,Immediate veterinary attention needed
Simba,Sphynx,Cat,13,6.5,38.27,153,Alert,Lethargic or Restless,"Monitor closely, consult vet if persists"
Ruby,Maine Coon,Cat,2,36.5,37.1,123,Alert,Lethargic or Restless,"Monitor closely, consult vet if persists"
Molly,Golden Retriever,Dog,9,27.0,38.7,93,Normal,Active and Happy,Continue regular monitoring
Rocky,Labrador Retriever,Dog,9,31.8,39.06,90,Normal,Active and Happy,Continue regular monitoring
Zoe,Bengal,Cat,9,23.0,38.97,150,Normal,Active and Happy,Continue regular monitoring
Milo,Persian,Cat,7,7.7,37.57,174,Alert,Lethargic or Restless,"Monitor closely, consult vet if persists"
Simba,Bengal,Cat,7,12.9,38.88,135,Normal,Active and Happy,Continue regular monitoring
Lucy,Bulldog,Dog,2,8.4,38.95,108,Normal,Active and Happy,Continue regular monitoring
Coco,Maine Coon,Cat,3,17.4,40.64,198,Critical,Very Lethargic or Distressed,Immediate veterinary attention needed
Simba,Labrador Retriever,Dog,11,32.8,38.43,103,Normal,Active and Happy,Continue regular monitoring
Luna,Bulldog,Dog,17,15.2,38.7,97,Normal,Calm and Relaxed,Continue regular monitoring
Leo,Bengal,Cat,1,10.2,38.96,118,Normal,Active and Happy,Continue regular monitoring
Luna,Chihuahua,Dog,11,9.4,39.92,178,Alert,Lethargic or Restless,"Monitor closely, consult vet if persists"
Rocky,Golden Retriever,Dog,6,13.6,39.82,147,Alert,Lethargic or Restless,"Monitor closely, consult vet if persists"
Molly,Golden Retriever,Dog,9,21.7,38.65,87,Normal,Active and Happy,Continue regular monitoring
Coco,Ragdoll,Cat,5,34.4,39.54,174,Alert,Lethargic or Restless,"Monitor closely, consult vet if persists"
Ruby,Bulldog,Dog,14,13.1,40.1,177,Alert,Lethargic or Restless,"Monitor closely, consult vet if persists"
Ruby,Maine Coon,Cat,2,31.0,40.85,153,Critical,Very Lethargic or Distressed,Immediate veterinary attention needed
Ruby,Domestic Shorthair,Cat,9,7.7,38.82,126,Normal,Active and Happy,Continue regular monitoring
Lucy,Sphynx,Cat,10,3.5,39.13,146,Normal,Active and Happy,Continue regular monitoring
Simba,Bengal,Cat,14,13.9,38.88,122,Normal,Calm and Relaxed,Continue regular monitoring
Max,Persian,Cat,15,7.9,38.66,116,Normal,Calm and Relaxed,Continue regular monitoring
Milo,Sphynx,Cat,12,2.2,39.38,135,Normal,Active and Happy,Continue regular monitoring
Cooper,Bengal,Cat,2,8.4,39.69,195,Alert,Lethargic or Restless,"Monitor closely, consult vet if persists"
Luna,Siamese,Cat,13,1.0,39.04,125,Normal,Calm and Relaxed,Continue regular monitoring
Bella,Maine Coon,Cat,11,40.2,38.13,111,Normal,Active and Happy,Continue regular monitoring
Lucy,Chihuahua,Dog,8,2.9,38.82,126,Normal,Active and Happy,Continue regular monitoring
Jack,Siamese,Cat,17,6.2,38.62,136,Normal,Calm and Relaxed,Continue regular monitoring
Buddy,Chihuahua,Dog,3,4.4,38.57,111,Normal,Active and Happy,Continue regular monitoring
Coco,Poodle,Dog,15,17.7,38.79,96,Normal,Calm and Relaxed,Continue regular monitoring
Max,Labrador Retriever,Dog,5,47.2,38.37,81,Normal,Active and Happy,Continue regular monitoring
Simba,Maine Coon,Cat,4,36.3,38.6,123,Normal,Active and Happy,Continue regular monitoring
Bella,Maine Coon,Cat,4,29.1,39.31,159,Alert,Lethargic or Restless,"Monitor closely, consult vet if persists"
Oscar,Chihuahua,Dog,1,5.3,38.81,110,Normal,Active and Happy,Continue regular monitoring
Luna,Poodle,Dog,15,11.7,38.94,104,Normal,Calm and Relaxed,Continue regular monitoring
Simba,Siamese,Cat,7,6.0,37.12,187,Critical,Very Lethargic or Distressed,Immediate veterinary attention needed
Simba,Bulldog,Dog,1,13.9,40.45,157,Alert,Lethargic or Restless,"Monitor closely, consult vet if persists"
Charlie,Golden Retriever,Dog,2,32.0,38.76,90,Normal,Active and Happy,Continue regular monitoring
Lucy,Beagle,Dog,2,7.1,38.73,117,Normal,Active and Happy,Continue regular monitoring
Leo,Sphynx,Cat,4,6.2,38.99,125,Normal,Active and Happy,Continue regular monitoring
Jack,Sphynx,Cat,7,6.0,39.01,146,Normal,Active and Happy,Continue regular monitoring
Jack,Maine Coon,Cat,4,29.3,39.59,151,Alert,Lethargic or Restless,"Monitor closely, consult vet if persists"
Bella,Bulldog,Dog,7,8.7,38.61,95,Normal,Active and Happy,Continue regular monitoring
Daisy,Chihuahua,Dog,17,5.6,38.7,120,Normal,Calm and Relaxed,Continue regular monitoring
Max,Beagle,Dog,11,5.3,41.08,220,Critical,Very Lethargic or Distressed,Immediate veterinary attention needed
Lucy,German Shepherd,Dog,13,21.2,37.6,127,Alert,Lethargic or Restless,"Monitor closely, consult vet if persists"
Charlie,Persian,Cat,8,4.1,38.38,116,Normal,Active and Happy,Continue regular monitoring
Bella,Golden Retriever,Dog,5,31.4,37.39,169,Critical,Very Lethargic or Distressed,Immediate veterinary attention needed
Zoe,Persian,Cat,4,5.7,38.41,148,Normal,Active and Happy,Continue regular monitoring
Buddy,Bulldog,Dog,8,21.6,38.73,76,Normal,Active and Happy,Continue regular monitoring
Milo,Poodle,Dog,5,11.6,39.73,159,Alert,Lethargic or Restless,"Monitor closely, consult vet if persists"
Molly,Bengal,Cat,9,17.8,39.64,179,Alert,Lethargic or Restless,"Monitor closely, consult vet if persists"
Coco,Domestic Shorthair,Cat,2,2.6,38.94,131,Normal,Active and Happy,Continue regular monitoring
Lucy,Persian,Cat,2,3.4,37.51,178,Critical,Very Lethargic or Distressed,Immediate veterinary attention needed
Molly,Sphynx,Cat,6,4.1,40.15,149,Critical,Very Lethargic or Distressed,Immediate veterinary attention needed
Charlie,Labrador Retriever,Dog,11,46.5,38.64,83,Normal,Active and Happy,Continue regular monitoring
Luna,Poodle,Dog,2,13.3,38.74,99,Normal,Active and Happy,Continue regular monitoring
Lucy,Ragdoll,Cat,8,35.9,39.57,136,Alert,Lethargic or Restless,"Monitor closely, consult vet if persists"
Lucy,Chihuahua,Dog,6,5.2,38.87,129,Normal,Active and Happy,Continue regular monitoring
Milo,Ragdoll,Cat,12,40.8,38.75,129,Normal,Active and Happy,Continue regular monitoring
Zoe,Bulldog,Dog,6,9.4,38.73,104,Normal,Active and Happy,Continue regular monitoring
Luna,Siamese,Cat,7,5.3,37.36,189,Critical,Very Lethargic or Distressed,Immediate veterinary attention needed
Ruby,Bengal,Cat,12,18.7,39.08,134,Normal,Active and Happy,Continue regular monitoring
Luna,Persian,Cat,1,4.5,39.96,149,Alert,Lethargic or Restless,"Monitor closely, consult vet if persists"
Ruby,Labrador Retriever,Dog,6,22.4,38.41,89,Normal,Active and Happy,Continue regular monitoring
Simba,Poodle,Dog,3,18.5,37.74,179,Alert,Lethargic or Restless,"Monitor closely, consult vet if persists"
Charlie,Persian,Cat,3,5.9,37.42,146,Alert,Lethargic or Restless,"Monitor closely, consult vet if persists"
Leo,Persian,Cat,7,4.1,40.29,185,Critical,Very Lethargic or Distressed,Immediate veterinary attention needed
Simba,Bulldog,Dog,3,26.4,37.92,154,Alert,Lethargic or Restless,"Monitor closely, consult vet if persists"
Lucy,Beagle,Dog,5,2.9,38.78,101,Normal,Active and Happy,Continue regular monitoring
Oscar,Ragdoll,Cat,14,33.7,38.59,108,Normal,Calm and Relaxed,Continue regular monitoring
Toby,Sphynx,Cat,8,4.3,39.23,130,Normal,Active and Happy,Continue regular monitoring
Luna,Siamese,Cat,1,4.3,38.85,133,Normal,Active and Happy,Continue regular monitoring
Charlie,Bulldog,Dog,6,9.3,38.7,84,Normal,Active and Happy,Continue regular monitoring
Lucy,Domestic Shorthair,Cat,7,3.5,37.58,170,Alert,Lethargic or Restless,"Monitor closely, consult vet if persists"
Daisy,Chihuahua,Dog,3,3.1,39.25,136,Normal,Active and Happy,Continue regular monitoring
Milo,Siamese,Cat,12,5.2,38.5,127,Normal,Active and Happy,Continue regular monitoring
Tiger,Bengal,Cat,9,12.0,38.44,128,Normal,Active and Happy,Continue regular monitoring
Tiger,Sphynx,Cat,9,5.3,39.89,188,Alert,Lethargic or Restless,"Monitor closely, consult vet if persists"
Rocky,Persian,Cat,5,4.2,38.2,114,Normal,Active and Happy,Continue regular monitoring
Lucy,Chihuahua,Dog,16,3.3,39.14,120,Normal,Calm and Relaxed,Continue regular monitoring
Bella,Domestic Shorthair,Cat,6,3.8,38.69,127,Normal,Active and Happy,Continue regular monitoring
Ruby,Beagle,Dog,5,7.0,38.96,121,Normal,Active and Happy,Continue regular monitoring
Molly,Labrador Retriever,Dog,12,46.5,38.44,98,Normal,Active and Happy,Continue regular monitoring
Zoe,Bengal,Cat,3,18.9,39.36,129,Normal,Active and Happy,Continue regular monitoring
Cooper,Maine Coon,Cat,6,19.3,39.94,135,Alert,Lethargic or Restless,"Monitor closely, consult vet if persists"
Molly,Maine Coon,Cat,16,35.2,38.45,119,Normal,Calm and Relaxed,Continue regular monitoring
Jack,Bengal,Cat,3,15.3,37.95,160,Alert,Lethargic or Restless,"Monitor closely, consult vet if persists"
Ruby,Ragdoll,Cat,5,33.1,38.82,118,Normal,Active and Happy,Continue regular monitoring
Max,Golden Retriever,Dog,6,39.2,38.37,75,Normal,Active and Happy,Continue regular monitoring
Charlie,Poodle,Dog,8,15.5,38.3,81,Normal,Active and Happy,Continue regular monitoring
Luna,Sphynx,Cat,1,7.4,37.86,176,Critical,Very Lethargic or Distressed,Immediate veterinary attention needed
Simba,Bengal,Cat,7,10.7,40.89,173,Critical,Very Lethargic or Distressed,Immediate veterinary attention needed
Max,Domestic Shorthair,Cat,7,7.0,38.57,138,Normal,Active and Happy,Continue regular monitoring
Charlie,Bulldog,Dog,9,13.0,38.58,97,Normal,Active and Happy,Continue regular monitoring
Molly,Sphynx,Cat,5,4.3,39.21,133,Normal,Active and Happy,Continue regular monitoring
Cooper,Labrador Retriever,Dog,10,22.2,38.6,83,Normal,Active and Happy,Continue regular monitoring
Daisy,Persian,Cat,10,6.7,39.45,164,Alert,Lethargic or Restless,"Monitor closely, consult vet if persists"
Toby,Chihuahua,Dog,4,4.1,38.88,131,Normal,Active and Happy,Continue regular monitoring
Luna,Bulldog,Dog,3,16.8,38.85,108,Normal,Active and Happy,Continue regular monitoring
Charlie,Sphynx,Cat,5,3.8,37.58,168,Critical,Very Lethargic or Distressed,Immediate veterinary attention needed
Molly,Labrador Retriever,Dog,14,28.9,38.45,79,Normal,Calm and Relaxed,Continue regular monitoring
Max,Sphynx,Cat,11,4.5,39.09,150,Normal,Active and Happy,Continue regular monitoring
Max,Bulldog,Dog,3,13.6,39.1,100,Normal,Active and Happy,Continue regular monitoring
Bella,Chihuahua,Dog,6,7.7,39.04,128,Normal,Active and Happy,Continue regular monitoring
Jack,Bulldog,Dog,1,8.7,38.76,109,Normal,Active and Happy,Continue regular monitoring
Rocky,Sphynx,Cat,9,2.6,39.1,129,Normal,Active and Happy,Continue regular monitoring
Daisy,Golden Retriever,Dog,7,29.0,39.55,131,Alert,Lethargic or Restless,"Monitor closely, consult vet if persists"
Luna,Maine Coon,Cat,7,26.9,38.53,123,Normal,Active and Happy,Continue regular monitoring
Lucy,Ragdoll,Cat,9,37.6,38.45,118,Normal,Active and Happy,Continue regular monitoring
Coco,Labrador Retriever,Dog,1,27.6,38.27,100,Normal,Active and Happy,Continue regular monitoring
Bella,Maine Coon,Cat,11,32.8,38.15,124,Normal,Active and Happy,Continue regular monitoring
Tiger,Poodle,Dog,5,8.4,37.19,190,Critical,Very Lethargic or Distressed,Immediate veterinary attention needed
Luna,Poodle,Dog,13,18.4,37.15,212,Critical,Very Lethargic or Distressed,Immediate veterinary attention needed
